episode,step,t,target_x,target_y,target_z,q1,q2,q3,q4,q5_claw,ee_x,ee_y,ee_z
0,0,0,0.001239863654,-0.3064890104,0.3177311151,4.138159537e-10,-0.001892744564,-0.001874481211,-0.0003637019836,5.014769489e-09,0.2988586426,-1.323821053e-09,0.2381825298
0,1,0.01,0.001239863654,-0.3064890104,0.3177311151,-2.074936901e-06,-0.001936260844,-0.001901281648,-0.0003663242387,6.816609055e-09,0.298864603,-5.612112091e-07,0.2381618619
0,2,0.02,0.001239863654,-0.3064890104,0.3177311151,-1.157574206e-05,-0.001981519861,-0.001918274094,-0.0003607203253,1.287948059e-08,0.2988708019,-3.376374025e-06,0.2381442487
0,3,0.03,0.001239863654,-0.3064890104,0.3177311151,-3.521073086e-05,-0.002032773569,-0.001918955124,-0.0003395472304,2.46867522e-08,0.2988777757,-1.048448212e-05,0.2381312698
0,4,0.04,0.001239863654,-0.3064890104,0.3177311151,-7.97410903e-05,-0.002094269264,-0.001896677422,-0.0002953172952,4.238471618e-08,0.2988862395,-2.371322262e-05,0.2381237298
0,5,0.05,0.001239863654,-0.3064890104,0.3177311151,-0.0001516513003,-0.002170044929,-0.001845137565,-0.000220972026,6.544110676e-08,0.2988967001,-4.521830124e-05,0.2381233424
0,6,0.06,0.001239863654,-0.3064890104,0.3177311151,-0.0002570777724,-0.002263890114,-0.001758519677,-0.0001100562149,9.307883886e-08,0.2989096344,-7.68059399e-05,0.23813124
0,7,0.07,0.001239863654,-0.3064890104,0.3177311151,-0.0004018048639,-0.002379347803,-0.001631516381,4.325843474e-05,1.244845862e-07,0.2989256084,-0.0001200080151,0.2381481528
0,8,0.08,0.001239863654,-0.3064890104,0.3177311151,-0.0005912776105,-0.002519727452,-0.001459306804,0.0002442038676,1.588944372e-07,0.2989450693,-0.0001766609785,0.2381753176
0,9,0.09,0.001239863654,-0.3064890104,0.3177311151,-0.0008306186064,-0.002688118955,-0.001237522461,0.0004974633921,1.956231586e-07,0.2989683151,-0.0002482122509,0.2382135242
0,10,0.1,0.001239863654,-0.3064890104,0.3177311151,-0.001124644885,-0.002887405222,-0.0009622097714,0.0008072220953,2.340692475e-07,0.2989958823,-0.0003363016585,0.2382632196
0,11,0.11,0.001239863654,-0.3064890104,0.3177311151,-0.001477883663,-0.003120276611,-0.0006297940272,0.001177215367,2.737108389e-07,0.2990280092,-0.0004419299657,0.238325119
0,12,0.12,0.001239863654,-0.3064890104,0.3177311151,-0.001894588466,-0.003389240475,-0.0002370467409,0.001610773266,3.140987417e-07,0.2990650237,-0.0005665372591,0.2383997738
0,13,0.13,0.001239863654,-0.3064890104,0.3177311151,-0.002378752921,-0.003696633736,0.0002189453953,0.002110861009,3.548487655e-07,0.2991072834,-0.0007114374312,0.2384871989
0,14,0.14,0.001239863654,-0.3064890104,0.3177311151,-0.002934124321,-0.004044631962,0.0007408081437,0.002680115169,3.956340322e-07,0.2991549075,-0.0008777171024,0.2385883629
0,15,0.15,0.001239863654,-0.3064890104,0.3177311151,-0.003564217361,-0.004435260314,0.001330904895,0.003320876509,4.361777997e-07,0.2992082238,-0.001066464116,0.2387031317
0,16,0.16,0.001239863654,-0.3064890104,0.3177311151,-0.004272325896,-0.00487040123,0.00199135975,0.004035218619,4.762483741e-07,0.2992673516,-0.001278505777,0.2388319671
0,17,0.17,0.001239863654,-0.3064890104,0.3177311151,-0.005061533302,-0.005351802334,0.002724078018,0.00482497504,5.156529141e-07,0.2993324697,-0.001515106414,0.2389748544
0,18,0.18,0.001239863654,-0.3064890104,0.3177311151,-0.005934725516,-0.005881087389,0.003530765185,0.005691762548,5.542322015e-07,0.2994036078,-0.001776895951,0.2391321957
0,19,0.19,0.001239863654,-0.3064890104,0.3177311151,-0.006894598249,-0.006459759083,0.004412944429,0.006637000944,5.918565193e-07,0.2994809747,-0.002064768691,0.2393039316
0,20,0.2,0.001239863654,-0.3064890104,0.3177311151,-0.007943670265,-0.007089209743,0.005371971522,0.007661933545,6.284222991e-07,0.2995646298,-0.002379715443,0.2394901216
0,21,0.21,0.001239863654,-0.3064890104,0.3177311151,-0.009084288031,-0.007770725526,0.0064090495,0.008767643943,6.638476862e-07,0.2996545136,-0.002722223522,0.2396908551
0,22,0.22,0.001239863654,-0.3064890104,0.3177311151,-0.01031863876,-0.008505494334,0.007525241002,0.00995506905,6.980705507e-07,0.2997506857,-0.003093106207,0.2399061322
0,23,0.23,0.001239863654,-0.3064890104,0.3177311151,-0.01164875459,-0.009294608608,0.008721478283,0.01122501493,7.310450769e-07,0.2998531163,-0.003493094351,0.2401360124
0,24,0.24,0.001239863654,-0.3064890104,0.3177311151,-0.01307652239,-0.01013907418,0.009998581372,0.01257816795,7.627394325e-07,0.2999617457,-0.003922673874,0.2403804064
0,25,0.25,0.001239863654,-0.3064890104,0.3177311151,-0.01460369118,-0.01103981212,0.01135725342,0.01401510555,7.931340065e-07,0.3000764251,-0.004382516257,0.2406394333
0,26,0.26,0.001239863654,-0.3064890104,0.3177311151,-0.01623187587,-0.01199766621,0.01279810444,0.01553630829,8.222198176e-07,0.3001971245,-0.004873108584,0.2409130037
0,27,0.27,0.001239863654,-0.3064890104,0.3177311151,-0.01796256937,-0.01301340386,0.01432164852,0.01714216359,8.499959563e-07,0.3003237545,-0.005395182408,0.2412007004
0,28,0.28,0.001239863654,-0.3064890104,0.3177311151,-0.01979714073,-0.01408772357,0.01592831686,0.01883297972,8.764689596e-07,0.3004560173,-0.005948866252,0.2415028661
0,29,0.29,0.001239863654,-0.3064890104,0.3177311151,-0.0217368491,-0.01522125676,0.01761846431,0.02060898766,9.016515605e-07,0.3005938828,-0.006534983404,0.2418190688
0,30,0.3,0.001239863654,-0.3064890104,0.3177311151,-0.02378284186,-0.01641456969,0.01939236745,0.02247034945,9.25560812e-07,0.3007369637,-0.007153671235,0.242149502
0,31,0.31,0.001239863654,-0.3064890104,0.3177311151,-0.0259361621,-0.01766817085,0.02125023864,0.0244171638,9.482180303e-07,0.3008852303,-0.007805524394,0.2424937338
0,32,0.32,0.001239863654,-0.3064890104,0.3177311151,-0.02819775976,-0.01898251288,0.02319222502,0.02644947544,9.696479992e-07,0.3010382056,-0.008490820415,0.2428520024
0,33,0.33,0.001239863654,-0.3064890104,0.3177311151,-0.03056848422,-0.02035799436,0.02521842346,0.02856726758,9.898772078e-07,0.3011957407,-0.009209885262,0.243223846
0,34,0.34,0.001239863654,-0.3064890104,0.3177311151,-0.03304909542,-0.0217949599,0.02732887678,0.03077047877,1.008934419e-06,0.3013574481,-0.009963057004,0.2436093539
0,35,0.35,0.001239863654,-0.3064890104,0.3177311151,-0.03564026952,-0.02329370938,0.02952356823,0.03305900469,1.026849645e-06,0.3015230298,-0.01075077895,0.2440083474
0,36,0.36,0.001239863654,-0.3064890104,0.3177311151,-0.03834260255,-0.02485449426,0.0318024382,0.03543268889,1.043653697e-06,0.3016921282,-0.01157325692,0.2444206178
0,37,0.37,0.001239863654,-0.3064890104,0.3177311151,-0.04115660489,-0.02647752501,0.03416538984,0.03789133951,1.05937761e-06,0.301864326,-0.01243069768,0.2448458076
0,38,0.38,0.001239863654,-0.3064890104,0.3177311151,-0.04408271983,-0.02816296741,0.03661227599,0.04043472931,1.074052648e-06,0.3020392954,-0.01332328934,0.2452840358
0,39,0.39,0.001239863654,-0.3064890104,0.3177311151,-0.04712130874,-0.02991095185,0.03914291784,0.04306260496,1.087709848e-06,0.3022165298,-0.01425141376,0.2457351387
0,40,0.4,0.001239863654,-0.3064890104,0.3177311151,-0.05027266592,-0.03172156215,0.04175709188,0.045774661,1.100380132e-06,0.3023957014,-0.01521491632,0.2461987138
0,41,0.41,0.001239863654,-0.3064890104,0.3177311151,-0.0535370335,-0.03359485418,0.04445455596,0.04857057706,1.1120934e-06,0.3025761843,-0.01621446572,0.2466748804
0,42,0.42,0.001239863654,-0.3064890104,0.3177311151,-0.05691456795,-0.03553085029,0.04723501578,0.05144999549,1.122878643e-06,0.3027575314,-0.01724988967,0.2471631914
0,43,0.43,0.001239863654,-0.3064890104,0.3177311151,-0.06040538102,-0.03752953187,0.05009815842,0.05441253632,1.132764282e-06,0.3029393554,-0.01832151972,0.2476634681
0,44,0.44,0.001239863654,-0.3064890104,0.3177311151,-0.06400951743,-0.0395908542,0.05304364115,0.05745778605,1.14177783e-06,0.3031210005,-0.01942915097,0.2481756955
0,45,0.45,0.001239863654,-0.3064890104,0.3177311151,-0.06772696227,-0.04171474651,0.05607108772,0.06058532745,1.149945433e-06,0.3033019602,-0.02057313174,0.2486996651
0,46,0.46,0.001239863654,-0.3064890104,0.3177311151,-0.07157091796,-0.04390110075,0.05918010324,0.06379468739,1.167273695e-06,0.3034814298,-0.02175761759,0.2492350638
0,47,0.47,0.001239863654,-0.3064890104,0.3177311151,-0.07557291538,-0.04614979029,0.06237026677,0.06708540767,1.211050972e-06,0.3036580086,-0.02299214341,0.2497815639
0,48,0.48,0.001239863654,-0.3064890104,0.3177311151,-0.07975433767,-0.04846066236,0.06564112753,0.07045697421,1.275307682e-06,0.3038303554,-0.02428324893,0.2503392994
0,49,0.49,0.001239863654,-0.3064890104,0.3177311151,-0.08411873877,-0.05083353445,0.06899221987,0.073908858,1.34476943e-06,0.3039975166,-0.0256322287,0.2509078979
0,50,0.5,0.001239863654,-0.3064890104,0.3177311151,-0.08866278082,-0.05326820537,0.07242304832,0.07744054496,1.409170409e-06,0.3041586876,-0.02703836747,0.2514870167
0,51,0.51,0.001239863654,-0.3064890104,0.3177311151,-0.09338068962,-0.055764433,0.07593309134,0.08105145395,1.463644367e-06,0.3043130338,-0.02849970199,0.252076596
0,52,0.52,0.001239863654,-0.3064890104,0.3177311151,-0.09826606512,-0.05832196027,0.07952181995,0.08474102616,1.506737476e-06,0.3044597507,-0.03001460247,0.2526763976
0,53,0.53,0.001239863654,-0.3064890104,0.3177311151,-0.1033126265,-0.06094051898,0.08318869025,0.08850866556,1.538755782e-06,0.3045980334,-0.03158118576,0.2532861531
0,54,0.54,0.001239863654,-0.3064890104,0.3177311151,-0.108514443,-0.06361980736,0.08693311363,0.09235373884,1.56076851e-06,0.3047271967,-0.03319763392,0.2539055943
0,55,0.55,0.001239863654,-0.3064890104,0.3177311151,-0.1138660088,-0.06635951251,0.09075450897,0.09627562761,1.574091243e-06,0.3048463464,-0.0348623842,0.2545346916
0,56,0.56,0.001239863654,-0.3064890104,0.3177311151,-0.1193622649,-0.06915928423,0.09465226531,0.1002736911,1.58003445e-06,0.304954648,-0.03657384962,0.2551731765
0,57,0.57,0.001239863654,-0.3064890104,0.3177311151,-0.124998562,-0.07201876491,0.0986257568,0.1043472737,1.579803325e-06,0.3050513864,-0.03833077103,0.2558206916
0,58,0.58,0.001239863654,-0.3064890104,0.3177311151,-0.1307705939,-0.07493758947,0.1026743427,0.1084956899,1.574460498e-06,0.3051357269,-0.04013166949,0.2564769089
0,59,0.59,0.001239863654,-0.3064890104,0.3177311151,-0.1366744041,-0.07791535556,0.1067973599,0.1127182543,1.564924105e-06,0.3052068055,-0.04197550938,0.2571417987
0,60,0.6,0.001239863654,-0.3064890104,0.3177311151,-0.1427063048,-0.08095165342,0.1109941378,0.1170142591,1.551976993e-06,0.3052639067,-0.04386119917,0.2578149438
0,61,0.61,0.001239863654,-0.3064890104,0.3177311151,-0.1488629133,-0.08404605836,0.1152639762,0.121382989,1.536280934e-06,0.3053060472,-0.0457874015,0.2584964037
0,62,0.62,0.001239863654,-0.3064890104,0.3177311151,-0.1551410407,-0.08719813824,0.119606182,0.1258237064,1.518391628e-06,0.3053326011,-0.04775328934,0.2591853738
0,63,0.63,0.001239863654,-0.3064890104,0.3177311151,-0.1615377367,-0.09040742368,0.1240200251,0.1303356588,1.498772349e-06,0.305342555,-0.04975792766,0.2598821223
0,64,0.64,0.001239863654,-0.3064890104,0.3177311151,-0.168050155,-0.09367343783,0.1285047829,0.1349180639,1.477808041e-06,0.3053351939,-0.05180012435,0.2605861723
0,65,0.65,0.001239863654,-0.3064890104,0.3177311151,-0.174675703,-0.09699570388,0.1330596954,0.1395701766,1.455816118e-06,0.3053095639,-0.05387927219,0.2612972856
0,66,0.66,0.001239863654,-0.3064890104,0.3177311151,-0.1814119071,-0.1003737003,0.1376839876,0.1442912072,1.4330559e-06,0.3052650094,-0.055994194,0.2620152831
0,67,0.67,0.001239863654,-0.3064890104,0.3177311151,-0.1882563978,-0.1038069203,0.1423769146,0.149080351,1.409736683e-06,0.305200547,-0.05814431235,0.2627398372
0,68,0.68,0.001239863654,-0.3064890104,0.3177311151,-0.1952069253,-0.1072948352,0.1471376717,0.1539368033,1.386026952e-06,0.3051154315,-0.0603287667,0.2634707093
0,69,0.69,0.001239863654,-0.3064890104,0.3177311151,-0.2022613287,-0.1108369008,0.1519654542,0.1588597149,1.362059152e-06,0.3050087392,-0.06254665554,0.2642075419
0,70,0.7,0.001239863654,-0.3064890104,0.3177311151,-0.209417522,-0.1144325659,0.1568594277,0.1638482809,1.337938443e-06,0.3048797846,-0.0647970885,0.2649502158
0,71,0.71,0.001239863654,-0.3064890104,0.3177311151,-0.2166735232,-0.1180812567,0.1618187875,0.1689016223,1.313743383e-06,0.3047276139,-0.06707930565,0.2656983435
0,72,0.72,0.001239863654,-0.3064890104,0.3177311151,-0.2240273952,-0.1217823997,0.1668426841,0.1740188897,1.289533316e-06,0.3045515716,-0.06939253956,0.2664515972
0,73,0.73,0.001239863654,-0.3064890104,0.3177311151,-0.2314772904,-0.1255353838,0.1719302833,0.1791992188,1.265347237e-06,0.304350704,-0.07173600793,0.2672097981
0,74,0.74,0.001239863654,-0.3064890104,0.3177311151,-0.2390213758,-0.1293396205,0.1770807207,0.1844417155,1.24121118e-06,0.3041242659,-0.07410885394,0.2679725587
0,75,0.75,0.001239863654,-0.3064890104,0.3177311151,-0.2466578633,-0.1331944764,0.1822931021,0.1897454709,1.217140266e-06,0.303871572,-0.07651018351,0.2687397599
0,76,0.76,0.001239863654,-0.3064890104,0.3177311151,-0.2543849647,-0.1370993406,0.1875665486,0.1951096058,1.193138701e-06,0.3035916984,-0.0789392814,0.269511044
0,77,0.77,0.001239863654,-0.3064890104,0.3177311151,-0.262201041,-0.1410535574,0.1929001659,0.2005331814,1.169204552e-06,0.3032839298,-0.08139527589,0.2702861428
0,78,0.78,0.001239863654,-0.3064890104,0.3177311151,-0.2701043785,-0.1450564861,0.1982930452,0.2060153037,1.145328156e-06,0.3029476404,-0.0838772282,0.2710646391
0,79,0.79,0.001239863654,-0.3064890104,0.3177311151,-0.2780932784,-0.149107486,0.2037442774,0.2115550041,1.12149587e-06,0.3025818467,-0.08638436347,0.2718464732
0,80,0.8,0.001239863654,-0.3064890104,0.3177311151,-0.2861661613,-0.1532058865,0.2092529386,0.2171513587,1.097690415e-06,0.3021860123,-0.08891584724,0.2726311684
0,81,0.81,0.001239863654,-0.3064890104,0.3177311151,-0.2943213582,-0.1573509723,0.2148180604,0.2228034139,1.073890644e-06,0.3017593622,-0.09147081524,0.2734184563
0,82,0.82,0.001239863654,-0.3064890104,0.3177311151,-0.30255723,-0.1615420878,0.2204387039,0.2285101712,1.050074161e-06,0.3013011813,-0.09404825419,0.2742080986
0,83,0.83,0.001239863654,-0.3064890104,0.3177311151,-0.3108721673,-0.1657785177,0.2261139303,0.2342706621,1.026219593e-06,0.3008107841,-0.09664730728,0.2749998569
0,84,0.84,0.001239863654,-0.3064890104,0.3177311151,-0.3192646205,-0.1700595766,0.2318427414,0.2400839329,1.002303975e-06,0.3002876341,-0.09926704317,0.2757932842
0,85,0.85,0.001239863654,-0.3064890104,0.3177311151,-0.3277329206,-0.1743845344,0.2376241684,0.2459489703,9.783004771e-07,0.2997308969,-0.1019065231,0.2765882909
0,86,0.86,0.001239863654,-0.3064890104,0.3177311151,-0.3362755179,-0.1787526757,0.2434572279,0.2518647611,9.541872714e-07,0.2991400063,-0.1045649424,0.2773844302
0,87,0.87,0.001239863654,-0.3064890104,0.3177311151,-0.3448908627,-0.1831632555,0.2493409216,0.2578303218,9.299394037e-07,0.2985145152,-0.1072410047,0.2781814337
0,88,0.88,0.001239863654,-0.3064890104,0.3177311151,-0.3535773158,-0.1876155287,0.255274266,0.2638446093,9.055320902e-07,0.2978536785,-0.1099340171,0.278979063
0,89,0.89,0.001239863654,-0.3064890104,0.3177311151,-0.3623332679,-0.1921087652,0.2612561882,0.2699065804,8.809445831e-07,0.2971571088,-0.1126429141,0.2797768116
0,90,0.9,0.001239863654,-0.3064890104,0.3177311151,-0.3711571991,-0.1966422051,0.2672857344,0.2760152221,8.561561913e-07,0.2964240611,-0.1153666824,0.2805745304
0,91,0.91,0.001239863654,-0.3064890104,0.3177311151,-0.3800474405,-0.2012150586,0.2733618319,0.2821694613,8.311458828e-07,0.2956542373,-0.1181041226,0.2813719213
0,92,0.92,0.001239863654,-0.3064890104,0.3177311151,-0.3890024424,-0.2058265507,0.2794834375,0.2883682549,8.058963203e-07,0.2948470414,-0.1208545938,0.2821686864
0,93,0.93,0.001239863654,-0.3064890104,0.3177311151,-0.3980205953,-0.2104759365,0.285649538,0.2946105897,7.803862445e-07,0.2940020263,-0.1236166358,0.2829645872
0,94,0.94,0.001239863654,-0.3064890104,0.3177311151,-0.4071002901,-0.2151624113,0.2918590307,0.3008953333,7.546032066e-07,0.2931188941,-0.1263892651,0.2837592959
0,95,0.95,0.001239863654,-0.3064890104,0.3177311151,-0.4162398875,-0.2198851705,0.2981109023,0.3072214425,7.285298693e-07,0.2921970785,-0.1291716248,0.2845524251
0,96,0.96,0.001239863654,-0.3064890104,0.3177311151,-0.4254378378,-0.2246434093,0.3044040501,0.3135878444,7.021540114e-07,0.2912363708,-0.1319622993,0.2853438854
0,97,0.97,0.001239863654,-0.3064890104,0.3177311151,-0.4346925318,-0.2294363379,0.3107374012,0.3199934065,6.754626725e-07,0.2902364135,-0.1347603053,0.2861331403
0,98,0.98,0.001239863654,-0.3064890104,0.3177311151,-0.4440023005,-0.234263137,0.317109853,0.3264370561,6.484413007e-07,0.2891967297,-0.1375647932,0.2869201005
0,99,0.99,0.001239863654,-0.3064890104,0.3177311151,-0.4533655345,-0.2391229719,0.3235203624,0.3329177201,6.210816537e-07,0.2881172895,-0.1403744072,0.2877041698
0,100,1,0.001239863654,-0.3064890104,0.3177311151,-0.4627806246,-0.2440150529,0.3299678266,0.3394342363,5.93376285e-07,0.2869977951,-0.1431880146,0.2884852886
0,101,1.01,0.001239863654,-0.3064890104,0.3177311151,-0.472245872,-0.2489385009,0.3364511132,0.345985502,5.653157586e-07,0.2858379781,-0.1460042894,0.2892633677
0,102,1.02,0.001239863654,-0.3064890104,0.3177311151,-0.4817596674,-0.2538925111,0.3429691494,0.3525704145,5.368933103e-07,0.28463763,-0.1488225162,0.2900379598
0,103,1.03,0.001239863654,-0.3064890104,0.3177311151,-0.4913204014,-0.2588762045,0.3495208025,0.3591878116,5.081066092e-07,0.2833967507,-0.1516413689,0.2908084393
0,104,1.04,0.001239863654,-0.3064890104,0.3177311151,-0.5009263754,-0.2638887763,0.3561049104,0.3658366203,4.78948607e-07,0.282115072,-0.1544595957,0.291575104
0,105,1.05,0.001239863654,-0.3064890104,0.3177311151,-0.5105758905,-0.2689293325,0.3627204001,0.3725156486,4.494163193e-07,0.2807926834,-0.1572761387,0.2923372686
0,106,1.06,0.001239863654,-0.3064890104,0.3177311151,-0.5202673078,-0.2739970088,0.3693661392,0.3792237639,4.195101155e-07,0.2794295549,-0.1600897312,0.2930948138
0,107,1.07,0.001239863654,-0.3064890104,0.3177311151,-0.5299990773,-0.2790909708,0.3760409355,0.3859598339,3.892272673e-07,0.2780255377,-0.1628994048,0.2938474715
0,108,1.08,0.001239863654,-0.3064890104,0.3177311151,-0.5397693515,-0.2842110991,0.3827437162,0.3927226663,3.585689683e-07,0.2765807807,-0.1657039523,0.2945949137
0,109,1.09,0.001239863654,-0.3064890104,0.3177311151,-0.5495765209,-0.2893589735,0.3894733489,0.3995111585,3.275503104e-07,0.2750959694,-0.1685025245,0.29533571
0,110,1.1,0.001239863654,-0.3064890104,0.3177311151,-0.5594188571,-0.2945352793,0.3962287009,0.4063241482,2.961953101e-07,0.2735714018,-0.1712940633,0.2960692942
0,111,1.11,0.001239863654,-0.3064890104,0.3177311151,-0.5692946911,-0.2997406125,0.40300861,0.4131604731,2.645257382e-07,0.2720074654,-0.1740775704,0.2967949808
0,112,1.12,0.001239863654,-0.3064890104,0.3177311151,-0.5792022943,-0.3049747348,0.409811914,0.4200189114,2.325600263e-07,0.2704044282,-0.1768521667,0.297512114
0,113,1.13,0.001239863654,-0.3064890104,0.3177311151,-0.5891399384,-0.3102370501,0.4166374207,0.4268983603,2.003095858e-07,0.2687624395,-0.1796166748,0.2982206047
0,114,1.14,0.001239863654,-0.3064890104,0.3177311151,-0.5991059542,-0.3155273497,0.423483938,0.4337975383,1.677873911e-07,0.2670820355,-0.1823702008,0.2989197671
0,115,1.15,0.001239863654,-0.3064890104,0.3177311151,-0.6090986729,-0.320844233,0.4303501844,0.440715313,1.349968954e-07,0.265363127,-0.1851115376,0.2996097207
0,116,1.16,0.001239863654,-0.3064890104,0.3177311151,-0.6191163659,-0.3261858523,0.4372350276,0.4476504922,1.019309721e-07,0.2636063695,-0.1878394336,0.3002902567
0,117,1.17,0.001239863654,-0.3064890104,0.3177311151,-0.6291572452,-0.3315501809,0.4441372752,0.4546018839,6.85798156e-08,0.2618114054,-0.1905528307,0.3009617925
0,118,1.18,0.001239863654,-0.3064890104,0.3177311151,-0.6392196417,-0.3369353414,0.4510557055,0.461568296,3.493313727e-08,0.2599788308,-0.1932504624,0.3016241789
0,119,1.19,0.001239863654,-0.3064890104,0.3177311151,-0.649301827,-0.3423393965,0.457989186,0.4685485065,9.811753632e-10,0.2581087649,-0.1959311962,0.3022776246
0,120,1.2,0.001239863654,-0.3064890104,0.3177311151,-0.6594020724,-0.3477605283,0.4649364948,0.4755413532,3.32514567e-08,0.2562015653,-0.1985939294,0.3029220998
0,121,1.21,0.001239863654,-0.3064890104,0.3177311151,-0.66951859,-0.353197068,0.4718964994,0.4825456142,6.777473516e-08,0.2542575896,-0.2012372613,0.3035579622
0,122,1.22,0.001239863654,-0.3064890104,0.3177311151,-0.6796497107,-0.3586473465,0.4788679779,0.4895600975,1.025955711e-07,0.2522771358,-0.2038604468,0.304185003
0,123,1.23,0.001239863654,-0.3064890104,0.3177311151,-0.6897936463,-0.3641097844,0.4858497977,0.4965836406,1.377160999e-07,0.2502608001,-0.2064622939,0.3048032522
0,124,1.24,0.001239863654,-0.3064890104,0.3177311151,-0.6999487281,-0.3695828617,0.4928407073,0.5036150217,1.730990391e-07,0.2482089102,-0.2090416998,0.3054128289
0,125,1.25,0.001239863654,-0.3064890104,0.3177311151,-0.7101131678,-0.3750651181,0.4998395741,0.510653019,2.087417386e-07,0.2461222708,-0.2115975022,0.3060137033
0,126,1.26,0.001239863654,-0.3064890104,0.3177311151,-0.7202852368,-0.3805551827,0.5068451762,0.5176964998,2.446563485e-07,0.2440014035,-0.2141287327,0.3066057563
0,127,1.27,0.001239863654,-0.3064890104,0.3177311151,-0.7304631472,-0.3860517144,0.5138562322,0.524744153,2.808430679e-07,0.2418469191,-0.2166346312,0.3071887493
0,128,1.28,0.001239863654,-0.3064890104,0.3177311151,-0.7406451702,-0.3915534019,0.5208716393,0.5317948461,3.172954166e-07,0.2396593094,-0.2191140354,0.3077630997
0,129,1.29,0.001239863654,-0.3064890104,0.3177311151,-0.7508295774,-0.3970589638,0.5278902054,0.5388473272,3.54004527e-07,0.2374394834,-0.2215659171,0.3083285987
0,130,1.3,0.001239863654,-0.3064890104,0.3177311151,-0.7610146999,-0.402567178,0.5349107385,0.5459004045,3.909581494e-07,0.2351881862,-0.2239895016,0.3088851273
0,131,1.31,0.001239863654,-0.3064890104,0.3177311151,-0.7711986899,-0.4080768526,0.5419319868,0.5529529452,4.281466772e-07,0.2329061478,-0.2263838053,0.3094326854
0,132,1.32,0.001239863654,-0.3064890104,0.3177311151,-0.7813797593,-0.4135867655,0.5489527583,0.5600035787,4.655540238e-07,0.230594039,-0.2287481874,0.3099712133
0,133,1.33,0.001239863654,-0.3064890104,0.3177311151,-0.7915562987,-0.4190957844,0.5559718609,0.5670512319,5.031644719e-07,0.2282528579,-0.2310815454,0.3105006814
0,134,1.34,0.001239863654,-0.3064890104,0.3177311151,-0.8017264605,-0.4246028066,0.5629881024,0.5740947127,5.409650612e-07,0.2258835286,-0.2333833277,0.3110207617
0,135,1.35,0.001239863654,-0.3064890104,0.3177311151,-0.8118885756,-0.4301066697,0.5700002909,0.5811326504,5.789415241e-07,0.2234869748,-0.2356524467,0.3115317523
0,136,1.36,0.001239863654,-0.3064890104,0.3177311151,-0.8220407963,-0.4356063306,0.5770071149,0.5881639123,6.170019446e-07,0.2210639417,-0.2378885746,0.312033385
0,137,1.37,0.001239863654,-0.3064890104,0.3177311151,-0.8321814537,-0.4411007464,0.5840075612,0.595187366,6.551614433e-07,0.2186154276,-0.2400908023,0.3125257194
0,138,1.38,0.001239863654,-0.3064890104,0.3177311151,-0.8423088789,-0.4465888143,0.5910003185,0.6022017598,6.934313888e-07,0.2161424011,-0.2422585636,0.3130086064
0,139,1.39,0.001239863654,-0.3064890104,0.3177311151,-0.8524212241,-0.4520694911,0.5979841948,0.6092059612,7.318111557e-07,0.2136459351,-0.2443910539,0.3134821355
0,140,1.4,0.001239863654,-0.3064890104,0.3177311151,-0.8625168204,-0.4575417638,0.6049579978,0.6161986589,7.702865901e-07,0.2111270726,-0.2464877963,0.3139460385
0,141,1.41,0.001239863654,-0.3064890104,0.3177311151,-0.8725938797,-0.4630045593,0.6119205356,0.6231787205,8.088396157e-07,0.208586812,-0.2485481799,0.3144004047
0,142,1.42,0.001239863654,-0.3064890104,0.3177311151,-0.8826506734,-0.4684568942,0.618870616,0.6301449537,8.474568176e-07,0.2060259879,-0.2505717874,0.3148453236
0,143,1.43,0.001239863654,-0.3064890104,0.3177311151,-0.8926855326,-0.4738977849,0.6258071065,0.6370961666,8.861138667e-07,0.2034458965,-0.2525579929,0.3152806759
0,144,1.44,0.001239863654,-0.3064890104,0.3177311151,-0.9026967287,-0.4793262184,0.6327287555,0.6440311074,9.247992239e-07,0.2008477896,-0.2545064092,0.3157062232
0,145,1.45,0.001239863654,-0.3064890104,0.3177311151,-0.9126825333,-0.4847412407,0.6396343112,0.6509486437,9.634972002e-07,0.1982325315,-0.256416589,0.3161221147
0,146,1.46,0.001239863654,-0.3064890104,0.3177311151,-0.9226412177,-0.4901418686,0.6465227604,0.6578475237,1.00218665e-06,0.1956011206,-0.2582883239,0.3165282905
0,147,1.47,0.001239863654,-0.3064890104,0.3177311151,-0.9325711131,-0.4955271184,0.6533927917,0.6647266746,1.040854386e-06,0.1929549575,-0.2601210177,0.316924721
0,148,1.48,0.001239863654,-0.3064890104,0.3177311151,-0.9424704313,-0.5008960366,0.6602433324,0.671584785,1.079480739e-06,0.1902950257,-0.2619145513,0.3173114061
0,149,1.49,0.001239863654,-0.3064890104,0.3177311151,-0.9523375034,-0.5062476397,0.667073071,0.6784208417,1.118042405e-06,0.187622577,-0.2636685073,0.3176883459
0,150,1.5,0.001239863654,-0.3064890104,0.3177311151,-0.9621707201,-0.5115810633,0.6738809347,0.685233593,1.156526764e-06,0.184938699,-0.2653826177,0.3180556893
0,151,1.51,0.001239863654,-0.3064890104,0.3177311151,-0.9719684124,-0.5168952942,0.6806657314,0.6920218468,1.194924266e-06,0.1822444052,-0.2670568824,0.318413198
0,152,1.52,0.001239863654,-0.3064890104,0.3177311151,-0.9817287922,-0.5221893787,0.6874262691,0.698784411,1.233217745e-06,0.1795409322,-0.2686911225,0.3187610805
0,153,1.53,0.001239863654,-0.3064890104,0.3177311151,-0.9914501905,-0.5274624228,0.6941614151,0.7055202127,1.271391625e-06,0.1768296212,-0.2702848911,0.3190993071
0,154,1.54,0.001239863654,-0.3064890104,0.3177311151,-1.001130939,-0.5327136517,0.7008700371,0.7122280598,1.309420441e-06,0.1741116494,-0.2718384862,0.3194276094
0,155,1.55,0.001239863654,-0.3064890104,0.3177311151,-1.010769367,-0.5379427075,0.7075510025,0.7189068198,1.347278157e-06,0.1713881493,-0.2733517289,0.3197460473
0,156,1.56,0.001239863654,-0.3064890104,0.3177311151,-1.020364046,-0.5431497693,0.7142031193,0.7255553603,1.384931124e-06,0.1686602682,-0.2748249769,0.3200543821
0,157,1.57,0.001239863654,-0.3064890104,0.3177311151,-1.029913187,-0.5483344197,0.7208253741,0.7321724892,1.42237252e-06,0.1659292281,-0.2762583196,0.3203524947
0,158,1.58,0.001239863654,-0.3064890104,0.3177311151,-1.039415121,-0.5534968376,0.7274165154,0.7387570739,1.459566761e-06,0.1631964594,-0.2776519954,0.3206398487
0,159,1.59,0.001239863654,-0.3064890104,0.3177311151,-1.04886806,-0.5586370826,0.7339754105,0.7453080416,1.496488608e-06,0.1604632884,-0.2790058851,0.3209166825
0,160,1.6,0.001239863654,-0.3064890104,0.3177311151,-1.058270574,-0.5637556911,0.7405010462,0.7518242598,1.533104182e-06,0.1577308774,-0.2803209722,0.3211820722
0,161,1.61,0.001239863654,-0.3064890104,0.3177311151,-1.067621112,-0.5688533187,0.74699229,0.7583045363,1.569381766e-06,0.1550003886,-0.2815973461,0.3214360178
0,162,1.62,0.001239863654,-0.3064890104,0.3177311151,-1.076918006,-0.5739302039,0.7534479499,0.764747858,1.605308853e-06,0.1522732228,-0.2828357816,0.3216777742
0,163,1.63,0.001239863654,-0.3064890104,0.3177311151,-1.086159706,-0.5789855719,0.7598668933,0.7711530924,1.640883625e-06,0.1495503932,-0.2840362489,0.3219077289
0,164,1.64,0.001239863654,-0.3064890104,0.3177311151,-1.095344305,-0.5840184689,0.7662479281,0.7775191665,1.676104375e-06,0.1468330771,-0.2851990759,0.3221258223
0,165,1.65,0.001239863654,-0.3064890104,0.3177311151,-1.104470611,-0.5890277624,0.7725900412,0.7838448882,1.710968036e-06,0.1441221684,-0.2863246202,0.3223322928
0,166,1.66,0.001239863654,-0.3064890104,0.3177311151,-1.113536835,-0.5940124989,0.7788922191,0.7901291847,1.74547597e-06,0.14141877,-0.2874129713,0.3225273788
0,167,1.67,0.001239863654,-0.3064890104,0.3177311151,-1.122541547,-0.5989715457,0.7851532698,0.7963710427,1.779622153e-06,0.1387239099,-0.2884644866,0.3227113783
0,168,1.68,0.001239863654,-0.3064890104,0.3177311151,-1.131483197,-0.6039039493,0.79137218,0.8025693297,1.813404083e-06,0.1360386014,-0.2894797623,0.3228839934
0,169,1.69,0.001239863654,-0.3064890104,0.3177311151,-1.140360117,-0.6088086367,0.7975477576,0.8087230921,1.846823579e-06,0.1333638579,-0.290458858,0.3230458498
0,170,1.7,0.001239863654,-0.3064890104,0.3177311151,-1.149170995,-0.6136845946,0.8036791086,0.8148310781,1.879872116e-06,0.1307008713,-0.2914022505,0.3231968582
0,171,1.71,0.001239863654,-0.3064890104,0.3177311151,-1.157914162,-0.6185308099,0.8097651005,0.8208923936,1.912547305e-06,0.128050223,-0.2923104465,0.3233373165
0,172,1.72,0.001239863654,-0.3064890104,0.3177311151,-1.166588306,-0.6233463883,0.8158046603,0.8269059658,1.9448496e-06,0.1254131347,-0.2931838632,0.323467344
0,173,1.73,0.001239863654,-0.3064890104,0.3177311151,-1.17519176,-0.6281303167,0.8217968345,0.832870841,1.976775138e-06,0.1227903515,-0.2940228581,0.3235873878
0,174,1.74,0.001239863654,-0.3064890104,0.3177311151,-1.183723211,-0.632881701,0.82774055,0.8387858868,2.008314141e-06,0.1201830432,-0.2948281765,0.3236971498
0,175,1.75,0.001239863654,-0.3064890104,0.3177311151,-1.19218111,-0.6375995278,0.8336347938,0.8446501493,2.039469791e-06,0.1175920442,-0.2956000268,0.3237972856
0,176,1.76,0.001239863654,-0.3064890104,0.3177311151,-1.200563908,-0.6422830224,0.8394786119,0.8504625559,2.070232995e-06,0.1150183752,-0.2963391244,0.3238876462
0,177,1.77,0.001239863654,-0.3064890104,0.3177311151,-1.208870292,-0.6469311118,0.8452709317,0.8562222123,2.100592155e-06,0.1124626845,-0.2970459759,0.3239686191
0,178,1.78,0.001239863654,-0.3064890104,0.3177311151,-1.217098713,-0.6515430212,0.851010859,0.8619280457,2.130544317e-06,0.1099260673,-0.2977211773,0.3240403533
0,179,1.79,0.001239863654,-0.3064890104,0.3177311151,-1.22524786,-0.6561178565,0.8566972613,0.8675791025,2.160083113e-06,0.1074091122,-0.2983652651,0.3241031468
0,180,1.8,0.001239863654,-0.3064890104,0.3177311151,-1.233316422,-0.660654664,0.8623292446,0.8731744289,2.189204451e-06,0.1049128994,-0.2989788651,0.3241569996
0,181,1.81,0.001239863654,-0.3064890104,0.3177311151,-1.241302848,-0.6651526093,0.8679059148,0.8787130713,2.217908786e-06,0.1024381444,-0.2995626628,0.3242021799
0,182,1.82,0.001239863654,-0.3064890104,0.3177311151,-1.249205947,-0.6696109772,0.873426199,0.8841940761,2.246191571e-06,0.09998577088,-0.3001171649,0.3242389858
0,183,1.83,0.001239863654,-0.3064890104,0.3177311151,-1.257024169,-0.6740288138,0.8788892031,0.8896164298,2.274050985e-06,0.09755644202,-0.3006432056,0.3242674768
0,184,1.84,0.001239863654,-0.3064890104,0.3177311151,-1.264756322,-0.6784052849,0.8842939734,0.8949792981,2.301481345e-06,0.09515082836,-0.3011414111,0.3242879808
0,185,1.85,0.001239863654,-0.3064890104,0.3177311151,-1.272400975,-0.6827397346,0.8896396756,0.9002818465,2.328476739e-06,0.0927696377,-0.3016122878,0.324300766
0,186,1.86,0.001239863654,-0.3064890104,0.3177311151,-1.279956818,-0.6870312691,0.8949252963,0.9055229425,2.355032393e-06,0.09041395783,-0.3020567894,0.3243056834
0,187,1.87,0.001239863654,-0.3064890104,0.3177311151,-1.287422657,-0.6912791133,0.9001499414,0.9107018113,2.381151944e-06,0.08808398247,-0.3024754524,0.3243032992
0,188,1.88,0.001239863654,-0.3064890104,0.3177311151,-1.294797182,-0.6954824924,0.905312717,0.9158174396,2.406831982e-06,0.08578086644,-0.3028691113,0.3242935836
0,189,1.89,0.001239863654,-0.3064890104,0.3177311151,-1.302078962,-0.6996406913,0.9104127288,0.9208691716,2.432068641e-06,0.08350521326,-0.3032382131,0.3242769837
0,190,1.9,0.001239863654,-0.3064890104,0.3177311151,-1.309266925,-0.7037527561,0.9154490829,0.9258559942,2.456853281e-06,0.08125722408,-0.3035836816,0.3242536485
0,191,1.91,0.001239863654,-0.3064890104,0.3177311151,-1.316359878,-0.7078182101,0.9204210043,0.9307770729,2.481189995e-06,0.07903797925,-0.3039061725,0.324223727
0,192,1.92,0.001239863654,-0.3064890104,0.3177311151,-1.323356509,-0.7118361592,0.925327599,0.9356315732,2.505078555e-06,0.07684767991,-0.3042065203,0.324187547
0,193,1.93,0.001239863654,-0.3064890104,0.3177311151,-1.330255747,-0.7158058882,0.930167973,0.9404187202,2.528522373e-06,0.07468719035,-0.3044854403,0.3241451681
0,194,1.94,0.001239863654,-0.3064890104,0.3177311151,-1.337056279,-0.7197266817,0.9349412918,0.94513762,2.551523494e-06,0.07255697995,-0.3047436476,0.3240969181
0,195,1.95,0.001239863654,-0.3064890104,0.3177311151,-1.343756914,-0.7235979438,0.9396467805,0.9497874975,2.574083737e-06,0.07045771927,-0.3049818873,0.3240428269
0,196,1.96,0.001239863654,-0.3064890104,0.3177311151,-1.35035646,-0.7274188399,0.9442837238,0.9543675184,2.59619037e-06,0.06838984787,-0.3052008748,0.3239834011
0,197,1.97,0.001239863654,-0.3064890104,0.3177311151,-1.356854081,-0.7311887741,0.9488512278,0.9588769674,2.617846121e-06,0.06635385752,-0.305401504,0.3239185214
0,198,1.98,0.001239863654,-0.3064890104,0.3177311151,-1.363248348,-0.7349070311,0.9533485174,0.9633150101,2.639057357e-06,0.06435008347,-0.3055843115,0.3238486648
0,199,1.99,0.001239863654,-0.3064890104,0.3177311151,-1.369538307,-0.7385730147,0.9577748775,0.9676809311,2.659824759e-06,0.06237926334,-0.3057501912,0.3237739205
0,200,2,0.001239863654,-0.3064890104,0.3177311151,-1.375722885,-0.7421860695,0.9621294737,0.971973896,2.680148782e-06,0.0604416579,-0.3058998585,0.3236945271
0,201,2.01,0.001239863654,-0.3064890104,0.3177311151,-1.381801009,-0.7457455397,0.966411531,0.9761932492,2.700030791e-06,0.05853772908,-0.3060341775,0.3236106634
0,202,2.02,0.001239863654,-0.3064890104,0.3177311151,-1.387771487,-0.7492508292,0.9706203938,0.9803382754,2.719471695e-06,0.05666778237,-0.3061535656,0.323522687
0,203,2.03,0.001239863654,-0.3064890104,0.3177311151,-1.393633604,-0.7527012229,0.9747553468,0.9844082594,2.738472404e-06,0.05483253673,-0.3062589467,0.323430717
0,204,2.04,0.001239863654,-0.3064890104,0.3177311151,-1.399386048,-0.7560962439,0.9788156152,0.9884024858,2.757037009e-06,0.05303221196,-0.3063511252,0.3233349323
0,205,2.05,0.001239863654,-0.3064890104,0.3177311151,-1.405028105,-0.7594352365,0.9828005433,0.9923202395,2.775171652e-06,0.05126705393,-0.3064307272,0.3232355714
0,206,2.06,0.001239863654,-0.3064890104,0.3177311151,-1.410558581,-0.762717545,0.9867094159,0.9961608052,2.792876558e-06,0.04953745753,-0.3064985573,0.3231327832
0,207,2.07,0.001239863654,-0.3064890104,0.3177311151,-1.415976524,-0.7659426928,0.9905415773,0.9999235868,2.810151955e-06,0.04784382507,-0.3065551817,0.3230268359
0,208,2.08,0.001239863654,-0.3064890104,0.3177311151,-1.421281219,-0.7691100836,0.9942964911,1.003607988,2.827001254e-06,0.04618625343,-0.3066014647,0.3229178786
0,209,2.09,0.001239863654,-0.3064890104,0.3177311151,-1.426471591,-0.7722191215,0.9979733229,1.007213354,2.843431275e-06,0.04456529766,-0.306638062,0.3228061199
0,210,2.1,0.001239863654,-0.3064890104,0.3177311151,-1.431546926,-0.7752693295,1.001571536,1.010738969,2.859444976e-06,0.04298114032,-0.3066656291,0.3226917684
0,211,2.11,0.001239863654,-0.3064890104,0.3177311151,-1.436506152,-0.7782601714,1.005090475,1.014184356,2.875052814e-06,0.04143404216,-0.3066848516,0.3225749731
0,212,2.12,0.001239863654,-0.3064890104,0.3177311151,-1.441348314,-0.7811911106,1.008529663,1.0175488,2.890252972e-06,0.03992449492,-0.3066962957,0.3224560916
0,213,2.13,0.001239863654,-0.3064890104,0.3177311151,-1.446072817,-0.7840616703,1.011888266,1.020831943,2.905040674e-06,0.03845231235,-0.3067008257,0.3223350644
0,214,2.14,0.001239863654,-0.3064890104,0.3177311151,-1.450678825,-0.7868712544,1.015165925,1.02403295,2.91942365e-06,0.03701820225,-0.3066988885,0.3222123086
0,215,2.15,0.001239863654,-0.3064890104,0.3177311151,-1.455165505,-0.7896194458,1.018362045,1.027151346,2.933415544e-06,0.03562185168,-0.3066911697,0.3220879436
0,216,2.16,0.001239863654,-0.3064890104,0.3177311151,-1.459532142,-0.7923057675,1.02147603,1.030186653,2.947018857e-06,0.03426388279,-0.3066783845,0.3219619989
0,217,2.17,0.001239863654,-0.3064890104,0.3177311151,-1.463778019,-0.7949298024,1.024507284,1.033138394,2.96023677e-06,0.03294424713,-0.3066610694,0.3218348622
0,218,2.18,0.001239863654,-0.3064890104,0.3177311151,-1.467902303,-0.797491014,1.027455449,1.036005974,2.973077926e-06,0.03166333959,-0.3066397011,0.3217067122
0,219,2.19,0.001239863654,-0.3064890104,0.3177311151,-1.471904159,-0.7999889851,1.030319691,1.038789034,2.985544825e-06,0.0304211285,-0.306615144,0.3215775192
0,220,2.2,0.001239863654,-0.3064890104,0.3177311151,-1.475784779,-0.802423358,1.03309989,1.041486979,2.995702062e-06,0.02921727672,-0.3065878153,0.3214474022
0,221,2.21,0.001239863654,-0.3064890104,0.3177311151,-1.479560494,-0.8047935963,1.035795331,1.044099331,2.989688483e-06,0.02804696187,-0.3065588176,0.3213167489
0,222,2.22,0.001239863654,-0.3064890104,0.3177311151,-1.483254313,-0.8070993423,1.038405895,1.046625614,2.961228347e-06,0.02690288052,-0.3065290451,0.3211858869
0,223,2.23,0.001239863654,-0.3064890104,0.3177311151,-1.486871362,-0.809340179,1.040930748,1.04906559,2.923506372e-06,0.0257834401,-0.3064993322,0.3210544884
0,224,2.24,0.001239863654,-0.3064890104,0.3177311151,-1.490410447,-0.8115157485,1.043369532,1.051418543,2.88600063e-06,0.02468905598,-0.3064698577,0.3209230006
0,225,2.25,0.001239863654,-0.3064890104,0.3177311151,-1.493869305,-0.8136256933,1.045721889,1.053684235,2.85307965e-06,0.02362018824,-0.3064410686,0.3207914233
0,226,2.26,0.001239863654,-0.3064890104,0.3177311151,-1.497245073,-0.8156695962,1.047987342,1.055862427,2.826173159e-06,0.02257796936,-0.3064129949,0.3206600845
0,227,2.27,0.001239863654,-0.3064890104,0.3177311151,-1.500535011,-0.8176470399,1.050165772,1.057952523,2.805356644e-06,0.02156266384,-0.3063862622,0.3205288947
0,228,2.28,0.001239863654,-0.3064890104,0.3177311151,-1.503736377,-0.819557786,1.052256465,1.059954286,2.79016308e-06,0.02057550661,-0.30636096,0.3203981519
0,229,2.29,0.001239863654,-0.3064890104,0.3177311151,-1.506846786,-0.8214015365,1.0542593,1.061867237,2.779956503e-06,0.01961696707,-0.3063374162,0.3202680349
0,230,2.3,0.001239863654,-0.3064890104,0.3177311151,-1.509863734,-0.8231779337,1.056173801,1.063691258,2.774083214e-06,0.01868782192,-0.3063159883,0.320138514
0,231,2.31,0.001239863654,-0.3064890104,0.3177311151,-1.512784958,-0.8248866796,1.057999611,1.065425992,2.771934987e-06,0.0177887138,-0.3062969446,0.3200097084
0,232,2.32,0.001239863654,-0.3064890104,0.3177311151,-1.515608311,-0.8265274167,1.059736609,1.06707108,2.772958169e-06,0.01692019776,-0.3062804937,0.3198819757
0,233,2.33,0.001239863654,-0.3064890104,0.3177311151,-1.518331766,-0.8280998468,1.06138432,1.068626165,2.776658448e-06,0.0160828568,-0.3062670827,0.3197552264
0,234,2.34,0.001239863654,-0.3064890104,0.3177311151,-1.520953178,-0.8296038508,1.062942624,1.07009089,2.782600859e-06,0.01527748443,-0.3062570095,0.3196294606
0,235,2.35,0.001239863654,-0.3064890104,0.3177311151,-1.523470998,-0.8310390115,1.064411163,1.071465254,2.790401822e-06,0.01450434327,-0.3062504828,0.3195048869
0,236,2.36,0.001239863654,-0.3064890104,0.3177311151,-1.525883317,-0.8324051499,1.06578958,1.072748899,2.799732783e-06,0.01376368571,-0.3062477112,0.3193817735
0,237,2.37,0.001239863654,-0.3064890104,0.3177311151,-1.528188705,-0.8337020278,1.067077756,1.073941708,2.81030475e-06,0.01305648871,-0.3062490523,0.3192599714
0,238,2.38,0.001239863654,-0.3064890104,0.3177311151,-1.530385256,-0.8349294066,1.068275452,1.07504344,2.821866246e-06,0.01238276437,-0.3062548339,0.3191396296
0,239,2.39,0.001239863654,-0.3064890104,0.3177311151,-1.532471776,-0.8360870481,1.069382429,1.076053858,2.834192856e-06,0.01174324472,-0.3062651753,0.3190208972
0,240,2.4,0.001239863654,-0.3064890104,0.3177311151,-1.534446836,-0.8371748328,1.070398569,1.076972723,2.84709472e-06,0.01113803405,-0.3062802553,0.3189038038
0,241,2.41,0.001239863654,-0.3064890104,0.3177311151,-1.53631115,-0.8381938338,1.07132566,1.077802062,2.858634844e-06,0.01056703273,-0.3063003421,0.3187884092
0,242,2.42,0.001239863654,-0.3064890104,0.3177311151,-1.538068652,-0.8391470313,1.072168708,1.078547239,2.865543365e-06,0.01002884284,-0.3063248098,0.3186749816
0,243,2.43,0.001239863654,-0.3064890104,0.3177311151,-1.539724827,-0.8400383592,1.072934389,1.079215765,2.865958322e-06,0.009521937929,-0.3063532412,0.3185637891
0,244,2.44,0.001239863654,-0.3064890104,0.3177311151,-1.541285396,-0.8408717513,1.073629498,1.079814911,2.859576398e-06,0.009044361301,-0.3063847423,0.3184550107
0,245,2.45,0.001239863654,-0.3064890104,0.3177311151,-1.542756081,-0.8416509032,1.074260354,1.08035183,2.846909183e-06,0.008594301529,-0.3064187765,0.3183492422
0,246,2.46,0.001239863654,-0.3064890104,0.3177311151,-1.54414165,-0.8423794508,1.074832916,1.080832601,2.828775905e-06,0.00817036815,-0.3064548373,0.3182462156
0,247,2.47,0.001239863654,-0.3064890104,0.3177311151,-1.545447111,-0.8430605531,1.075352311,1.081263304,2.806041948e-06,0.00777112972,-0.3064921796,0.3181465864
0,248,2.48,0.001239863654,-0.3064890104,0.3177311151,-1.54667747,-0.8436973691,1.075823665,1.081649184,2.779533361e-06,0.007394620217,-0.3065305352,0.3180501759
0,249,2.49,0.001239863654,-0.3064890104,0.3177311151,-1.547836661,-0.8442928195,1.076251507,1.081994772,2.750001158e-06,0.007039995864,-0.3065695167,0.3179571331
0,250,2.5,0.001239863654,-0.3064890104,0.3177311151,-1.548928857,-0.8448494673,1.076639771,1.082304358,2.718096312e-06,0.006705940701,-0.3066086471,0.3178675771
0,251,2.51,0.001239863654,-0.3064890104,0.3177311151,-1.549957991,-0.8453698754,1.076992154,1.082581639,2.684386118e-06,0.006391049828,-0.3066476882,0.317781657
0,252,2.52,0.001239863654,-0.3064890104,0.3177311151,-1.550927758,-0.8458563685,1.077311873,1.082830191,2.649361249e-06,0.006094196811,-0.30668661,0.3176989555
0,253,2.53,0.001239863654,-0.3064890104,0.3177311151,-1.551841497,-0.8463112712,1.077602148,1.083052635,2.613446213e-06,0.005814605858,-0.3067248762,0.3176199198
0,254,2.54,0.001239863654,-0.3064890104,0.3177311151,-1.552702546,-0.8467364907,1.077865481,1.083251834,2.577001851e-06,0.005551115144,-0.3067626357,0.3175441027
0,255,2.55,0.001239863654,-0.3064890104,0.3177311151,-1.553513885,-0.8471340537,1.078104496,1.08343029,2.540335799e-06,0.005302846432,-0.3067995012,0.3174718022
0,256,2.56,0.001239863654,-0.3064890104,0.3177311151,-1.554278374,-0.8475057483,1.078321338,1.083590269,2.503708629e-06,0.005068887491,-0.3068355322,0.3174026906
0,257,2.57,0.001239863654,-0.3064890104,0.3177311151,-1.554998636,-0.8478531837,1.078518271,1.083733439,2.467336571e-06,0.004848312121,-0.3068705201,0.3173368871
0,258,2.58,0.001239863654,-0.3064890104,0.3177311151,-1.555677414,-0.8481780291,1.078696847,1.083861709,2.43139948e-06,0.004640588537,-0.3069045544,0.3172740638
0,259,2.59,0.001239863654,-0.3064890104,0.3177311151,-1.556316853,-0.8484817147,1.078859091,1.083976626,2.396050149e-06,0.004444616847,-0.3069374561,0.31721434
0,260,2.6,0.001239863654,-0.3064890104,0.3177311151,-1.556919456,-0.848765552,1.079006314,1.084079623,2.361409315e-06,0.004260067362,-0.3069692254,0.3171575665
0,261,2.61,0.001239863654,-0.3064890104,0.3177311151,-1.55748713,-0.8490309119,1.079139829,1.084171772,2.327577249e-06,0.00408632122,-0.306999743,0.3171037138
0,262,2.62,0.001239863654,-0.3064890104,0.3177311151,-1.558022022,-0.8492789865,1.079261065,1.084254265,2.29463194e-06,0.003922319971,-0.3070292771,0.3170523643
0,263,2.63,0.001239863654,-0.3064890104,0.3177311151,-1.558526158,-0.8495108485,1.079370975,1.084328294,2.262635462e-06,0.003767957445,-0.3070574701,0.3170038462
0,264,2.64,0.001239863654,-0.3064890104,0.3177311151,-1.559001088,-0.8497276306,1.079470873,1.084394574,2.231635563e-06,0.003622388002,-0.3070844412,0.3169578612
0,265,2.65,0.001239863654,-0.3064890104,0.3177311151,-1.5594486,-0.849930346,1.079561472,1.08445394,2.201664074e-06,0.003485220717,-0.3071104884,0.3169140518
0,266,2.66,0.001239863654,-0.3064890104,0.3177311151,-1.559870362,-0.8501198292,1.079643726,1.084507108,2.172740551e-06,0.003355996683,-0.3071352541,0.3168727458
0,267,2.67,0.001239863654,-0.3064890104,0.3177311151,-1.560267687,-0.8502969146,1.079718471,1.084554672,2.144879318e-06,0.003234231379,-0.307158947,0.3168336451
0,268,2.68,0.001239863654,-0.3064890104,0.3177311151,-1.560642123,-0.8504624367,1.079786181,1.084597349,2.118081056e-06,0.003119291505,-0.3071815073,0.3167966604
0,269,2.69,0.001239863654,-0.3064890104,0.3177311151,-1.560994744,-0.8506172299,1.079847693,1.084635496,2.092340083e-06,0.003011286026,-0.307202965,0.3167617321
0,270,2.7,0.001239863654,-0.3064890104,0.3177311151,-1.561327219,-0.8507618904,1.079903603,1.084669828,2.067645482e-06,0.002909281524,-0.3072234392,0.3167286813
0,271,2.71,0.001239863654,-0.3064890104,0.3177311151,-1.561640501,-0.8508971334,1.079954386,1.084700465,2.043989298e-06,0.002813156927,-0.3072428703,0.3166974783
0,272,2.72,0.001239863654,-0.3064890104,0.3177311151,-1.561935544,-0.8510236144,1.080000401,1.084727883,2.021349928e-06,0.002722731559,-0.307261467,0.3166678548
0,273,2.73,0.001239863654,-0.3064890104,0.3177311151,-1.56221354,-0.8511417508,1.080042243,1.08475244,1.999700316e-06,0.002637371887,-0.3072790205,0.3166401386
0,274,2.74,0.001239863654,-0.3064890104,0.3177311151,-1.562475562,-0.8512521982,1.080080271,1.084774494,1.979019771e-06,0.002557157772,-0.3072955906,0.3166139126
0,275,2.75,0.001239863654,-0.3064890104,0.3177311151,-1.562722445,-0.8513554335,1.080114722,1.084794283,1.959282599e-06,0.00248127128,-0.3073114157,0.3165891767
0,276,2.76,0.001239863654,-0.3064890104,0.3177311151,-1.562955022,-0.8514519334,1.080145955,1.084812164,1.940461061e-06,0.002409951296,-0.3073264062,0.316565752
0,277,2.77,0.001239863654,-0.3064890104,0.3177311151,-1.563174248,-0.8515421748,1.080174327,1.084828138,1.922524234e-06,0.002342674416,-0.3073405623,0.3165437877
0,278,2.78,0.001239863654,-0.3064890104,0.3177311151,-1.563380837,-0.851626575,1.080200076,1.084842205,1.905445174e-06,0.002279214328,-0.3073539436,0.3165231347
0,279,2.79,0.001239863654,-0.3064890104,0.3177311151,-1.563575387,-0.8517053723,1.080223441,1.08485496,1.889192959e-06,0.002219647868,-0.3073666096,0.316503644
0,280,2.8,0.001239863654,-0.3064890104,0.3177311151,-1.563758731,-0.8517790437,1.08024466,1.084866285,1.87373314e-06,0.002163218334,-0.3073785901,0.3164853156
0,281,2.81,0.001239863654,-0.3064890104,0.3177311151,-1.563931465,-0.851847887,1.080263972,1.084876418,1.859035592e-06,0.002110257512,-0.3073899746,0.3164680004
0,282,2.82,0.001239863654,-0.3064890104,0.3177311151,-1.564094305,-0.8519122601,1.080281377,1.084885478,1.845070756e-06,0.002060220344,-0.3074007034,0.3164517283
0,283,2.83,0.001239863654,-0.3064890104,0.3177311151,-1.564247727,-0.8519724011,1.080297351,1.084893584,1.831810664e-06,0.002013234422,-0.307410717,0.3164364696
0,284,2.84,0.001239863654,-0.3064890104,0.3177311151,-1.564392209,-0.8520286679,1.080311775,1.084900975,1.819224167e-06,0.001968872501,-0.3074203432,0.3164220154
0,285,2.85,0.001239863654,-0.3064890104,0.3177311151,-1.564528346,-0.8520812392,1.080325007,1.084907532,1.807280341e-06,0.001926997793,-0.3074292541,0.3164085448
0,286,2.86,0.001239863654,-0.3064890104,0.3177311151,-1.564656615,-0.8521303535,1.080336928,1.084913373,1.795949743e-06,0.001887662802,-0.3074377179,0.316395849
0,287,2.87,0.001239863654,-0.3064890104,0.3177311151,-1.564777493,-0.8521763086,1.080347657,1.084918618,1.785205768e-06,0.001850547269,-0.3074457645,0.3163838387
0,288,2.88,0.001239863654,-0.3064890104,0.3177311151,-1.564891458,-0.8522193432,1.080357432,1.084923267,1.77502443e-06,0.001815543859,-0.3074533343,0.3163725734
0,289,2.89,0.001239863654,-0.3064890104,0.3177311151,-1.564998746,-0.8522595167,1.080366254,1.084927559,1.765380375e-06,0.001782541745,-0.3074604273,0.3163619637
0,290,2.9,0.001239863654,-0.3064890104,0.3177311151,-1.565099955,-0.852297008,1.08037436,1.084931374,1.756246206e-06,0.001751522766,-0.3074670434,0.3163521588
0,291,2.91,0.001239863654,-0.3064890104,0.3177311151,-1.565195203,-0.8523320556,1.080381751,1.084934711,1.747596457e-06,0.001722327899,-0.3074733615,0.3163428009
0,292,2.92,0.001239863654,-0.3064890104,0.3177311151,-1.565285087,-0.8523648381,1.080388546,1.084937692,1.739408731e-06,0.001694688806,-0.3074792325,0.3163341284
0,293,2.93,0.001239863654,-0.3064890104,0.3177311151,-1.565369844,-0.8523954749,1.080394626,1.084940434,1.731663133e-06,0.001668574754,-0.3074848354,0.3163258433
0,294,2.94,0.001239863654,-0.3064890104,0.3177311151,-1.565449595,-0.8524240851,1.080400109,1.084942818,1.724335334e-06,0.001644093893,-0.307490021,0.3163182437
0,295,2.95,0.001239863654,-0.3064890104,0.3177311151,-1.565524697,-0.852450788,1.080405116,1.084945083,1.71740237e-06,0.001621078351,-0.3074949682,0.3163109124
0,296,2.96,0.001239863654,-0.3064890104,0.3177311151,-1.565595508,-0.852475822,1.080409646,1.08494699,1.710844117e-06,0.00159930496,-0.3074996173,0.3163040578
0,297,2.97,0.001239863654,-0.3064890104,0.3177311151,-1.565662265,-0.8524992466,1.080413818,1.084948897,1.704641704e-06,0.00157881889,-0.3075039685,0.3162977695
0,298,2.98,0.001239863654,-0.3064890104,0.3177311151,-1.565725207,-0.8525210619,1.080417633,1.084950328,1.69877967e-06,0.001559408032,-0.3075079024,0.3162919283
0,299,2.99,0.001239863654,-0.3064890104,0.3177311151,-1.565784335,-0.8525415063,1.080420971,1.084951758,1.693239369e-06,0.001541318255,-0.3075118959,0.3162862062
1,0,0,-0.163074503,-0.3438063161,0.1219852823,4.138159537e-10,-0.001892744564,-0.001874481211,-0.0003637019836,5.014769489e-09,0.2988586426,-1.323821053e-09,0.2381825298
1,1,0.01,-0.163074503,-0.3438063161,0.1219852823,-2.666972932e-06,-0.001936301822,-0.001902341726,-0.0003672160383,7.270723579e-09,0.298864603,-7.866582337e-07,0.2381614894
1,2,0.02,-0.163074503,-0.3438063161,0.1219852823,-1.487800546e-05,-0.001981775509,-0.001924315002,-0.0003658113419,1.503787495e-08,0.2988707721,-4.38508323e-06,0.2381420881
1,3,0.03,-0.163074503,-0.3438063161,0.1219852823,-4.525516488e-05,-0.002033625497,-0.001937646652,-0.0003553182469,3.023504291e-08,0.2988778651,-1.342624546e-05,0.2381240875
1,4,0.04,-0.163074503,-0.3438063161,0.1219852823,-0.0001024883677,-0.002096337732,-0.00193952478,-0.0003314874775,5.305335549e-08,0.2988864481,-3.056438072e-05,0.2381074876
1,5,0.05,-0.163074503,-0.3438063161,0.1219852823,-0.0001949119032,-0.002174192807,-0.001927286503,-0.0002903151326,8.280799335e-08,0.2988971174,-5.816372141e-05,0.2380919904
1,6,0.06,-0.163074503,-0.3438063161,0.1219852823,-0.0003304127022,-0.002271214733,-0.001898477436,-0.0002281405614,1.184986829e-07,0.2989103794,-9.871965449e-05,0.2380777597
1,7,0.07,-0.163074503,-0.3438063161,0.1219852823,-0.0005164251197,-0.002391168149,-0.001850859146,-0.0001416591113,1.59079093e-07,0.2989268303,-0.0001542656682,0.2380644083
1,8,0.08,-0.163074503,-0.3438063161,0.1219852823,-0.0007599476376,-0.00253756973,-0.001782398438,-2.790427607e-05,2.035677937e-07,0.2989469171,-0.0002271767444,0.2380518615
1,9,0.09,-0.163074503,-0.3438063161,0.1219852823,-0.001067564124,-0.002713702619,-0.001691253157,0.000115779294,2.510853392e-07,0.2989711165,-0.0003191244032,0.2380399108
1,10,0.1,-0.163074503,-0.3438063161,0.1219852823,-0.001445465488,-0.002922629472,-0.00157575577,0.0002917645907,3.008612737e-07,0.298999697,-0.0004321548622,0.238028422
1,11,0.11,-0.163074503,-0.3438063161,0.1219852823,-0.001899470808,-0.003167206654,-0.001434398582,0.0005021695979,3.522280565e-07,0.2990331352,-0.0005679333117,0.2380168885
1,12,0.12,-0.163074503,-0.3438063161,0.1219852823,-0.002435046481,-0.003450095654,-0.001265819999,0.0007488826523,4.046123649e-07,0.2990716994,-0.0007282538572,0.2380055785
1,13,0.13,-0.163074503,-0.3438063161,0.1219852823,-0.003057325725,-0.003773776814,-0.001068791375,0.001033585169,4.575249193e-07,0.2991157174,-0.0009144647047,0.2379939407
1,14,0.14,-0.163074503,-0.3438063161,0.1219852823,-0.003771124873,-0.004140558187,-0.0008422051906,0.001357772271,5.105505352e-07,0.2991655171,-0.001128175529,0.2379817069
1,15,0.15,-0.163074503,-0.3438063161,0.1219852823,-0.00458096154,-0.004552587401,-0.0005850650487,0.001722771442,5.633391424e-07,0.299221158,-0.001370638725,0.2379688174
1,16,0.16,-0.163074503,-0.3438063161,0.1219852823,-0.005491068587,-0.005011860281,-0.0002964753367,0.002129758941,6.155981396e-07,0.2992829382,-0.001643427182,0.2379550487
1,17,0.17,-0.163074503,-0.3438063161,0.1219852823,-0.006505409721,-0.005520230159,2.436706563e-05,0.002579774242,6.670846915e-07,0.2993510365,-0.00194740505,0.2379400134
1,18,0.18,-0.163074503,-0.3438063161,0.1219852823,-0.007627692539,-0.006079416256,0.0003781808773,0.003073734231,7.175999031e-07,0.2994255424,-0.00228398433,0.2379234582
1,19,0.19,-0.163074503,-0.3438063161,0.1219852823,-0.008861383423,-0.006691012532,0.0007656075177,0.00361244427,7.669827369e-07,0.2995065451,-0.002654114971,0.237905398
1,20,0.2,-0.163074503,-0.3438063161,0.1219852823,-0.01020971872,-0.007356492803,0.001187217655,0.004196609836,8.151054658e-07,0.2995941341,-0.003058820032,0.2378855646
1,21,0.21,-0.163074503,-0.3438063161,0.1219852823,-0.01167571545,-0.008077219129,0.001643517287,0.004826844204,8.618686138e-07,0.2996882498,-0.00349925668,0.2378635854
1,22,0.22,-0.163074503,-0.3438063161,0.1219852823,-0.01326218247,-0.008854447864,0.002134952927,0.00550367916,9.071973182e-07,0.2997890115,-0.003976081498,0.2378393114
1,23,0.23,-0.163074503,-0.3438063161,0.1219852823,-0.01497173309,-0.009689338505,0.00266191666,0.006227571983,9.51038146e-07,0.2998963296,-0.004490302876,0.2378124595
1,24,0.24,-0.163074503,-0.3438063161,0.1219852823,-0.01680679247,-0.01058295369,0.003224750515,0.006998911966,9.933553429e-07,0.3000101149,-0.005042719189,0.2377830744
1,25,0.25,-0.163074503,-0.3438063161,0.1219852823,-0.01876960881,-0.01153626665,0.003823749721,0.007818025537,1.0341289e-06,0.3001302481,-0.005633977707,0.2377508134
1,26,0.26,-0.163074503,-0.3438063161,0.1219852823,-0.02086225711,-0.0125501696,0.004459167365,0.008685186505,1.073352109e-06,0.3002566695,-0.00626484165,0.2377151847
1,27,0.27,-0.163074503,-0.3438063161,0.1219852823,-0.02308665588,-0.01362547558,0.005131219048,0.009600612335,1.111028723e-06,0.3003891706,-0.00693617668,0.2376766205
1,28,0.28,-0.163074503,-0.3438063161,0.1219852823,-0.02544456348,-0.01476292126,0.005840081722,0.01056447811,1.147172384e-06,0.3005275428,-0.007648364175,0.23763448
1,29,0.29,-0.163074503,-0.3438063161,0.1219852823,-0.02793760039,-0.0159631744,0.006585901137,0.0115769133,1.181803782e-06,0.3006715775,-0.008402193896,0.2375886142
1,30,0.3,-0.163074503,-0.3438063161,0.1219852823,-0.03056723997,-0.01722683571,0.007368790451,0.01263801102,1.214950316e-06,0.3008210361,-0.009197965264,0.2375389338
1,31,0.31,-0.163074503,-0.3438063161,0.1219852823,-0.03333482519,-0.01855443977,0.008188834414,0.01374782622,1.246643592e-06,0.3009755611,-0.01003653742,0.2374854535
1,32,0.32,-0.163074503,-0.3438063161,0.1219852823,-0.03624157608,-0.01994646527,0.009046091698,0.01490638219,1.276919988e-06,0.301134944,-0.01091831364,0.2374277562
1,33,0.33,-0.163074503,-0.3438063161,0.1219852823,-0.03928858042,-0.02140332945,0.009940597229,0.01611367054,1.305818387e-06,0.3012987077,-0.01184361149,0.2373658419
1,34,0.34,-0.163074503,-0.3438063161,0.1219852823,-0.04247682169,-0.02292540297,0.01087236125,0.01736965403,1.333380624e-06,0.3014665544,-0.01281298138,0.2372994423
1,35,0.35,-0.163074503,-0.3438063161,0.1219852823,-0.04580716416,-0.02451299503,0.01184137352,0.01867427304,1.359649104e-06,0.3016381264,-0.01382684149,0.237228334
1,36,0.36,-0.163074503,-0.3438063161,0.1219852823,-0.04928037152,-0.02616637573,0.01284760237,0.02002743818,1.384667939e-06,0.301812768,-0.01488543209,0.2371527851
1,37,0.37,-0.163074503,-0.3438063161,0.1219852823,-0.05289710313,-0.02788576111,0.01389099844,0.02142903954,1.408481694e-06,0.3019902408,-0.01598926634,0.2370721996
1,38,0.38,-0.163074503,-0.3438063161,0.1219852823,-0.05665792525,-0.02967132814,0.01497149467,0.02287895046,1.43113482e-06,0.3021699488,-0.01713860221,0.2369866371
1,39,0.39,-0.163074503,-0.3438063161,0.1219852823,-0.06060320511,-0.03152321279,0.01608900726,0.02437702008,1.483523761e-06,0.3023506105,-0.01834592968,0.2368959337
1,40,0.4,-0.163074503,-0.3438063161,0.1219852823,-0.06476919353,-0.0334415175,0.01724343561,0.02592307888,1.568287189e-06,0.3025308251,-0.01962214336,0.2368001342
1,41,0.41,-0.163074503,-0.3438063161,0.1219852823,-0.06917002052,-0.03542630002,0.01843466982,0.02751693875,1.668382311e-06,0.3027094901,-0.02097190171,0.2366987467
1,42,0.42,-0.163074503,-0.3438063161,0.1219852823,-0.07380557805,-0.03747758269,0.01966257766,0.0291584041,1.767495974e-06,0.3028855324,-0.02239526808,0.2365920842
1,43,0.43,-0.163074503,-0.3438063161,0.1219852823,-0.07867037505,-0.0395953469,0.02092701942,0.03084724955,1.856498557e-06,0.3030580282,-0.02389088087,0.2364796698
1,44,0.44,-0.163074503,-0.3438063161,0.1219852823,-0.0837572068,-0.0417795442,0.02222783864,0.03258324787,1.931759471e-06,0.3032261133,-0.0254568141,0.2363616973
1,45,0.45,-0.163074503,-0.3438063161,0.1219852823,-0.08905860037,-0.04403009266,0.02356487326,0.03436614946,1.99276451e-06,0.303388834,-0.0270909667,0.2362377495
1,46,0.46,-0.163074503,-0.3438063161,0.1219852823,-0.09456736594,-0.0463468805,0.02493794262,0.0361956954,2.040484333e-06,0.3035452664,-0.02879124321,0.236107856
1,47,0.47,-0.163074503,-0.3438063161,0.1219852823,-0.100276798,-0.04872976243,0.02634685859,0.03807161748,2.076465307e-06,0.3036944568,-0.03055589646,0.2359720618
1,48,0.48,-0.163074503,-0.3438063161,0.1219852823,-0.1061806977,-0.05117857456,0.02779142372,0.03999362513,2.102379312e-06,0.3038353622,-0.03238321468,0.235830456
1,49,0.49,-0.163074503,-0.3438063161,0.1219852823,-0.1122733802,-0.05369311571,0.02927142754,0.04196142033,2.119816372e-06,0.3039672673,-0.03427149355,0.2356821895
1,50,0.5,-0.163074503,-0.3438063161,0.1219852823,-0.1185495853,-0.05627315864,0.03078665212,0.04397469759,2.13020644e-06,0.30408898,-0.03621937707,0.2355277985
1,51,0.51,-0.163074503,-0.3438063161,0.1219852823,-0.1250045002,-0.0589184612,0.03233686835,0.04603314027,2.134799615e-06,0.3041994274,-0.03822555393,0.2353671193
1,52,0.52,-0.163074503,-0.3438063161,0.1219852823,-0.1316336542,-0.06162875146,0.03392184526,0.0481364131,2.134670012e-06,0.3042977452,-0.04028870165,0.2351998538
1,53,0.53,-0.163074503,-0.3438063161,0.1219852823,-0.1384329051,-0.0644037351,0.03554133326,0.05028418452,2.130733264e-06,0.3043828309,-0.04240776226,0.2350259274
1,54,0.54,-0.163074503,-0.3438063161,0.1219852823,-0.1453984082,-0.06724309921,0.0371950753,0.05247610062,2.123763807e-06,0.3044536114,-0.04458162934,0.2348456234
1,55,0.55,-0.163074503,-0.3438063161,0.1219852823,-0.1525265872,-0.07014649361,0.03888281435,0.05471180752,2.114412609e-06,0.3045090437,-0.04680920392,0.2346583605
1,56,0.56,-0.163074503,-0.3438063161,0.1219852823,-0.1598140597,-0.07311357558,0.04060427845,0.05699093267,2.10322446e-06,0.3045480549,-0.04908969626,0.234464407
1,57,0.57,-0.163074503,-0.3438063161,0.1219852823,-0.1672576964,-0.07614394277,0.04235919192,0.05931309611,2.090651606e-06,0.3045695126,-0.05142200366,0.2342637181
1,58,0.58,-0.163074503,-0.3438063161,0.1219852823,-0.1748544872,-0.07923721522,0.04414727166,0.06167791784,2.077067393e-06,0.3045723736,-0.05380525813,0.2340559959
1,59,0.59,-0.163074503,-0.3438063161,0.1219852823,-0.1826016158,-0.08239297569,0.04596822709,0.06408500671,2.062779458e-06,0.3045554161,-0.05623867735,0.2338412702
1,60,0.6,-0.163074503,-0.3438063161,0.1219852823,-0.1904964,-0.08561078459,0.04782175645,0.0665339455,2.048037686e-06,0.3045176268,-0.0587214902,0.2336193919
1,61,0.61,-0.163074503,-0.3438063161,0.1219852823,-0.1985362768,-0.08889019489,0.04970755056,0.06902433187,2.033043302e-06,0.3044579029,-0.06125269458,0.2333902121
1,62,0.62,-0.163074503,-0.3438063161,0.1219852823,-0.2067187577,-0.09223073721,0.05162531137,0.07155574858,2.017956149e-06,0.3043749928,-0.06383180618,0.2331539392
1,63,0.63,-0.163074503,-0.3438063161,0.1219852823,-0.2150414884,-0.0956319049,0.05357470736,0.07412777096,2.002902193e-06,0.3042678535,-0.06645765901,0.23291035
1,64,0.64,-0.163074503,-0.3438063161,0.1219852823,-0.223502174,-0.09909322113,0.05555541813,0.07673995942,1.98797693e-06,0.3041351736,-0.06912969798,0.2326595932
1,65,0.65,-0.163074503,-0.3438063161,0.1219852823,-0.2320985794,-0.1026141569,0.0575671196,0.07939188182,1.973250392e-06,0.3039759398,-0.07184705138,0.2324013859
1,66,0.66,-0.163074503,-0.3438063161,0.1219852823,-0.2408285737,-0.1061941758,0.0596094653,0.08208307624,1.958773282e-06,0.3037889898,-0.07460898906,0.2321355194
1,67,0.67,-0.163074503,-0.3438063161,0.1219852823,-0.2496899962,-0.1098327413,0.06168211624,0.08481308818,1.94458039e-06,0.3035730422,-0.07741463929,0.2318624109
1,68,0.68,-0.163074503,-0.3438063161,0.1219852823,-0.2586807907,-0.1135292873,0.06378472596,0.08758145571,1.930691042e-06,0.3033270538,-0.08026324213,0.2315815389
1,69,0.69,-0.163074503,-0.3438063161,0.1219852823,-0.26779899,-0.11728324,0.06591693312,0.09038771689,1.91711365e-06,0.3030498028,-0.08315375447,0.2312932014
1,70,0.7,-0.163074503,-0.3438063161,0.1219852823,-0.2770424783,-0.1210940033,0.0680783838,0.09323138744,1.903845259e-06,0.3027402461,-0.08608561009,0.2309971154
1,71,0.71,-0.163074503,-0.3438063161,0.1219852823,-0.2864093781,-0.1249609664,0.07026870549,0.09611197561,1.890877456e-06,0.3023969829,-0.089057751,0.230693385
1,72,0.72,-0.163074503,-0.3438063161,0.1219852823,-0.2958976924,-0.1288835257,0.07248753309,0.09902900457,1.878192847e-06,0.3020190597,-0.09206952155,0.2303818613
1,73,0.73,-0.163074503,-0.3438063161,0.1219852823,-0.3055054545,-0.132861048,0.07473448664,0.1019819677,1.865771992e-06,0.3016052544,-0.09511989355,0.2300624996
1,74,0.74,-0.163074503,-0.3438063161,0.1219852823,-0.3152307868,-0.1368928999,0.07700918615,0.1049703658,1.85359238e-06,0.3011544943,-0.09820777178,0.2297353745
1,75,0.75,-0.163074503,-0.3438063161,0.1219852823,-0.3250717223,-0.1409784257,0.07931125164,0.1079936773,1.841627522e-06,0.3006655574,-0.1013324484,0.2294003218
1,76,0.76,-0.163074503,-0.3438063161,0.1219852823,-0.3350263536,-0.1451169401,0.08164028823,0.1110513955,1.829849566e-06,0.300137341,-0.1044928879,0.2290572524
1,77,0.77,-0.163074503,-0.3438063161,0.1219852823,-0.3450928032,-0.1493077874,0.08399590105,0.1141429991,1.818227588e-06,0.2995688021,-0.1076880544,0.2287063748
1,78,0.78,-0.163074503,-0.3438063161,0.1219852823,-0.3552691638,-0.153550297,0.0863776803,0.1172679514,1.806730552e-06,0.2989587486,-0.1109169647,0.2283475399
1,79,0.79,-0.163074503,-0.3438063161,0.1219852823,-0.3655535281,-0.1578437388,0.08878523111,0.1204257309,1.795326398e-06,0.2983061373,-0.1141784713,0.2279807478
1,80,0.8,-0.163074503,-0.3438063161,0.1219852823,-0.3759440184,-0.1621874273,0.0912181437,0.1236157939,1.783983748e-06,0.2976099253,-0.1174715608,0.2276058346
1,81,0.81,-0.163074503,-0.3438063161,0.1219852823,-0.3864386976,-0.1665806323,0.09367598593,0.1268375814,1.772671112e-06,0.2968689203,-0.1207952425,0.2272230238
1,82,0.82,-0.163074503,-0.3438063161,0.1219852823,-0.3970356584,-0.1710226387,0.09615834802,0.1300905496,1.761358249e-06,0.2960822582,-0.1241482049,0.2268320918
1,83,0.83,-0.163074503,-0.3438063161,0.1219852823,-0.4077329934,-0.1755126715,0.09866482019,0.1333741397,1.75001162e-06,0.2952488363,-0.1275293827,0.2264331281
1,84,0.84,-0.163074503,-0.3438063161,0.1219852823,-0.4185287654,-0.1800500154,0.1011949554,0.1366878003,1.738604965e-06,0.2943677902,-0.1309373379,0.2260260433
1,85,0.85,-0.163074503,-0.3438063161,0.1219852823,-0.4294210672,-0.1846338958,0.103748329,0.1400309652,1.727111226e-06,0.2934380174,-0.1343712211,0.2256108224
1,86,0.86,-0.163074503,-0.3438063161,0.1219852823,-0.4404079616,-0.1892635524,0.1063245088,0.1434030533,1.715498342e-06,0.2924586236,-0.1378296316,0.2251875252
1,87,0.87,-0.163074503,-0.3438063161,0.1219852823,-0.4514874816,-0.1939381957,0.1089230478,0.1468034983,1.703741873e-06,0.2914286852,-0.1413111389,0.2247560471
1,88,0.88,-0.163074503,-0.3438063161,0.1219852823,-0.4626576602,-0.1986570507,0.1115435064,0.1502317041,1.691817715e-06,0.2903473675,-0.1448145062,0.2243164629
1,89,0.89,-0.163074503,-0.3438063161,0.1219852823,-0.4739165902,-0.2034193128,0.1141854376,0.1536870897,1.679701541e-06,0.2892138064,-0.1483385265,0.2238688469
1,90,0.9,-0.163074503,-0.3438063161,0.1219852823,-0.4852622449,-0.2082241923,0.1168483943,0.1571690738,1.667367087e-06,0.2880271077,-0.1518816501,0.2234129161
1,91,0.91,-0.163074503,-0.3438063161,0.1219852823,-0.4966926277,-0.2130708694,0.1195319071,0.1606770307,1.654794005e-06,0.2867864668,-0.1554427594,0.2229490876
1,92,0.92,-0.163074503,-0.3438063161,0.1219852823,-0.5082057714,-0.2179585248,0.1222355217,0.1642103791,1.641963877e-06,0.2854912281,-0.1590201855,0.2224770039
1,93,0.93,-0.163074503,-0.3438063161,0.1219852823,-0.5197996497,-0.2228863388,0.1249587908,0.1677685082,1.628852829e-06,0.2841407061,-0.1626123786,0.2219968736
1,94,0.94,-0.163074503,-0.3438063161,0.1219852823,-0.5314723253,-0.2278534621,0.1277012378,0.171350807,1.615444717e-06,0.2827340961,-0.166218251,0.2215084583
1,95,0.95,-0.163074503,-0.3438063161,0.1219852823,-0.5432217121,-0.2328590602,0.1304623634,0.1749566793,1.601720442e-06,0.2812707424,-0.1698360294,0.2210122347
1,96,0.96,-0.163074503,-0.3438063161,0.1219852823,-0.5550457239,-0.2379022837,0.1332417279,0.1785854995,1.587660677e-06,0.2797501087,-0.1734644622,0.2205076516
1,97,0.97,-0.163074503,-0.3438063161,0.1219852823,-0.5669423938,-0.2429822832,0.1360388398,0.1822366416,1.573251438e-06,0.2781717181,-0.1771016419,0.2199952453
1,98,0.98,-0.163074503,-0.3438063161,0.1219852823,-0.5789096951,-0.2480984926,0.1388532668,0.1859094799,1.558476811e-06,0.276534915,-0.1807462126,0.2194748074
1,99,0.99,-0.163074503,-0.3438063161,0.1219852823,-0.5909454226,-0.253254205,0.1416846216,0.1896034032,1.54330337e-06,0.2748397589,-0.1843969524,0.2189447731
1,100,1,-0.163074503,-0.3438063161,0.1219852823,-0.6030476093,-0.2584521472,0.1445324421,0.1933178157,1.527738618e-06,0.2730860114,-0.1880524606,0.2184044421
1,101,1.01,-0.163074503,-0.3438063161,0.1219852823,-0.615214169,-0.2636940479,0.1473962069,0.1970520467,1.511807909e-06,0.271273613,-0.1917112172,0.2178523839
1,102,1.02,-0.163074503,-0.3438063161,0.1219852823,-0.6274428964,-0.2689809203,0.1502753943,0.2008054554,1.495531819e-06,0.2694023252,-0.195371896,0.2172884941
1,103,1.03,-0.163074503,-0.3438063161,0.1219852823,-0.6397317648,-0.2743127644,0.1531694531,0.2045773864,1.478931495e-06,0.2674718201,-0.1990329027,0.2167122364
1,104,1.04,-0.163074503,-0.3438063161,0.1219852823,-0.6520786285,-0.2796878219,0.1560778022,0.2083671689,1.462013188e-06,0.2654818296,-0.202692613,0.2161239386
1,105,1.05,-0.163074503,-0.3438063161,0.1219852823,-0.6644814014,-0.2851038873,0.1589999199,0.2121741474,1.444764621e-06,0.2634321451,-0.2063490599,0.2155238539
1,106,1.06,-0.163074503,-0.3438063161,0.1219852823,-0.6769379973,-0.2905584574,0.1619352847,0.2159976959,1.427161578e-06,0.2613220513,-0.2100007832,0.2149127722
1,107,1.07,-0.163074503,-0.3438063161,0.1219852823,-0.6894462109,-0.2960491478,0.1648834199,0.2198371142,1.409173819e-06,0.2591515183,-0.2136458904,0.2142911106
1,108,1.08,-0.163074503,-0.3438063161,0.1219852823,-0.7020040154,-0.3015736043,0.1678438038,0.2236917615,1.390767579e-06,0.2569203973,-0.2172826231,0.2136595249
1,109,1.09,-0.163074503,-0.3438063161,0.1219852823,-0.7146090865,-0.3071296811,0.1708159447,0.2275610119,1.371916255e-06,0.2546284497,-0.2209091187,0.2130182832
1,110,1.1,-0.163074503,-0.3438063161,0.1219852823,-0.7272593379,-0.3127152622,0.1737993509,0.2314441651,1.352597451e-06,0.2522757649,-0.2245236337,0.2123679519
1,111,1.11,-0.163074503,-0.3438063161,0.1219852823,-0.7399525642,-0.3183283806,0.1767935157,0.2353405505,1.332795364e-06,0.2498620152,-0.228124693,0.2117091268
1,112,1.12,-0.163074503,-0.3438063161,0.1219852823,-0.7526865602,-0.3239671886,0.1797979474,0.2392495424,1.312490781e-06,0.2473876774,-0.2317100465,0.2110421658
1,113,1.13,-0.163074503,-0.3438063161,0.1219852823,-0.7654592991,-0.3296298683,0.1828121096,0.2431704402,1.29167347e-06,0.2448528558,-0.2352781445,0.2103670239
1,114,1.14,-0.163074503,-0.3438063161,0.1219852823,-0.7782683969,-0.3353147805,0.1858355552,0.2471026182,1.270329108e-06,0.2422575802,-0.2388273925,0.2096843868
1,115,1.15,-0.163074503,-0.3438063161,0.1219852823,-0.7911117673,-0.3410202563,0.1888677329,0.2510453761,1.248450531e-06,0.2396021783,-0.2423560172,0.208994478
1,116,1.16,-0.163074503,-0.3438063161,0.1219852823,-0.8039871454,-0.3467447758,0.1919081211,0.2549980283,1.226030918e-06,0.2368872166,-0.245862022,0.2082976103
1,117,1.17,-0.163074503,-0.3438063161,0.1219852823,-0.8168923855,-0.3524867892,0.1949562132,0.2589599192,1.20306629e-06,0.2341129184,-0.2493439913,0.2075939924
1,118,1.18,-0.163074503,-0.3438063161,0.1219852823,-0.8298252821,-0.3582449257,0.1980115026,0.2629303634,1.179555284e-06,0.2312797606,-0.2528001368,0.2068839967
1,119,1.19,-0.163074503,-0.3438063161,0.1219852823,-0.8427835107,-0.3640177548,0.2010734379,0.2669086456,1.155493806e-06,0.2283883691,-0.2562287748,0.2061678022
1,120,1.2,-0.163074503,-0.3438063161,0.1219852823,-0.8557650447,-0.3698039055,0.2041415125,0.2708941698,1.130883106e-06,0.2254392654,-0.2596282661,0.205445677
1,121,1.21,-0.163074503,-0.3438063161,0.1219852823,-0.8687674403,-0.3756020665,0.2072152197,0.2748861313,1.105721822e-06,0.2224331796,-0.2629970014,0.2047178149
1,122,1.22,-0.163074503,-0.3438063161,0.1219852823,-0.8817886114,-0.3814109266,0.2102940083,0.2788839638,1.080016546e-06,0.2193707228,-0.2663335204,0.2039844245
1,123,1.23,-0.163074503,-0.3438063161,0.1219852823,-0.8948263526,-0.3872292638,0.2133773565,0.2828869522,1.05377228e-06,0.2162528038,-0.2696359456,0.2032456696
1,124,1.24,-0.163074503,-0.3438063161,0.1219852823,-0.9078782201,-0.3930558562,0.2164647579,0.286894381,1.026986752e-06,0.2130802721,-0.2729028165,0.202501893
1,125,1.25,-0.163074503,-0.3438063161,0.1219852823,-0.9209422469,-0.398889482,0.2195556611,0.290905565,9.996715562e-07,0.2098539472,-0.2761327624,0.2017531842
1,126,1.26,-0.163074503,-0.3438063161,0.1219852823,-0.9340159893,-0.4047289491,0.2226495594,0.2949198484,9.718276033e-07,0.2065747082,-0.2793241143,0.200999856
1,127,1.27,-0.163074503,-0.3438063161,0.1219852823,-0.9470973015,-0.4105730653,0.2257459015,0.298936516,9.434605772e-07,0.2032434642,-0.2824756801,0.2002420574
1,128,1.28,-0.163074503,-0.3438063161,0.1219852823,-0.9601839185,-0.4164206982,0.2288441658,0.3029548526,9.145784361e-07,0.19986175,-0.2855855227,0.1994801015
1,129,1.29,-0.163074503,-0.3438063161,0.1219852823,-0.9732736349,-0.4222707152,0.2319438308,0.3069742322,8.851904454e-07,0.1964301318,-0.2886528075,0.1987139434
1,130,1.3,-0.163074503,-0.3438063161,0.1219852823,-0.9863641262,-0.4281220138,0.2350443453,0.3109939098,8.553063253e-07,0.1929499507,-0.2916759253,0.1979437619
1,131,1.31,-0.163074503,-0.3438063161,0.1219852823,-0.999453187,-0.4339734614,0.2381451875,0.3150132298,8.249331245e-07,0.1894224882,-0.2946535051,0.1971701235
1,132,1.32,-0.163074503,-0.3438063161,0.1219852823,-1.012538552,-0.4398239851,0.241245836,0.3190315366,7.940763567e-07,0.1858491153,-0.2975843251,0.1963928044
1,133,1.33,-0.163074503,-0.3438063161,0.1219852823,-1.025618076,-0.4456725121,0.2443457246,0.323048085,7.627493801e-07,0.1822306812,-0.3004673123,0.1956121176
1,134,1.34,-0.163074503,-0.3438063161,0.1219852823,-1.038689375,-0.45151788,0.2474443614,0.3270622194,7.309557191e-07,0.1785687506,-0.3033012152,0.1948281229
1,135,1.35,-0.163074503,-0.3438063161,0.1219852823,-1.051750183,-0.4573591053,0.2505411804,0.3310732245,6.987099255e-07,0.1748649925,-0.3060845733,0.194041416
1,136,1.36,-0.163074503,-0.3438063161,0.1219852823,-1.064798474,-0.4631951153,0.2536356747,0.335080415,6.660288818e-07,0.1711203903,-0.3088167608,0.1932518184
1,137,1.37,-0.163074503,-0.3438063161,0.1219852823,-1.077831984,-0.4690248072,0.256727308,0.3390831351,6.329145208e-07,0.1673365831,-0.3114964664,0.1924595088
1,138,1.38,-0.163074503,-0.3438063161,0.1219852823,-1.090848327,-0.4748471677,0.2598155439,0.3430806696,5.993729815e-07,0.1635150015,-0.3141228259,0.1916649938
1,139,1.39,-0.163074503,-0.3438063161,0.1219852823,-1.103845358,-0.4806611538,0.2628998756,0.3470723629,5.654193842e-07,0.159657225,-0.3166947961,0.1908679605
1,140,1.4,-0.163074503,-0.3438063161,0.1219852823,-1.116820931,-0.4864657521,0.2659797668,0.3510574996,5.310606639e-07,0.1557649672,-0.319211483,0.190068841
1,141,1.41,-0.163074503,-0.3438063161,0.1219852823,-1.129772544,-0.4922598898,0.2690546811,0.3550353944,4.963139304e-07,0.1518395096,-0.3216721416,0.1892681271
1,142,1.42,-0.163074503,-0.3438063161,0.1219852823,-1.142698288,-0.4980426133,0.2721241117,0.3590054214,4.611956967e-07,0.1478826702,-0.3240759373,0.1884654611
1,143,1.43,-0.163074503,-0.3438063161,0.1219852823,-1.155595899,-0.5038128495,0.2751874328,0.3629668057,4.257057356e-07,0.1438961327,-0.3264221549,0.1876613796
1,144,1.44,-0.163074503,-0.3438063161,0.1219852823,-1.168462992,-0.5095695853,0.278244257,0.3669189513,3.89861242e-07,0.1398814917,-0.3287100196,0.186856091
1,145,1.45,-0.163074503,-0.3438063161,0.1219852823,-1.181297541,-0.5153117776,0.2812939882,0.3708611429,3.536822817e-07,0.1358402222,-0.3309390545,0.1860495508
1,146,1.46,-0.163074503,-0.3438063161,0.1219852823,-1.194097161,-0.5210385323,0.2843360901,0.374792695,3.171744822e-07,0.1317745149,-0.333108604,0.1852422506
1,147,1.47,-0.163074503,-0.3438063161,0.1219852823,-1.206859708,-0.5267487764,0.2873700857,0.3787129819,2.803565451e-07,0.1276860237,-0.3352181315,0.1844340116
1,148,1.48,-0.163074503,-0.3438063161,0.1219852823,-1.219583154,-0.5324415565,0.2903954089,0.3826213181,2.432447559e-07,0.1235762239,-0.337267369,0.1836253852
1,149,1.49,-0.163074503,-0.3438063161,0.1219852823,-1.232265115,-0.5381157994,0.2934115827,0.3865170181,2.058463053e-07,0.1194469929,-0.3392557204,0.1828162819
1,150,1.5,-0.163074503,-0.3438063161,0.1219852823,-1.244903445,-0.5437705517,0.2964180708,0.3903993964,1.681827513e-07,0.1153002158,-0.3411829472,0.1820071191
1,151,1.51,-0.163074503,-0.3438063161,0.1219852823,-1.257496119,-0.5494048595,0.2994143367,0.3942677975,1.302674804e-07,0.1111378223,-0.3430487812,0.1811978668
1,152,1.52,-0.163074503,-0.3438063161,0.1219852823,-1.270040989,-0.5550178289,0.3023999035,0.3981215954,9.21044645e-08,0.1069611832,-0.3448530436,0.1803890914
1,153,1.53,-0.163074503,-0.3438063161,0.1219852823,-1.282535791,-0.5606083274,0.3053742647,0.4019601047,5.370873879e-08,0.1027723402,-0.3465955555,0.1795805842
1,154,1.54,-0.163074503,-0.3438063161,0.1219852823,-1.29497838,-0.5661755204,0.3083369434,0.4057826698,1.509616609e-08,0.09857327491,-0.3482761681,0.1787728369
1,155,1.55,-0.163074503,-0.3438063161,0.1219852823,-1.30736661,-0.5717183352,0.3112873137,0.4095886052,2.371422703e-08,0.0943659246,-0.3498948216,0.1779657304
1,156,1.56,-0.163074503,-0.3438063161,0.1219852823,-1.319698334,-0.5772358775,0.3142249584,0.413377285,6.272876618e-08,0.09015165269,-0.3514515758,0.177159816
1,157,1.57,-0.163074503,-0.3438063161,0.1219852823,-1.331971645,-0.5827272534,0.3171493709,0.4171480536,1.018395395e-07,0.08593241125,-0.3529466689,0.1763548851
1,158,1.58,-0.163074503,-0.3438063161,0.1219852823,-1.344184279,-0.5881914496,0.3200600147,0.4209002852,1.410731869e-07,0.08171022683,-0.3543800116,0.1755513251
1,159,1.59,-0.163074503,-0.3438063161,0.1219852823,-1.356333971,-0.5936275721,0.322956413,0.4246333241,1.804228731e-07,0.07748708874,-0.3557518721,0.1747495532
1,160,1.6,-0.163074503,-0.3438063161,0.1219852823,-1.368419051,-0.5990346074,0.3258380294,0.4283465445,2.198381424e-07,0.07326446474,-0.3570624888,0.1739495695
1,161,1.61,-0.163074503,-0.3438063161,0.1219852823,-1.380437136,-0.6044117212,0.3287044168,0.4320392907,2.59311264e-07,0.06904397905,-0.3583122492,0.1731514782
1,162,1.62,-0.163074503,-0.3438063161,0.1219852823,-1.392386317,-0.6097579002,0.3315550685,0.4357109368,2.988565768e-07,0.06482795626,-0.3595013618,0.1723557562
1,163,1.63,-0.163074503,-0.3438063161,0.1219852823,-1.40426445,-0.6150722504,0.3343895078,0.4393608272,3.384752461e-07,0.06061792374,-0.3606303632,0.1715625674
1,164,1.64,-0.163074503,-0.3438063161,0.1219852823,-1.416069627,-0.6203539371,0.3372072279,0.4429883957,3.781490534e-07,0.05641559884,-0.3616996706,0.1707717329
1,165,1.65,-0.163074503,-0.3438063161,0.1219852823,-1.427799702,-0.6256021261,0.340007782,0.4465929568,4.178707798e-07,0.05222272873,-0.3627098799,0.1699837446
1,166,1.66,-0.163074503,-0.3438063161,0.1219852823,-1.439452648,-0.6308169961,0.342790693,0.4501739144,4.576223489e-07,0.04804125801,-0.3636615276,0.1691984236
1,167,1.67,-0.163074503,-0.3438063161,0.1219852823,-1.45102644,-0.6359995604,0.3455555439,0.4537307322,4.973810519e-07,0.04387271032,-0.3645554781,0.1684148759
1,168,1.68,-0.163074503,-0.3438063161,0.1219852823,-1.462519169,-0.6411507726,0.3483018577,0.4572627246,5.371151133e-07,0.03971910849,-0.3653923869,0.1676332355
1,169,1.69,-0.163074503,-0.3438063161,0.1219852823,-1.473928928,-0.6462722421,0.3510291874,0.4607693255,5.767410585e-07,0.03558175266,-0.3661732376,0.1668521613
1,170,1.7,-0.163074503,-0.3438063161,0.1219852823,-1.485253692,-0.6513658762,0.3537370563,0.4642499387,6.162640602e-07,0.03146230802,-0.3668988645,0.1660714447
1,171,1.71,-0.163074503,-0.3438063161,0.1219852823,-1.496491551,-0.6564322114,0.3564249277,0.4677039385,6.556907124e-07,0.02736274339,-0.3675702214,0.1652903408
1,172,1.72,-0.163074503,-0.3438063161,0.1219852823,-1.5076406,-0.6614704728,0.3590923548,0.4711307287,6.95019537e-07,0.02328432165,-0.3681880534,0.1645091772
1,173,1.73,-0.163074503,-0.3438063161,0.1219852823,-1.518698812,-0.6664794683,0.361738801,0.4745296836,7.342441677e-07,0.01922850125,-0.3687532842,0.1637281924
1,174,1.74,-0.163074503,-0.3438063161,0.1219852823,-1.529664397,-0.6714579463,0.3643637598,0.4779002368,7.733596021e-07,0.0151971709,-0.3692668676,0.1629474163
1,175,1.75,-0.163074503,-0.3438063161,0.1219852823,-1.54053545,-0.6764047742,0.3669668734,0.481241852,8.123544148e-07,0.01119184867,-0.3697295189,0.1621675193
1,176,1.76,-0.163074503,-0.3438063161,0.1219852823,-1.551310062,-0.6813187003,0.3695476353,0.4845538735,8.51214736e-07,0.007213618141,-0.3701424003,0.1613886505
1,177,1.77,-0.163074503,-0.3438063161,0.1219852823,-1.561986327,-0.6861985326,0.3721055984,0.4878358245,8.899333466e-07,0.003264361992,-0.3705064654,0.1606111825
1,178,1.78,-0.163074503,-0.3438063161,0.1219852823,-1.572562575,-0.6910430193,0.3746403754,0.491087079,9.284957514e-07,-0.0006549415994,-0.3708226979,0.1598356068
1,179,1.79,-0.163074503,-0.3438063161,0.1219852823,-1.5830369,-0.6958511472,0.3771514893,0.4943071306,9.668922303e-07,-0.004542727489,-0.3710921705,0.1590621024
1,180,1.8,-0.163074503,-0.3438063161,0.1219852823,-1.593407631,-0.7006217241,0.3796385229,0.497495383,1.005117156e-06,-0.008397472091,-0.3713160753,0.1582907885
1,181,1.81,-0.163074503,-0.3438063161,0.1219852823,-1.603672743,-0.7053537369,0.382101059,0.5006513,1.043164048e-06,-0.01221772563,-0.3714955151,0.1575222313
1,182,1.82,-0.163074503,-0.3438063161,0.1219852823,-1.613830805,-0.7100461125,0.3845387101,0.5037744045,1.08101483e-06,-0.01600286178,-0.3716316521,0.1567566693
1,183,1.83,-0.163074503,-0.3438063161,0.1219852823,-1.623879671,-0.7146977782,0.3869510293,0.5068640113,1.118660293e-06,-0.01975094713,-0.3717257082,0.1559941769
1,184,1.84,-0.163074503,-0.3438063161,0.1219852823,-1.63381803,-0.7193077803,0.3893375993,0.5099197626,1.156079975e-06,-0.02346120588,-0.3717788756,0.1552352458
1,185,1.85,-0.163074503,-0.3438063161,0.1219852823,-1.643643856,-0.7238750458,0.3916980624,0.5129410625,1.193268645e-06,-0.02713212743,-0.3717924654,0.1544799656
1,186,1.86,-0.163074503,-0.3438063161,0.1219852823,-1.653355718,-0.7283986807,0.3940319717,0.5159273744,1.23021141e-06,-0.03076276369,-0.3717676401,0.1537285298
1,187,1.87,-0.163074503,-0.3438063161,0.1219852823,-1.662951946,-0.7328776717,0.3963389695,0.5188782811,1.266898948e-06,-0.03435200825,-0.3717058301,0.1529815346
1,188,1.88,-0.163074503,-0.3438063161,0.1219852823,-1.672430634,-0.7373111248,0.3986186087,0.5217931271,1.303323074e-06,-0.03789875284,-0.3716082573,0.1522389054
1,189,1.89,-0.163074503,-0.3438063161,0.1219852823,-1.681790233,-0.7416980863,0.4008705616,0.5246714354,1.339466166e-06,-0.04140188545,-0.3714762628,0.1515011191
1,190,1.9,-0.163074503,-0.3438063161,0.1219852823,-1.691029191,-0.7460377216,0.4030943811,0.5275128484,1.375310148e-06,-0.04486010596,-0.3713112473,0.1507681161
1,191,1.91,-0.163074503,-0.3438063161,0.1219852823,-1.70014596,-0.7503290176,0.4052897394,0.5303168297,1.410846039e-06,-0.04827303812,-0.3711144924,0.1500403881
1,192,1.92,-0.163074503,-0.3438063161,0.1219852823,-1.709138989,-0.7545711994,0.4074562192,0.5330827832,1.446065198e-06,-0.05163942277,-0.3708874285,0.1493182331
1,193,1.93,-0.163074503,-0.3438063161,0.1219852823,-1.718006849,-0.7587634325,0.4095934629,0.535810411,1.480958872e-06,-0.05495843291,-0.370631367,0.1486015916
1,194,1.94,-0.163074503,-0.3438063161,0.1219852823,-1.726747751,-0.762904942,0.4117010832,0.5384990573,1.515514327e-06,-0.05822914466,-0.3703477979,0.1478908658
1,195,1.95,-0.163074503,-0.3438063161,0.1219852823,-1.735360384,-0.7669948339,0.4137787223,0.5411483645,1.549719286e-06,-0.06145071238,-0.3700379729,0.1471864432
1,196,1.96,-0.163074503,-0.3438063161,0.1219852823,-1.743843198,-0.771032393,0.415826112,0.5437579751,1.583567496e-06,-0.06462243199,-0.3697034419,0.1464881152
1,197,1.97,-0.163074503,-0.3438063161,0.1219852823,-1.752194762,-0.7750167251,0.4178428352,0.5463272333,1.617043949e-06,-0.06774327904,-0.3693455756,0.1457963884
1,198,1.98,-0.163074503,-0.3438063161,0.1219852823,-1.760413766,-0.7789471149,0.4198285341,0.5488558412,1.650140007e-06,-0.07081308216,-0.3689656854,0.1451112181
1,199,1.99,-0.163074503,-0.3438063161,0.1219852823,-1.76849854,-0.7828228474,0.4217829108,0.551343441,1.682846573e-06,-0.07383057475,-0.368565321,0.1444329619
1,200,2,-0.163074503,-0.3438063161,0.1219852823,-1.776447773,-0.7866431475,0.4237055779,0.5537893772,1.715148073e-06,-0.07679545134,-0.3681457341,0.1437618285
1,201,2.01,-0.163074503,-0.3438063161,0.1219852823,-1.784260154,-0.7904073,0.4255962074,0.5561933517,1.747030183e-06,-0.07970681787,-0.3677084446,0.1430980712
1,202,2.02,-0.163074503,-0.3438063161,0.1219852823,-1.791934371,-0.7941146493,0.427454561,0.5585548878,1.778488354e-06,-0.08256430924,-0.3672547638,0.1424418241
1,203,2.03,-0.163074503,-0.3438063161,0.1219852823,-1.799469233,-0.7977644801,0.4292802513,0.5608737469,1.809519063e-06,-0.0853670612,-0.3667861521,0.1417932063
1,204,2.04,-0.163074503,-0.3438063161,0.1219852823,-1.806863308,-0.8013560176,0.4310729504,0.5631493926,1.840115146e-06,-0.08811514825,-0.3663038611,0.1411523372
1,205,2.05,-0.163074503,-0.3438063161,0.1219852823,-1.814115286,-0.8048886657,0.4328323901,0.5653814673,1.870267283e-06,-0.0908074975,-0.3658094108,0.1405196041
1,206,2.06,-0.163074503,-0.3438063161,0.1219852823,-1.821223974,-0.8083617091,0.4345582426,0.5675696135,1.899959784e-06,-0.09344378114,-0.3653040826,0.1398952901
1,207,2.07,-0.163074503,-0.3438063161,0.1219852823,-1.828188062,-0.8117746115,0.4362502396,0.5697134137,1.92918651e-06,-0.09602382779,-0.3647891879,0.1392791569
1,208,2.08,-0.163074503,-0.3438063161,0.1219852823,-1.835006475,-0.8151267171,0.4379080534,0.5718125105,1.957937911e-06,-0.09854672104,-0.3642662168,0.1386715174
1,209,2.09,-0.163074503,-0.3438063161,0.1219852823,-1.841678023,-0.8184174299,0.4395314455,0.5738666058,1.986211146e-06,-0.1010123268,-0.3637363613,0.1380726248
1,210,2.1,-0.163074503,-0.3438063161,0.1219852823,-1.848201513,-0.8216460943,0.4411201477,0.5758752227,2.013997118e-06,-0.1034202948,-0.3632009923,0.1374826282
1,211,2.11,-0.163074503,-0.3438063161,0.1219852823,-1.854575872,-0.8248121142,0.4426738322,0.5778381824,2.041285597e-06,-0.1057704687,-0.3626612425,0.1369015276
1,212,2.12,-0.163074503,-0.3438063161,0.1219852823,-1.860799909,-0.8279149532,0.4441922605,0.5797549486,2.068070444e-06,-0.1080622524,-0.3621186018,0.1363295913
1,213,2.13,-0.163074503,-0.3438063161,0.1219852823,-1.866872549,-0.8309540749,0.4456751347,0.581625402,2.094342108e-06,-0.1102953106,-0.3615742028,0.1357671767
1,214,2.14,-0.163074503,-0.3438063161,0.1219852823,-1.872792959,-0.8339288831,0.447122246,0.5834491253,2.120091949e-06,-0.1124697998,-0.3610292077,0.1352140605
1,215,2.15,-0.163074503,-0.3438063161,0.1219852823,-1.878560066,-0.8368388414,0.4485333562,0.5852257609,2.145324061e-06,-0.1145851612,-0.3604848981,0.134670645
1,216,2.16,-0.163074503,-0.3438063161,0.1219852823,-1.884172797,-0.8396834731,0.4499082565,0.5869550705,2.17003344e-06,-0.1166411638,-0.3599425256,0.1341368407
1,217,2.17,-0.163074503,-0.3438063161,0.1219852823,-1.889630198,-0.8424622416,0.4512465894,0.5886366963,2.194214858e-06,-0.1186375245,-0.359403193,0.1336130649
1,218,2.18,-0.163074503,-0.3438063161,0.1219852823,-1.894931436,-0.8451746106,0.4525482059,0.5902704,2.217865131e-06,-0.1205742136,-0.3588680029,0.1330992877
1,219,2.19,-0.163074503,-0.3438063161,0.1219852823,-1.900075436,-0.8478201032,0.4538128674,0.591855824,2.240975164e-06,-0.1224511713,-0.3583380282,0.1325956285
1,220,2.2,-0.163074503,-0.3438063161,0.1219852823,-1.905061603,-0.8503983617,0.4550403655,0.593392849,2.263539955e-06,-0.124268055,-0.3578144312,0.1321023405
1,221,2.21,-0.163074503,-0.3438063161,0.1219852823,-1.909888625,-0.8529088497,0.4562304914,0.5948811173,2.285564051e-06,-0.1260248572,-0.3572982252,0.131619364
1,222,2.22,-0.163074503,-0.3438063161,0.1219852823,-1.914555907,-0.8553510904,0.4573830366,0.5963203311,2.30702608e-06,-0.1277211159,-0.3567905724,0.1311468929
1,223,2.23,-0.163074503,-0.3438063161,0.1219852823,-1.919062734,-0.8577246666,0.4584978223,0.597710371,2.327921266e-06,-0.1293572932,-0.3562922478,0.1306851059
1,224,2.24,-0.163074503,-0.3438063161,0.1219852823,-1.92340827,-0.860029161,0.45957461,0.5990508795,2.348258022e-06,-0.1309330314,-0.3558043242,0.1302340776
1,225,2.25,-0.163074503,-0.3438063161,0.1219852823,-1.927591801,-0.8622641563,0.4606132209,0.6003416777,2.368031573e-06,-0.1324479878,-0.3553278446,0.1297938377
1,226,2.26,-0.163074503,-0.3438063161,0.1219852823,-1.93161273,-0.8644292951,0.4616135359,0.6015825868,2.387244422e-06,-0.1339025497,-0.3548635244,0.1293646097
1,227,2.27,-0.163074503,-0.3438063161,0.1219852823,-1.935474277,-0.8665241599,0.4625753462,0.6027732491,2.400603307e-06,-0.1352978349,-0.3544118106,0.1289465129
1,228,2.28,-0.163074503,-0.3438063161,0.1219852823,-1.939206719,-0.8685483932,0.463498503,0.6039136052,2.38225266e-06,-0.1366447061,-0.353969276,0.128539592
1,229,2.29,-0.163074503,-0.3438063161,0.1219852823,-1.942833543,-0.8705016375,0.4643827975,0.6050033569,2.334801593e-06,-0.1379517615,-0.3535333276,0.1281438321
1,230,2.3,-0.163074503,-0.3438063161,0.1219852823,-1.946358681,-0.8723835349,0.4652281404,0.6060423851,2.277619615e-06,-0.1392204165,-0.3531037867,0.1277594417
1,231,2.31,-0.163074503,-0.3438063161,0.1219852823,-1.949780345,-0.8741937876,0.4660343826,0.6070305109,2.222832563e-06,-0.1404501796,-0.3526813984,0.1273867339
1,232,2.32,-0.163074503,-0.3438063161,0.1219852823,-1.953095198,-0.8759320378,0.4668013752,0.6079675555,2.175683221e-06,-0.1416398883,-0.3522672057,0.1270252913
1,233,2.33,-0.163074503,-0.3438063161,0.1219852823,-1.956299663,-0.8775980473,0.467528969,0.6088533998,2.137691808e-06,-0.1427883953,-0.3518619835,0.1266756654
1,234,2.34,-0.163074503,-0.3438063161,0.1219852823,-1.959390402,-0.8791914582,0.4682170451,0.6096877456,2.10870121e-06,-0.1438948065,-0.3514666855,0.1263376623
1,235,2.35,-0.163074503,-0.3438063161,0.1219852823,-1.962363958,-0.8807119727,0.468865484,0.610470593,2.087926305e-06,-0.1449579597,-0.351082325,0.1260114312
1,236,2.36,-0.163074503,-0.3438063161,0.1219852823,-1.965216994,-0.8821593523,0.4694741666,0.6112017632,2.074378926e-06,-0.1459766328,-0.3507098258,0.1256971657
1,237,2.37,-0.163074503,-0.3438063161,0.1219852823,-1.967946768,-0.8835333586,0.4700430036,0.6118811369,2.067085916e-06,-0.1469501853,-0.3503498733,0.1253946275
1,238,2.38,-0.163074503,-0.3438063161,0.1219852823,-1.970550299,-0.8848338127,0.4705719054,0.612508595,2.06513414e-06,-0.1478776187,-0.3500034213,0.1251045167
1,239,2.39,-0.163074503,-0.3438063161,0.1219852823,-1.973024964,-0.8860604167,0.4710607529,0.6130839586,2.067705509e-06,-0.1487582177,-0.3496712446,0.1248262227
1,240,2.4,-0.163074503,-0.3438063161,0.1219852823,-1.975368381,-0.8872129321,0.4715094864,0.6136072278,2.07407129e-06,-0.1495910734,-0.3493540883,0.1245599091
1,241,2.41,-0.163074503,-0.3438063161,0.1219852823,-1.977580667,-0.8882924914,0.4719189107,0.614079535,2.081011644e-06,-0.1503764987,-0.3490523398,0.1243059188
1,242,2.42,-0.163074503,-0.3438063161,0.1219852823,-1.979666352,-0.8893023133,0.4722913206,0.6145040393,2.083379741e-06,-0.1511162966,-0.3487657011,0.1240636036
1,243,2.43,-0.163074503,-0.3438063161,0.1219852823,-1.981631875,-0.8902464509,0.4726296067,0.6148847342,2.078104444e-06,-0.1518126279,-0.3484937847,0.1238326952
1,244,2.44,-0.163074503,-0.3438063161,0.1219852823,-1.98348403,-0.8911290169,0.4729368389,0.6152259707,2.064442469e-06,-0.1524682045,-0.3482358158,0.1236130297
1,245,2.45,-0.163074503,-0.3438063161,0.1219852823,-1.985229254,-0.8919540048,0.4732157886,0.6155317426,2.042884944e-06,-0.1530853808,-0.3479912579,0.1234040558
1,246,2.46,-0.163074503,-0.3438063161,0.1219852823,-1.986873627,-0.8927251697,0.4734690487,0.6158056855,2.014408892e-06,-0.1536664665,-0.3477594554,0.1232056245
1,247,2.47,-0.163074503,-0.3438063161,0.1219852823,-1.98842299,-0.8934460282,0.4736990035,0.6160510778,1.980107982e-06,-0.1542134136,-0.3475398719,0.1230170056
1,248,2.48,-0.163074503,-0.3438063161,0.1219852823,-1.989882708,-0.8941198587,0.4739077985,0.6162708402,1.941041091e-06,-0.1547283977,-0.3473318219,0.1228380874
1,249,2.49,-0.163074503,-0.3438063161,0.1219852823,-1.991258264,-0.894749701,0.4740973711,0.6164677143,1.898166943e-06,-0.1552132666,-0.3471348286,0.1226685643
1,250,2.5,-0.163074503,-0.3438063161,0.1219852823,-1.992554307,-0.8953384161,0.4742695093,0.6166441441,1.852343644e-06,-0.1556698084,-0.3469483852,0.1225079447
1,251,2.51,-0.163074503,-0.3438063161,0.1219852823,-1.993775487,-0.8958886862,0.4744258225,0.616802156,1.804310841e-06,-0.1560994983,-0.3467719257,0.1223557591
1,252,2.52,-0.163074503,-0.3438063161,0.1219852823,-1.994926095,-0.8964030147,0.474567771,0.6169437766,1.754710297e-06,-0.1565043032,-0.3466049433,0.1222120002
1,253,2.53,-0.163074503,-0.3438063161,0.1219852823,-1.996010184,-0.8968837857,0.4746966958,0.6170705557,1.704090664e-06,-0.1568852961,-0.3464470804,0.1220760122
1,254,2.54,-0.163074503,-0.3438063161,0.1219852823,-1.997031689,-0.8973331451,0.4748137891,0.6171841621,1.652919082e-06,-0.1572441608,-0.3462976515,0.1219472736
1,255,2.55,-0.163074503,-0.3438063161,0.1219852823,-1.997994184,-0.8977531791,0.4749201536,0.6172859669,1.601600388e-06,-0.1575820148,-0.3461563885,0.1218259335
1,256,2.56,-0.163074503,-0.3438063161,0.1219852823,-1.99890101,-0.8981457949,0.4750167429,0.617377162,1.550471438e-06,-0.1579002589,-0.3460228443,0.1217111945
1,257,2.57,-0.163074503,-0.3438063161,0.1219852823,-1.999755383,-0.8985127211,0.4751045108,0.6174588799,1.499815085e-06,-0.1581998616,-0.3458966017,0.1216031611
1,258,2.58,-0.163074503,-0.3438063161,0.1219852823,-2.000560284,-0.8988556862,0.4751842022,0.6175320745,1.449864499e-06,-0.158481881,-0.3457773328,0.1215009615
1,259,2.59,-0.163074503,-0.3438063161,0.1219852823,-2.001318693,-0.8991762996,0.475256592,0.6175976396,1.400812266e-06,-0.1587476134,-0.3456646502,0.1214047223
1,260,2.6,-0.163074503,-0.3438063161,0.1219852823,-2.002033472,-0.8994759321,0.4753223658,0.6176564097,1.352821755e-06,-0.1589978486,-0.3455580473,0.1213139221
1,261,2.61,-0.163074503,-0.3438063161,0.1219852823,-2.002707005,-0.8997560143,0.4753820896,0.6177091002,1.306027571e-06,-0.1592335403,-0.3454574347,0.1212284863
1,262,2.62,-0.163074503,-0.3438063161,0.1219852823,-2.003341436,-0.9000177979,0.4754363894,0.6177562475,1.260526801e-06,-0.1594554782,-0.345362395,0.1211479455
1,263,2.63,-0.163074503,-0.3438063161,0.1219852823,-2.00393939,-0.9002624154,0.4754857421,0.6177985668,1.216392434e-06,-0.1596645713,-0.3452725708,0.1210720763
1,264,2.64,-0.163074503,-0.3438063161,0.1219852823,-2.004502773,-0.9004911184,0.4755305052,0.6178363562,1.173680175e-06,-0.159861505,-0.3451877534,0.1210006475
1,265,2.65,-0.163074503,-0.3438063161,0.1219852823,-2.005033493,-0.9007048607,0.4755712152,0.6178702116,1.132426632e-06,-0.1600468755,-0.3451077342,0.120933339
1,266,2.66,-0.163074503,-0.3438063161,0.1219852823,-2.005533457,-0.9009046555,0.4756082296,0.61790061,1.092648859e-06,-0.1602214873,-0.3450321555,0.1208702698
1,267,2.67,-0.163074503,-0.3438063161,0.1219852823,-2.006004572,-0.9010913372,0.4756418467,0.6179279089,1.054358563e-06,-0.1603859216,-0.344960779,0.1208106354
1,268,2.68,-0.163074503,-0.3438063161,0.1219852823,-2.006448507,-0.9012659192,0.475672394,0.6179523468,1.017559725e-06,-0.1605408937,-0.3448934257,0.1207547858
1,269,2.69,-0.163074503,-0.3438063161,0.1219852823,-2.006866932,-0.9014290571,0.4757001698,0.6179741621,9.822467746e-07,-0.1606869102,-0.3448297977,0.1207023412
1,270,2.7,-0.163074503,-0.3438063161,0.1219852823,-2.007261038,-0.9015815258,0.4757253826,0.617993772,9.484021462e-07,-0.1608242989,-0.3447698057,0.1206527054
1,271,2.71,-0.163074503,-0.3438063161,0.1219852823,-2.007632494,-0.9017240405,0.4757483304,0.618011415,9.159954857e-07,-0.1609538347,-0.3447130919,0.1206064299
1,272,2.72,-0.163074503,-0.3438063161,0.1219852823,-2.007982492,-0.9018571973,0.475769192,0.6180271506,8.85005818e-07,-0.1610758305,-0.3446596265,0.1205626503
1,273,2.73,-0.163074503,-0.3438063161,0.1219852823,-2.008312225,-0.9019816518,0.4757881761,0.6180412173,8.554009696e-07,-0.1611907035,-0.3446092308,0.1205218136
1,274,2.74,-0.163074503,-0.3438063161,0.1219852823,-2.008622885,-0.902098,0.4758054316,0.6180538535,8.271366596e-07,-0.1612989604,-0.344561547,0.1204833165
1,275,2.75,-0.163074503,-0.3438063161,0.1219852823,-2.008915663,-0.9022067785,0.4758211076,0.6180651188,8.001778724e-07,-0.1614008695,-0.3445166945,0.1204472557
1,276,2.76,-0.163074503,-0.3438063161,0.1219852823,-2.009191513,-0.9023084044,0.4758353531,0.6180752516,7.744862387e-07,-0.1614969522,-0.344474256,0.1204133406
1,277,2.77,-0.163074503,-0.3438063161,0.1219852823,-2.009451389,-0.9024033546,0.4758483171,0.6180844307,7.500199217e-07,-0.1615874171,-0.3444342911,0.1203815266
1,278,2.78,-0.163074503,-0.3438063161,0.1219852823,-2.009696484,-0.902492106,0.4758601189,0.6180926561,7.267334468e-07,-0.1616725624,-0.3443965912,0.1203515753
1,279,2.79,-0.163074503,-0.3438063161,0.1219852823,-2.009927273,-0.9025750756,0.4758708477,0.6180999279,7.04583897e-07,-0.1617530286,-0.3443609178,0.1203237325
1,280,2.8,-0.163074503,-0.3438063161,0.1219852823,-2.010144711,-0.9026525617,0.4758806229,0.6181064248,6.835287536e-07,-0.1618285775,-0.3443273604,0.1202974096
1,281,2.81,-0.163074503,-0.3438063161,0.1219852823,-2.010349512,-0.9027249813,0.475889504,0.6181123257,6.635233376e-07,-0.1618998051,-0.3442957401,0.1202727258
1,282,2.82,-0.163074503,-0.3438063161,0.1219852823,-2.010542631,-0.9027926922,0.4758975804,0.6181175709,6.445217196e-07,-0.1619670242,-0.3442658186,0.1202495098
1,283,2.83,-0.163074503,-0.3438063161,0.1219852823,-2.010724306,-0.9028559923,0.4759049118,0.61812222,6.264859849e-07,-0.1620301157,-0.3442376852,0.1202278882
1,284,2.84,-0.163074503,-0.3438063161,0.1219852823,-2.010895729,-0.9029151201,0.4759115875,0.6181263924,6.093685556e-07,-0.1620897949,-0.3442110717,0.1202076599
1,285,2.85,-0.163074503,-0.3438063161,0.1219852823,-2.011057377,-0.9029704332,0.4759176672,0.6181301475,5.931360079e-07,-0.1621458232,-0.3441860378,0.120188497
1,286,2.86,-0.163074503,-0.3438063161,0.1219852823,-2.011209488,-0.9030221105,0.4759232104,0.6181335449,5.777532692e-07,-0.1621986479,-0.3441624343,0.1201706678
1,287,2.87,-0.163074503,-0.3438063161,0.1219852823,-2.011352777,-0.9030703902,0.4759282768,0.6181365848,5.63173387e-07,-0.1622484475,-0.3441401422,0.1201538667
1,288,2.88,-0.163074503,-0.3438063161,0.1219852823,-2.011487961,-0.9031155705,0.4759328663,0.6181393266,5.493589583e-07,-0.162295416,-0.3441191018,0.1201380715
1,289,2.89,-0.163074503,-0.3438063161,0.1219852823,-2.011614799,-0.903157711,0.4759370387,0.6181417704,5.362721254e-07,-0.1623395383,-0.3440993428,0.1201235056
1,290,2.9,-0.163074503,-0.3438063161,0.1219852823,-2.011734962,-0.9031971693,0.4759408534,0.6181439757,5.238736094e-07,-0.1623811275,-0.3440806568,0.1201096252
1,291,2.91,-0.163074503,-0.3438063161,0.1219852823,-2.011847973,-0.9032340646,0.4759443104,0.6181459427,5.121442541e-07,-0.1624203622,-0.3440630436,0.1200966984
1,292,2.92,-0.163074503,-0.3438063161,0.1219852823,-2.011954308,-0.9032685161,0.4759474695,0.6181476712,5.010465998e-07,-0.162457332,-0.3440463841,0.1200846061
1,293,2.93,-0.163074503,-0.3438063161,0.1219852823,-2.012054682,-0.9033007026,0.4759503305,0.6181492805,4.905476203e-07,-0.1624921411,-0.3440307379,0.1200733036
1,294,2.94,-0.163074503,-0.3438063161,0.1219852823,-2.012149096,-0.9033307433,0.4759529531,0.6181507111,4.806157108e-07,-0.1625248939,-0.3440159559,0.1200626791
1,295,2.95,-0.163074503,-0.3438063161,0.1219852823,-2.012238026,-0.9033588767,0.4759553373,0.6181519628,4.712197494e-07,-0.1625558287,-0.3440020382,0.1200527027
1,296,2.96,-0.163074503,-0.3438063161,0.1219852823,-2.012321949,-0.9033851027,0.4759575129,0.6181531549,4.623370558e-07,-0.1625849754,-0.3439888656,0.1200434491
1,297,2.97,-0.163074503,-0.3438063161,0.1219852823,-2.012400866,-0.9034096599,0.4759594798,0.6181541085,4.539413681e-07,-0.162612319,-0.3439765275,0.1200346351
1,298,2.98,-0.163074503,-0.3438063161,0.1219852823,-2.012475491,-0.9034326077,0.4759612978,0.6181550622,4.460059131e-07,-0.1626382023,-0.3439648747,0.1200265586
1,299,2.99,-0.163074503,-0.3438063161,0.1219852823,-2.012545586,-0.9034540653,0.4759629369,0.6181558371,4.385102272e-07,-0.1626625061,-0.3439538777,0.1200188026
2,0,0,-0.1422232986,0.04580636559,0.368789533,4.138159537e-10,-0.001892744564,-0.001874481211,-0.0003637019836,5.014769489e-09,0.2988586426,-1.323821053e-09,0.2381825298
2,1,0.01,-0.1422232986,0.04580636559,0.368789533,3.749261168e-06,-0.00193402078,-0.001903012977,-0.0003695577325,2.424432211e-09,0.298864305,1.131180511e-06,0.238161698
2,2,0.02,-0.1422232986,0.04580636559,0.368789533,2.091042006e-05,-0.001968978206,-0.001928083482,-0.0003791526542,7.989037876e-09,0.2988690138,6.160722478e-06,0.2381433696
2,3,0.03,-0.1422232986,0.04580636559,0.368789533,6.360172119e-05,-0.001994520659,-0.001949159312,-0.0003965751093,2.890694972e-08,0.2988725007,1.890911881e-05,0.2381281704
2,4,0.04,-0.1422232986,0.04580636559,0.368789533,0.0001440358319,-0.002007493284,-0.001965646399,-0.000425973587,6.058893121e-08,0.2988742292,4.30062646e-05,0.2381164879
2,5,0.05,-0.1422232986,0.04580636559,0.368789533,0.0002739257179,-0.002004869981,-0.001976963133,-0.0004712496302,1.020578395e-07,0.2988738418,8.181019075e-05,0.2381092161
2,6,0.06,-0.1422232986,0.04580636559,0.368789533,0.0004643557477,-0.001983800903,-0.001982564572,-0.0005359671777,1.518900632e-07,0.2988709211,0.0001386814401,0.2381067723
2,7,0.07,-0.1422232986,0.04580636559,0.368789533,0.0007257743273,-0.001941617811,-0.001981950831,-0.0006233422901,2.085966031e-07,0.2988650203,0.0002168092615,0.238109991
2,8,0.08,-0.1422232986,0.04580636559,0.368789533,0.001068017562,-0.001875828602,-0.001974667422,-0.0007362616598,2.707790827e-07,0.298855871,0.0003191145661,0.2381193191
2,9,0.09,-0.1422232986,0.04580636559,0.368789533,0.001500338782,-0.001784107415,-0.001960302237,-0.0008773092413,3.371820583e-07,0.2988431454,0.0004483443045,0.2381350845
2,10,0.1,-0.1422232986,0.04580636559,0.368789533,0.002031439682,-0.001664285082,-0.001938482164,-0.001048794133,4.067020427e-07,0.2988263965,0.000607054506,0.2381580025
2,11,0.11,-0.1422232986,0.04580636559,0.368789533,0.00266949879,-0.001514339703,-0.001908871229,-0.001252777991,4.783799454e-07,0.2988054156,0.0007976905326,0.2381883562
2,12,0.12,-0.1422232986,0.04580636559,0.368789533,0.003422199748,-0.00133238791,-0.001871165936,-0.001491098781,5.513876999e-07,0.2987797558,0.001022427226,0.2382268906
2,13,0.13,-0.1422232986,0.04580636559,0.368789533,0.004296757746,-0.001116676489,-0.001825093292,-0.001765393536,6.250132287e-07,0.2987491488,0.001283710706,0.2382737696
2,14,0.14,-0.1422232986,0.04580636559,0.368789533,0.005299942568,-0.0008655741694,-0.001770407544,-0.002077118261,6.986484777e-07,0.2987132967,0.00158311578,0.238329336
2,15,0.15,-0.1422232986,0.04580636559,0.368789533,0.00643810397,-0.0005775649915,-0.001706888317,-0.002427565632,7.717760582e-07,0.2986717522,0.00192282442,0.238394171
2,16,0.16,-0.1422232986,0.04580636559,0.368789533,0.007717193104,-0.0002512407082,-0.001634338289,-0.002817882225,8.439577641e-07,0.2986241579,0.002304589842,0.2384686768
2,17,0.17,-0.1422232986,0.04580636559,0.368789533,0.009142780676,0.0001147051225,-0.001552581321,-0.003249080852,9.148252502e-07,0.2985703647,0.002729774453,0.2385527194
2,18,0.18,-0.1422232986,0.04580636559,0.368789533,0.0107200807,0.0005214831326,-0.001461460372,-0.003722055582,9.840708799e-07,0.2985097766,0.003200185951,0.2386469841
2,19,0.19,-0.1422232986,0.04580636559,0.368789533,0.01245396584,0.0009702138486,-0.00136083574,-0.00423759222,1.051440222e-06,0.2984420061,0.003716975451,0.2387517393
2,20,0.2,-0.1422232986,0.04580636559,0.368789533,0.01434898563,0.001461933018,-0.00125058461,-0.00479637878,1.116725571e-06,0.2983666956,0.00428155344,0.2388670146
2,21,0.21,-0.1422232986,0.04580636559,0.368789533,0.01640938036,0.001997596119,-0.001130598364,-0.005399014801,1.179758442e-06,0.2982833982,0.004895026796,0.2389934063
2,22,0.22,-0.1422232986,0.04580636559,0.368789533,0.01863910258,0.002578083891,-0.001000782242,-0.006046020426,1.240406164e-06,0.298191607,0.005558648612,0.2391308099
2,23,0.23,-0.1422232986,0.04580636559,0.368789533,0.02104182541,0.003204205073,-0.0008610539953,-0.00673784269,1.298565621e-06,0.2980908453,0.006273275707,0.2392796129
2,24,0.24,-0.1422232986,0.04580636559,0.368789533,0.02362095937,0.003876701929,-0.0007113429601,-0.00747486297,1.354160077e-06,0.2979806364,0.007039852906,0.2394399494
2,25,0.25,-0.1422232986,0.04580636559,0.368789533,0.02637966163,0.004596252926,-0.000551589008,-0.008257403038,1.407135414e-06,0.2978604436,0.007859228179,0.2396119982
2,26,0.26,-0.1422232986,0.04580636559,0.368789533,0.02932085283,0.005363476928,-0.0003817418183,-0.009085728787,1.457456278e-06,0.2977295816,0.008732026443,0.2397958636
2,27,0.27,-0.1422232986,0.04580636559,0.368789533,0.03244723007,0.006178935524,-0.000201760151,-0.009960060008,1.505104592e-06,0.2975876033,0.009659169242,0.23999165
2,28,0.28,-0.1422232986,0.04580636559,0.368789533,0.03576126695,0.007043137681,-1.161111413e-05,-0.01088056713,1.550075694e-06,0.2974337041,0.01064099371,0.2401995957
2,29,0.29,-0.1422232986,0.04580636559,0.368789533,0.03926523775,0.007956542075,0.0001887305116,-0.01184738055,1.592376975e-06,0.2972673178,0.01167822257,0.2404197007
2,30,0.3,-0.1422232986,0.04580636559,0.368789533,0.04296122119,0.008919557557,0.0003992826678,-0.01286059432,1.632025601e-06,0.2970877886,0.01277107187,0.2406522483
2,31,0.31,-0.1422232986,0.04580636559,0.368789533,0.0468888469,0.009932547808,0.0006200566422,-0.01392026525,1.697834364e-06,0.2968937159,0.01393121574,0.2408970892
2,32,0.32,-0.1422232986,0.04580636559,0.368789533,0.05110436305,0.01099582855,0.0008510578773,-0.01502641942,1.807145054e-06,0.2966834605,0.01517493371,0.241154477
2,33,0.33,-0.1422232986,0.04580636559,0.368789533,0.05563644692,0.01210967172,0.001092285966,-0.01617905311,1.941775736e-06,0.2964553833,0.01651077159,0.2414243966
2,34,0.34,-0.1422232986,0.04580636559,0.368789533,0.06048974395,0.01327431202,0.001343734795,-0.01737813279,2.078133548e-06,0.296208024,0.01793943904,0.2417069972
2,35,0.35,-0.1422232986,0.04580636559,0.368789533,0.06565961987,0.01448995154,0.001605392899,-0.01862360165,2.201882126e-06,0.2959401608,0.01945929602,0.2420019656
2,36,0.36,-0.1422232986,0.04580636559,0.368789533,0.07113819569,0.01575675979,0.00187724398,-0.01991537958,2.30677756e-06,0.2956503332,0.02106759138,0.2423098534
2,37,0.37,-0.1422232986,0.04580636559,0.368789533,0.0769167915,0.01707487367,0.002159267198,-0.02125336789,2.391386943e-06,0.2953373492,0.02276124991,0.2426301539
2,38,0.38,-0.1422232986,0.04580636559,0.368789533,0.08298689872,0.01844439842,0.002451437991,-0.02263744362,2.456662514e-06,0.2949996889,0.02453735843,0.2429632992
2,39,0.39,-0.1422232986,0.04580636559,0.368789533,0.08934047073,0.01986541227,0.002753727604,-0.02406746522,2.504541499e-06,0.2946361005,0.02639306337,0.2433091104
2,40,0.4,-0.1422232986,0.04580636559,0.368789533,0.0959700942,0.02133795805,0.003066102974,-0.02554327622,2.537235105e-06,0.2942451537,0.02832573652,0.2436676174
2,41,0.41,-0.1422232986,0.04580636559,0.368789533,0.1028689146,0.02286205627,0.003388528246,-0.02706469782,2.556897471e-06,0.2938255072,0.03033257462,0.244038552
2,42,0.42,-0.1422232986,0.04580636559,0.368789533,0.1100306287,0.02443770133,0.003720963607,-0.02863153815,2.565493105e-06,0.2933757007,0.03241121396,0.2444222271
2,43,0.43,-0.1422232986,0.04580636559,0.368789533,0.1174494177,0.02606486157,0.004063366447,-0.03024359234,2.564756414e-06,0.2928942442,0.03455924988,0.2448184937
2,44,0.44,-0.1422232986,0.04580636559,0.368789533,0.1251199245,0.02774347924,0.004415691365,-0.03190063685,2.556189656e-06,0.2923797369,0.03677453846,0.2452273369
2,45,0.45,-0.1422232986,0.04580636559,0.368789533,0.1330371797,0.02947347425,0.004777888767,-0.03360244259,2.541082949e-06,0.2918307185,0.03905484825,0.2456486821
2,46,0.46,-0.1422232986,0.04580636559,0.368789533,0.141196534,0.03125474229,0.005149907898,-0.0353487581,2.520536782e-06,0.2912457585,0.04139823467,0.2460824847
2,47,0.47,-0.1422232986,0.04580636559,0.368789533,0.1495936811,0.03308716416,0.00553169474,-0.03713932633,2.495485887e-06,0.2906233668,0.04380258173,0.2465285212
2,48,0.48,-0.1422232986,0.04580636559,0.368789533,0.1582245678,0.03497059643,0.005923192017,-0.03897387907,2.466719707e-06,0.2899620831,0.04626588523,0.2469868362
2,49,0.49,-0.1422232986,0.04580636559,0.368789533,0.1670853645,0.03690487146,0.006324341521,-0.04085212946,2.43490399e-06,0.2892604172,0.04878600314,0.2474575937
2,50,0.5,-0.1422232986,0.04580636559,0.368789533,0.17617248,0.03888980672,0.006735080387,-0.04277378693,2.400598532e-06,0.2885169685,0.05136115476,0.2479402423
2,51,0.51,-0.1422232986,0.04580636559,0.368789533,0.1854825169,0.04092520475,0.007155345753,-0.04473854601,2.364271268e-06,0.2877301574,0.0539894253,0.2484351844
2,52,0.52,-0.1422232986,0.04580636559,0.368789533,0.1950121969,0.04301083833,0.007585071493,-0.04674609378,2.326309186e-06,0.2868986726,0.05666891113,0.2489418238
2,53,0.53,-0.1422232986,0.04580636559,0.368789533,0.2047584206,0.0451464802,0.00802418869,-0.0487961024,2.287035386e-06,0.2860209942,0.05939759314,0.2494605482
2,54,0.54,-0.1422232986,0.04580636559,0.368789533,0.2147181779,0.04733187705,0.008472627029,-0.05088824034,2.24671453e-06,0.2850956619,0.06217354909,0.2499908358
2,55,0.55,-0.1422232986,0.04580636559,0.368789533,0.2248885632,0.04956676066,0.008930314332,-0.0530221723,2.205564897e-06,0.2841212749,0.06499492377,0.2505327165
2,56,0.56,-0.1422232986,0.04580636559,0.368789533,0.2352667898,0.05185084417,0.009397177026,-0.0551975444,2.163762929e-06,0.2830964923,0.06785971671,0.2510861158
2,57,0.57,-0.1422232986,0.04580636559,0.368789533,0.2458501309,0.05418382958,0.009873137809,-0.05741399527,2.121451189e-06,0.2820197344,0.07076601684,0.2516510487
2,58,0.58,-0.1422232986,0.04580636559,0.368789533,0.2566359043,0.05656540766,0.01035811938,-0.05967115983,2.078742682e-06,0.2808898091,0.0737118572,0.2522270977
2,59,0.59,-0.1422232986,0.04580636559,0.368789533,0.2676215172,0.05899524689,0.01085203979,-0.06196866557,2.035727903e-06,0.2797053754,0.07669494301,0.2528142035
2,60,0.6,-0.1422232986,0.04580636559,0.368789533,0.2788044512,0.06147301197,0.01135481987,-0.06430612504,1.992475745e-06,0.2784650028,0.07971346378,0.2534124851
2,61,0.61,-0.1422232986,0.04580636559,0.368789533,0.2901821434,0.06399834156,0.01186637487,-0.06668313593,1.949036687e-06,0.2771675587,0.08276519924,0.2540215552
2,62,0.62,-0.1422232986,0.04580636559,0.368789533,0.3017521799,0.06657087803,0.01238662004,-0.06909931451,1.905448926e-06,0.2758116126,0.08584827185,0.2546412945
2,63,0.63,-0.1422232986,0.04580636559,0.368789533,0.3135119975,0.06919024885,0.01291546784,-0.07155425102,1.861739975e-06,0.2743960917,0.08896034956,0.255271554
2,64,0.64,-0.1422232986,0.04580636559,0.368789533,0.3254592121,0.07185605168,0.01345282979,-0.07404752076,1.817929956e-06,0.2729197741,0.09209919721,0.2559122145
2,65,0.65,-0.1422232986,0.04580636559,0.368789533,0.3375913501,0.07456789166,0.01399861649,-0.0765787214,1.774031261e-06,0.271381557,0.09526274353,0.2565630376
2,66,0.66,-0.1422232986,0.04580636559,0.368789533,0.3499060273,0.07732535154,0.01455273479,-0.07914740592,1.730048666e-06,0.2697802484,0.0984486267,0.2572240829
2,67,0.67,-0.1422232986,0.04580636559,0.368789533,0.3624008,0.08012801409,0.01511509251,-0.08175313473,1.685984671e-06,0.2681149244,0.1016547382,0.2578947842
2,68,0.68,-0.1422232986,0.04580636559,0.368789533,0.3750732541,0.08297543228,0.01568559557,-0.08439548314,1.641834956e-06,0.266384542,0.1048783734,0.2585755885
2,69,0.69,-0.1422232986,0.04580636559,0.368789533,0.3879209757,0.08586715907,0.01626414619,-0.08707399666,1.597597816e-06,0.2645881176,0.1081176624,0.2592657208
2,70,0.7,-0.1422232986,0.04580636559,0.368789533,0.4009415805,0.08880275488,0.01685064659,-0.08978821337,1.553265065e-06,0.262724787,0.1113698557,0.2599653006
2,71,0.71,-0.1422232986,0.04580636559,0.368789533,0.4141326249,0.09178174287,0.01744499803,-0.09253767133,1.508829655e-06,0.2607937455,0.1146327704,0.2606740594
2,72,0.72,-0.1422232986,0.04580636559,0.368789533,0.4274916649,0.09480365366,0.0180471018,-0.09532190114,1.464285219e-06,0.2587942481,0.1179036722,0.2613917291
2,73,0.73,-0.1422232986,0.04580636559,0.368789533,0.441016227,0.09786800295,0.01865685359,-0.09814044088,1.419624368e-06,0.2567255795,0.1211802885,0.2621184289
2,74,0.74,-0.1422232986,0.04580636559,0.368789533,0.454703927,0.1009742916,0.01927415282,-0.1009927914,1.374839371e-06,0.2545871437,0.1244599,0.2628537416
2,75,0.75,-0.1422232986,0.04580636559,0.368789533,0.4685521722,0.1041220203,0.01989889331,-0.1038784906,1.329922384e-06,0.2523782849,0.1277401745,0.2635974884
2,76,0.76,-0.1422232986,0.04580636559,0.368789533,0.4825585783,0.1073106676,0.0205309689,-0.1067970172,1.284871587e-06,0.2500986159,0.1310183704,0.2643494606
2,77,0.77,-0.1422232986,0.04580636559,0.368789533,0.496720612,0.110539712,0.02117027342,-0.1097478867,1.239679023e-06,0.2477476895,0.1342920661,0.2651094794
2,78,0.78,-0.1422232986,0.04580636559,0.368789533,0.5110358,0.1138086393,0.02181669883,-0.1127305999,1.19433912e-06,0.2453251183,0.1375584751,0.2658774853
2,79,0.79,-0.1422232986,0.04580636559,0.368789533,0.5255016088,0.1171169057,0.02247013524,-0.1157446429,1.148850174e-06,0.2428307533,0.1408150494,0.2666530013
2,80,0.8,-0.1422232986,0.04580636559,0.368789533,0.540115416,0.1204639599,0.02313046902,-0.1187894866,1.103207978e-06,0.2402642071,0.1440590769,0.2674361467
2,81,0.81,-0.1422232986,0.04580636559,0.368789533,0.5548747182,0.1238492504,0.02379759029,-0.1218646243,1.05741367e-06,0.2376255393,0.1472880244,0.2682263553
2,82,0.82,-0.1422232986,0.04580636559,0.368789533,0.5697769523,0.1272722185,0.02447138727,-0.1249695346,1.011467589e-06,0.2349147648,0.1504990458,0.2690236568
2,83,0.83,-0.1422232986,0.04580636559,0.368789533,0.5848193765,0.130732283,0.02515174448,-0.1281036735,9.653700772e-07,0.2321319282,0.1536894292,0.2698279619
2,84,0.84,-0.1422232986,0.04580636559,0.368789533,0.5999994278,0.1342288852,0.02583854459,-0.1312665045,9.191299455e-07,0.2292771041,0.1568566859,0.2706387341
2,85,0.85,-0.1422232986,0.04580636559,0.368789533,0.6153144836,0.137761429,0.02653167211,-0.1344574988,8.727509453e-07,0.2263506204,0.1599978656,0.2714560628
2,86,0.86,-0.1422232986,0.04580636559,0.368789533,0.630761981,0.1413293332,0.02723101154,-0.1376761049,8.262312576e-07,0.2233528346,0.1631104201,0.2722794414
2,87,0.87,-0.1422232986,0.04580636559,0.368789533,0.6463390589,0.1449319869,0.02793644369,-0.1409217864,7.79583786e-07,0.2202839553,0.1661918461,0.2731089592
2,88,0.88,-0.1422232986,0.04580636559,0.368789533,0.6620431542,0.148568809,0.02864784561,-0.1441939473,7.328172273e-07,0.2171449065,0.1692391634,0.2739440203
2,89,0.89,-0.1422232986,0.04580636559,0.368789533,0.6778714657,0.1522391737,0.02936510183,-0.147492066,6.859316386e-07,0.2139359713,0.1722497642,0.2747849226
2,90,0.9,-0.1422232986,0.04580636559,0.368789533,0.6938213706,0.1559424698,0.03008808568,-0.1508155763,6.389436749e-07,0.2106579691,0.1752212048,0.2756308615
2,91,0.91,-0.1422232986,0.04580636559,0.368789533,0.709890008,0.1596780568,0.0308166761,-0.154163897,5.918687975e-07,0.2073117197,0.1781506091,0.2764820158
2,92,0.92,-0.1422232986,0.04580636559,0.368789533,0.726074636,0.1634453237,0.03155075014,-0.157536447,5.447089961e-07,0.203898102,0.1810355186,0.2773380876
2,93,0.93,-0.1422232986,0.04580636559,0.368789533,0.7423725128,0.1672436446,0.03229018301,-0.1609326452,4.974625085e-07,0.2004180253,0.1838733256,0.2781988084
2,94,0.94,-0.1422232986,0.04580636559,0.368789533,0.7587807178,0.171072349,0.03303484619,-0.1643519551,4.501675903e-07,0.1968727112,0.1866615415,0.2790638506
2,95,0.95,-0.1422232986,0.04580636559,0.368789533,0.7752965093,0.1749308109,0.03378462046,-0.1677937359,4.028373723e-07,0.1932632774,0.1893974394,0.2799331844
2,96,0.96,-0.1422232986,0.04580636559,0.368789533,0.791917026,0.1788183749,0.03453937545,-0.1712574065,3.554508226e-07,0.1895908564,0.1920789331,0.2808064818
2,97,0.97,-0.1422232986,0.04580636559,0.368789533,0.8086393476,0.1827343702,0.03529897705,-0.1747423857,3.081613329e-07,0.1858570278,0.1947031915,0.2816834748
2,98,0.98,-0.1422232986,0.04580636559,0.368789533,0.825460732,0.1866781414,0.03606329858,-0.1782480776,2.607695535e-07,0.1820630878,0.1972681284,0.2825640738
2,99,0.99,-0.1422232986,0.04580636559,0.368789533,0.8423781991,0.1906490177,0.03683221713,-0.181773901,2.134687804e-07,0.1782105863,0.1997712553,0.2834479511
2,100,1,-0.1422232986,0.04580636559,0.368789533,0.8593888879,0.1946463436,0.03760559857,-0.1853192151,1.662111799e-07,0.1743011028,0.2022103518,0.284334898
2,101,1.01,-0.1422232986,0.04580636559,0.368789533,0.8764898777,0.1986694336,0.0383833088,-0.1888834387,1.189918066e-07,0.1703364849,0.2045832276,0.2852246761
2,102,1.02,-0.1422232986,0.04580636559,0.368789533,0.8936781883,0.2027175725,0.03916522115,-0.1924659461,7.181936468e-08,0.1663183272,0.2068877518,0.2861171067
2,103,1.03,-0.1422232986,0.04580636559,0.368789533,0.9109508991,0.2067901045,0.0399511978,-0.1960661411,2.471390914e-08,0.1622487009,0.2091216594,0.2870118916
2,104,1.04,-0.1422232986,0.04580636559,0.368789533,0.9283050299,0.2108863294,0.04074110836,-0.1996833682,2.230778762e-08,0.1581293643,0.2112832963,0.2879087627
2,105,1.05,-0.1422232986,0.04580636559,0.368789533,0.9457375407,0.2150055617,0.04153481498,-0.2033170462,6.923497153e-08,0.153962478,0.2133703679,0.2888076603
2,106,1.06,-0.1422232986,0.04580636559,0.368789533,0.9632454515,0.2191470861,0.04233218357,-0.2069665492,1.160603347e-07,0.1497502178,0.2153810859,0.2897082269
2,107,1.07,-0.1422232986,0.04580636559,0.368789533,0.9808258414,0.2233102024,0.04313308001,-0.2106312513,1.627533806e-07,0.1454944313,0.2173138857,0.290610224
2,108,1.08,-0.1422232986,0.04580636559,0.368789533,0.9984756708,0.22749421,0.04393737391,-0.2143105119,2.092896239e-07,0.1411976516,0.2191667855,0.291513592
2,109,1.09,-0.1422232986,0.04580636559,0.368789533,1.01619184,0.2316983789,0.04474492371,-0.2180037051,2.556454035e-07,0.1368622333,0.2209382057,0.2924179137
2,110,1.1,-0.1422232986,0.04580636559,0.368789533,1.03397131,0.2359219939,0.04555559158,-0.2217101902,3.017971437e-07,0.1324901134,0.22262685,0.2933231592
2,111,1.11,-0.1422232986,0.04580636559,0.368789533,1.051811218,0.2401643544,0.04636923969,-0.2254293412,3.47719066e-07,0.1280841678,0.2242309451,0.2942290008
2,112,1.12,-0.1422232986,0.04580636559,0.368789533,1.069708347,0.2444247305,0.04718573019,-0.2291605324,3.933927246e-07,0.123646684,0.2257494032,0.2951352
2,113,1.13,-0.1422232986,0.04580636559,0.368789533,1.087659597,0.2487023771,0.04800492153,-0.2329030931,4.387958938e-07,0.1191801429,0.2271810472,0.2960413694
2,114,1.14,-0.1422232986,0.04580636559,0.368789533,1.105662107,0.2529965639,0.04882668331,-0.2366564125,4.83899953e-07,0.1146872416,0.2285244912,0.2969475389
2,115,1.15,-0.1422232986,0.04580636559,0.368789533,1.123712659,0.2573066056,0.04965087026,-0.24041982,5.286865417e-07,0.1101705432,0.2297787666,0.2978533208
2,116,1.16,-0.1422232986,0.04580636559,0.368789533,1.141808033,0.2616316974,0.05047734082,-0.2441927046,5.731314445e-07,0.1056326255,0.2309430689,0.298758626
2,117,1.17,-0.1422232986,0.04580636559,0.368789533,1.15994525,0.265971154,0.05130595714,-0.2479743958,6.172123221e-07,0.1010764465,0.2320163101,0.2996631861
2,118,1.18,-0.1422232986,0.04580636559,0.368789533,1.178121209,0.2703241706,0.05213658139,-0.2517642379,6.609042202e-07,0.09650444984,0.2329978794,0.3005669117
2,119,1.19,-0.1422232986,0.04580636559,0.368789533,1.196332812,0.2746901214,0.05296906829,-0.25556162,7.041859931e-07,0.09191937,0.2338872403,0.3014695346
2,120,1.2,-0.1422232986,0.04580636559,0.368789533,1.214576721,0.2790681422,0.05380328,-0.2593658566,7.470377454e-07,0.08732426167,0.2346836776,0.3023707271
2,121,1.21,-0.1422232986,0.04580636559,0.368789533,1.232850075,0.2834575474,0.0546390675,-0.263176322,7.894366263e-07,0.08272156864,0.2353870422,0.3032702506
2,122,1.22,-0.1422232986,0.04580636559,0.368789533,1.251149654,0.2878575623,0.05547629297,-0.2669923306,8.313587614e-07,0.07811436802,0.235996753,0.3041681647
2,123,1.23,-0.1422232986,0.04580636559,0.368789533,1.269472361,0.2922674716,0.05631481856,-0.2708132267,8.727838008e-07,0.0735052675,0.2365127504,0.3050640821
2,124,1.24,-0.1422232986,0.04580636559,0.368789533,1.287814856,0.2966865003,0.05715449527,-0.2746383846,9.136963968e-07,0.06889718026,0.2369349301,0.3059577346
2,125,1.25,-0.1422232986,0.04580636559,0.368789533,1.306174159,0.3011138737,0.05799517781,-0.2784671485,9.540690371e-07,0.06429298967,0.2372632772,0.3068492413
2,126,1.26,-0.1422232986,0.04580636559,0.368789533,1.324547172,0.3055488169,0.05883672833,-0.2822988629,9.938852372e-07,0.05969513953,0.2374980897,0.3077379763
2,127,1.27,-0.1422232986,0.04580636559,0.368789533,1.342930555,0.3099906445,0.05967900157,-0.2861328423,1.033124818e-06,0.05510709062,0.2376394421,0.3086239398
2,128,1.28,-0.1422232986,0.04580636559,0.368789533,1.361321449,0.3144385517,0.06052185595,-0.2899684608,1.071771408e-06,0.05053094402,0.2376877517,0.3095070124
2,129,1.29,-0.1422232986,0.04580636559,0.368789533,1.379716516,0.3188917637,0.06136514619,-0.2938050926,1.109807499e-06,0.04596981034,0.2376434952,0.3103868365
2,130,1.3,-0.1422232986,0.04580636559,0.368789533,1.398112655,0.3233495653,0.06220873445,-0.2976419926,1.147213993e-06,0.04142629728,0.2375072241,0.311263442
2,131,1.31,-0.1422232986,0.04580636559,0.368789533,1.416506767,0.3278111517,0.063052468,-0.3014785349,1.183974973e-06,0.03690313548,0.2372796535,0.3121364713
2,132,1.32,-0.1422232986,0.04580636559,0.368789533,1.434895515,0.3322757781,0.063896209,-0.3053140938,1.220069976e-06,0.0324029848,0.2369614094,0.3130058944
2,133,1.33,-0.1422232986,0.04580636559,0.368789533,1.453275681,0.3367426693,0.06473980844,-0.3091480136,1.255476377e-06,0.02792867273,0.2365535647,0.3138712943
2,134,1.34,-0.1422232986,0.04580636559,0.368789533,1.471644402,0.3412110806,0.06558312476,-0.3129796088,1.290178943e-06,0.02348257415,0.2360569835,0.3147327304
2,135,1.35,-0.1422232986,0.04580636559,0.368789533,1.489998341,0.345680207,0.06642601639,-0.3168082237,1.324166305e-06,0.01906730793,0.2354727536,0.3155899942
2,136,1.36,-0.1422232986,0.04580636559,0.368789533,1.508334517,0.3501493037,0.06726834178,-0.3206332028,1.357420956e-06,0.01468532626,0.2348020673,0.3164427876
2,137,1.37,-0.1422232986,0.04580636559,0.368789533,1.526649594,0.3546176553,0.06810995191,-0.3244538903,1.389932436e-06,0.01033911481,0.234046191,0.3172910511
2,138,1.38,-0.1422232986,0.04580636559,0.368789533,1.544940591,0.3590844274,0.06895070523,-0.3282696605,1.421682782e-06,0.006031082943,0.233206436,0.3181346059
2,139,1.39,-0.1422232986,0.04580636559,0.368789533,1.563204288,0.3635488749,0.06979046017,-0.332079798,1.452658125e-06,0.00176357443,0.2322842479,0.318973273
2,140,1.4,-0.1422232986,0.04580636559,0.368789533,1.581437707,0.3680102825,0.07062906772,-0.3358837068,1.482843231e-06,-0.002461325843,0.2312811464,0.3198070526
2,141,1.41,-0.1422232986,0.04580636559,0.368789533,1.599637508,0.3724678159,0.07146638632,-0.3396807015,1.512231506e-06,-0.006641014479,0.2301988751,0.3206354082
2,142,1.42,-0.1422232986,0.04580636559,0.368789533,1.617800713,0.3769207299,0.07230228186,-0.3434701562,1.540807148e-06,-0.01077370904,0.229038924,0.3214585483
2,143,1.43,-0.1422232986,0.04580636559,0.368789533,1.635924101,0.3813682497,0.07313659787,-0.3472514153,1.568561061e-06,-0.01485735737,0.2278030217,0.3222763538
2,144,1.44,-0.1422232986,0.04580636559,0.368789533,1.654004693,0.3858096302,0.07396920025,-0.351023823,1.595480057e-06,-0.01888969541,0.2264932096,0.3230884671
2,145,1.45,-0.1422232986,0.04580636559,0.368789533,1.67203939,0.3902441561,0.07479993999,-0.3547867239,1.621553906e-06,-0.0228691604,0.2251111716,0.3238949478
2,146,1.46,-0.1422232986,0.04580636559,0.368789533,1.690024853,0.3946709633,0.07562866807,-0.3585394919,1.646773967e-06,-0.02679368481,0.2236590683,0.3246953785
2,147,1.47,-0.1422232986,0.04580636559,0.368789533,1.707958341,0.399089396,0.07645526528,-0.3622814715,1.671128075e-06,-0.03066146746,0.2221387178,0.3254899681
2,148,1.48,-0.1422232986,0.04580636559,0.368789533,1.725836515,0.4034986496,0.07727957517,-0.3660120368,1.694610773e-06,-0.03447113931,0.2205523551,0.3262782693
2,149,1.49,-0.1422232986,0.04580636559,0.368789533,1.743656516,0.4078980088,0.07810146362,-0.3697305918,1.717214218e-06,-0.0382209532,0.2189020514,0.3270602822
2,150,1.5,-0.1422232986,0.04580636559,0.368789533,1.761415124,0.4122866392,0.07892078161,-0.3734364212,1.738929768e-06,-0.04190929234,0.2171898633,0.3278360367
2,151,1.51,-0.1422232986,0.04580636559,0.368789533,1.779109478,0.4166638553,0.0797373876,-0.3771288991,1.759752081e-06,-0.04553504288,0.2154182196,0.3286052346
2,152,1.52,-0.1422232986,0.04580636559,0.368789533,1.796736479,0.4210288525,0.08055114001,-0.3808074296,1.779678882e-06,-0.04909662902,0.2135893255,0.3293677866
2,153,1.53,-0.1422232986,0.04580636559,0.368789533,1.814293027,0.4253809452,0.08136190474,-0.3844713569,1.798706307e-06,-0.0525931716,0.2117052823,0.3301237226
2,154,1.54,-0.1422232986,0.04580636559,0.368789533,1.831776142,0.4297193289,0.08216955513,-0.3881200552,1.816826739e-06,-0.05602324009,0.2097685933,0.3308727741
2,155,1.55,-0.1422232986,0.04580636559,0.368789533,1.849182725,0.4340432882,0.08297394961,-0.3917528689,1.834035288e-06,-0.05938564986,0.2077816129,0.3316149712
2,156,1.56,-0.1422232986,0.04580636559,0.368789533,1.866509914,0.438352108,0.08377493918,-0.3953692913,1.850329909e-06,-0.06267988682,0.2057466209,0.3323501348
2,157,1.57,-0.1422232986,0.04580636559,0.368789533,1.883754849,0.4426449835,0.08457237482,-0.3989685774,1.865705372e-06,-0.06590491533,0.2036660314,0.3330782354
2,158,1.58,-0.1422232986,0.04580636559,0.368789533,1.90091455,0.4469211996,0.08536612988,-0.4025501609,1.880167588e-06,-0.06905987859,0.2015423626,0.3337990642
2,159,1.59,-0.1422232986,0.04580636559,0.368789533,1.917985916,0.4511800408,0.08615607768,-0.4061133862,1.893716558e-06,-0.07214427739,0.1993778944,0.3345127106
2,160,1.6,-0.1422232986,0.04580636559,0.368789533,1.934966207,0.4554207921,0.08694206923,-0.4096577168,1.906351599e-06,-0.07515737414,0.1971751153,0.3352190256
2,161,1.61,-0.1422232986,0.04580636559,0.368789533,1.951852202,0.4596427083,0.08772397786,-0.413182497,1.918070438e-06,-0.07809883356,0.1949364841,0.3359178603
2,162,1.62,-0.1422232986,0.04580636559,0.368789533,1.9686414,0.4638450444,0.08850167692,-0.4166871309,1.928878646e-06,-0.08096827567,0.1926644295,0.3366092145
2,163,1.63,-0.1422232986,0.04580636559,0.368789533,1.98533082,0.4680271149,0.08927500993,-0.4201710522,1.938780315e-06,-0.08376526088,0.1903612912,0.3372930288
2,164,1.64,-0.1422232986,0.04580636559,0.368789533,2.001917362,0.4721881449,0.09004386514,-0.4236336052,1.947773626e-06,-0.08648957312,0.1880297214,0.3379690945
2,165,1.65,-0.1422232986,0.04580636559,0.368789533,2.018398046,0.4763274789,0.09080809355,-0.4270742238,1.955857215e-06,-0.08914121985,0.1856718361,0.3386374712
2,166,1.66,-0.1422232986,0.04580636559,0.368789533,2.034770727,0.4804443419,0.09156757593,-0.4304923117,1.963032673e-06,-0.09172002971,0.1832901686,0.3392981589
2,167,1.67,-0.1422232986,0.04580636559,0.368789533,2.051032066,0.4845381379,0.09232217818,-0.4338873327,1.969316827e-06,-0.09422601014,0.180887118,0.339951098
2,168,1.68,-0.1422232986,0.04580636559,0.368789533,2.06717968,0.4886080921,0.0930717662,-0.437258631,1.974722863e-06,-0.09665947407,0.178464964,0.3405961096
2,169,1.69,-0.1422232986,0.04580636559,0.368789533,2.08321023,0.4926534593,0.09381620586,-0.4406056702,1.979248282e-06,-0.09902045876,0.1760262549,0.3412330747
2,170,1.7,-0.1422232986,0.04580636559,0.368789533,2.099121332,0.496673584,0.09455537796,-0.4439278245,1.982897174e-06,-0.1013091505,0.1735729575,0.3418624103
2,171,1.71,-0.1422232986,0.04580636559,0.368789533,2.114910364,0.5006678104,0.09528914839,-0.4472245872,1.985679319e-06,-0.1035262495,0.1711075902,0.3424835503
2,172,1.72,-0.1422232986,0.04580636559,0.368789533,2.130574703,0.5046355128,0.09601739794,-0.4504953921,1.987610403e-06,-0.1056719273,0.168632254,0.3430968225
2,173,1.73,-0.1422232986,0.04580636559,0.368789533,2.14611125,0.5085758567,0.09673999995,-0.4537396133,1.988701115e-06,-0.1077466905,0.1661494374,0.3437018692
2,174,1.74,-0.1422232986,0.04580636559,0.368789533,2.161517382,0.5124883056,0.09745682031,-0.4569567442,1.9889535e-06,-0.1097511128,0.1636610329,0.344298929
2,175,1.75,-0.1422232986,0.04580636559,0.368789533,2.176790714,0.5163719654,0.09816774726,-0.4601462781,1.988372105e-06,-0.1116859466,0.161169216,0.3448879123
2,176,1.76,-0.1422232986,0.04580636559,0.368789533,2.191928625,0.520226419,0.09887264669,-0.4633076191,1.98697262e-06,-0.1135518104,0.1586761773,0.3454686403
2,177,1.77,-0.1422232986,0.04580636559,0.368789533,2.206928492,0.5240508914,0.09957140684,-0.4664402604,1.984778919e-06,-0.1153494492,0.1561838686,0.3460413516
2,178,1.78,-0.1422232986,0.04580636559,0.368789533,2.221787691,0.5278446674,0.1002639011,-0.4695435762,1.981803052e-06,-0.1170797423,0.1536943465,0.3466058373
2,179,1.79,-0.1422232986,0.04580636559,0.368789533,2.236503601,0.5316072106,0.1009500101,-0.4726170599,1.978049795e-06,-0.1187433973,0.1512095779,0.3471622169
2,180,1.8,-0.1422232986,0.04580636559,0.368789533,2.251073837,0.5353378654,0.1016296223,-0.4756602645,1.973534381e-06,-0.120341599,0.1487313509,0.3477104306
2,181,1.81,-0.1422232986,0.04580636559,0.368789533,2.265496016,0.5390359163,0.1023026183,-0.4786726236,1.968273409e-06,-0.1218751073,0.1462615877,0.3482504487
2,182,1.82,-0.1422232986,0.04580636559,0.368789533,2.279767036,0.5427008271,0.1029688716,-0.4816536307,1.962282113e-06,-0.12334501,0.1438022107,0.3487822413
2,183,1.83,-0.1422232986,0.04580636559,0.368789533,2.293884993,0.5463318825,0.1036282778,-0.4846027493,1.955569587e-06,-0.1247524321,0.1413549781,0.3493057489
2,184,1.84,-0.1422232986,0.04580636559,0.368789533,2.3078475,0.5499284863,0.1042807177,-0.487519443,1.948151066e-06,-0.126098454,0.1389213502,0.3498211801
2,185,1.85,-0.1422232986,0.04580636559,0.368789533,2.321651936,0.5534900427,0.1049260646,-0.4904033244,1.940047014e-06,-0.1273842454,0.1365031302,0.3503284752
2,186,1.86,-0.1422232986,0.04580636559,0.368789533,2.335296392,0.5570159554,0.1055642292,-0.4932538271,1.931275619e-06,-0.1286109537,0.1341019571,0.3508275747
2,187,1.87,-0.1422232986,0.04580636559,0.368789533,2.348777771,0.5605055094,0.1061950922,-0.4960704148,1.921857802e-06,-0.1297799051,0.1317194253,0.3513183296
2,188,1.88,-0.1422232986,0.04580636559,0.368789533,2.362094402,0.563958168,0.1068185419,-0.4988526702,1.911809704e-06,-0.1308922619,0.1293567717,0.3518011272
2,189,1.89,-0.1422232986,0.04580636559,0.368789533,2.375243902,0.567373395,0.1074344665,-0.5016001463,1.901151677e-06,-0.1319493204,0.1270155013,0.3522757292
2,190,1.9,-0.1422232986,0.04580636559,0.368789533,2.388223648,0.5707504749,0.1080427691,-0.5043122768,1.889900091e-06,-0.1329523176,0.1246972457,0.3527421951
2,191,1.91,-0.1422232986,0.04580636559,0.368789533,2.401031971,0.5740889907,0.1086433381,-0.5069886446,1.878074386e-06,-0.1339026988,0.1224029139,0.3532006145
2,192,1.92,-0.1422232986,0.04580636559,0.368789533,2.413666248,0.5773882866,0.1092360616,-0.5096287727,1.865697413e-06,-0.1348018497,0.120133996,0.3536509573
2,193,1.93,-0.1422232986,0.04580636559,0.368789533,2.426124334,0.5806478262,0.1098208576,-0.5122323036,1.852786113e-06,-0.1356508434,0.1178916767,0.354093343
2,194,1.94,-0.1422232986,0.04580636559,0.368789533,2.438404322,0.5838670135,0.1103976071,-0.5147987008,1.839354923e-06,-0.1364513487,0.1156770512,0.3545276523
2,195,1.95,-0.1422232986,0.04580636559,0.368789533,2.450503826,0.5870453119,0.1109662205,-0.5173275471,1.825426466e-06,-0.1372046918,0.1134913191,0.3549539149
2,196,1.96,-0.1422232986,0.04580636559,0.368789533,2.46242094,0.5901821256,0.1115265861,-0.5198183656,1.811023822e-06,-0.1379123032,0.1113354564,0.3553722799
2,197,1.97,-0.1422232986,0.04580636559,0.368789533,2.474153757,0.5932769775,0.1120786145,-0.5222707987,1.796171432e-06,-0.1385754049,0.1092104241,0.3557826877
2,198,1.98,-0.1422232986,0.04580636559,0.368789533,2.48570013,0.5963293314,0.1126222163,-0.5246843696,1.780893626e-06,-0.1391956061,0.1071171537,0.3561852574
2,199,1.99,-0.1422232986,0.04580636559,0.368789533,2.497058153,0.5993385911,0.1131572872,-0.5270587206,1.765210186e-06,-0.1397742927,0.1050566435,0.3565798998
2,200,2,-0.1422232986,0.04580636559,0.368789533,2.508225679,0.6023043394,0.1136837378,-0.5293934345,1.749140893e-06,-0.1403127611,0.1030295193,0.3569667935
2,201,2.01,-0.1422232986,0.04580636559,0.368789533,2.519200802,0.6052260399,0.1142014787,-0.5316880345,1.732703822e-06,-0.1408126503,0.1010366827,0.3573459089
2,202,2.02,-0.1422232986,0.04580636559,0.368789533,2.529981852,0.6081030965,0.1147104204,-0.533942163,1.715920689e-06,-0.1412751526,0.09907896072,0.3577172458
2,203,2.03,-0.1422232986,0.04580636559,0.368789533,2.540566921,0.610935092,0.1152104661,-0.5361554623,1.698817982e-06,-0.141701743,0.09715692699,0.3580808938
2,204,2.04,-0.1422232986,0.04580636559,0.368789533,2.550954342,0.6137216091,0.1157015488,-0.5383276343,1.681425033e-06,-0.142093882,0.09527114779,0.3584368825
2,205,2.05,-0.1422232986,0.04580636559,0.368789533,2.561141968,0.6164620519,0.1161835641,-0.5404581428,1.663760145e-06,-0.1424528956,0.09342236072,0.358785212
2,206,2.06,-0.1422232986,0.04580636559,0.368789533,2.571128368,0.619156003,0.1166564301,-0.5425467491,1.645844804e-06,-0.1427801549,0.09161107987,0.3591260016
2,207,2.07,-0.1422232986,0.04580636559,0.368789533,2.580911636,0.6218029261,0.1171200648,-0.5445930362,1.627701408e-06,-0.1430769563,0.08983780444,0.359459281
2,208,2.08,-0.1422232986,0.04580636559,0.368789533,2.590490103,0.624402523,0.1175743863,-0.5465967059,1.609350875e-06,-0.1433446854,0.08810296655,0.3597851098
2,209,2.09,-0.1422232986,0.04580636559,0.368789533,2.599862099,0.6269541979,0.118019335,-0.5485573411,1.590818442e-06,-0.1435847431,0.08640705049,0.3601034582
2,210,2.1,-0.1422232986,0.04580636559,0.368789533,2.609026432,0.629457593,0.1184548214,-0.5504746437,1.572124006e-06,-0.1437983662,0.08475033194,0.3604145646
2,211,2.11,-0.1422232986,0.04580636559,0.368789533,2.617980957,0.631912291,0.1188807636,-0.5523482561,1.553296897e-06,-0.1439869404,0.08313334733,0.3607181609
2,212,2.12,-0.1422232986,0.04580636559,0.368789533,2.626724482,0.6343178153,0.1192970872,-0.5541778207,1.534356443e-06,-0.1441515386,0.08155629039,0.3610146046
2,213,2.13,-0.1422232986,0.04580636559,0.368789533,2.635255575,0.6366738081,0.119703725,-0.555963099,1.515322765e-06,-0.1442936361,0.08001936972,0.3613038063
2,214,2.14,-0.1422232986,0.04580636559,0.368789533,2.643572569,0.6389798522,0.1201006025,-0.5577037334,1.496228379e-06,-0.1444143206,0.07852301002,0.3615857363
2,215,2.15,-0.1422232986,0.04580636559,0.368789533,2.651674271,0.6412355304,0.1204876602,-0.5593994856,1.477091246e-06,-0.144514814,0.07706737518,0.3618606329
2,216,2.16,-0.1422232986,0.04580636559,0.368789533,2.659558773,0.6434404254,0.120864816,-0.5610500574,1.457935241e-06,-0.1445964128,0.07565256953,0.362128377
2,217,2.17,-0.1422232986,0.04580636559,0.368789533,2.667225122,0.64559412,0.1212320104,-0.5626551509,1.438774689e-06,-0.1446601152,0.07427896559,0.3623890579
2,218,2.18,-0.1422232986,0.04580636559,0.368789533,2.674672127,0.6476963758,0.1215891838,-0.5642145872,1.419636419e-06,-0.1447071135,0.07294650376,0.362642765
2,219,2.19,-0.1422232986,0.04580636559,0.368789533,2.681898355,0.6497467756,0.1219362766,-0.5657280087,1.400542601e-06,-0.1447384059,0.0716554001,0.3628895581
2,220,2.2,-0.1422232986,0.04580636559,0.368789533,2.688902378,0.6517450213,0.1222732216,-0.5671950579,1.381514835e-06,-0.1447551548,0.07040569186,0.3631294668
2,221,2.21,-0.1422232986,0.04580636559,0.368789533,2.695683241,0.6536906362,0.1225999668,-0.5686156154,1.362573471e-06,-0.1447585076,0.06919743866,0.3633624315
2,222,2.22,-0.1422232986,0.04580636559,0.368789533,2.702239752,0.6555833817,0.1229164451,-0.5699893832,1.343742383e-06,-0.1447492838,0.06803075224,0.363588661
2,223,2.23,-0.1422232986,0.04580636559,0.368789533,2.70857048,0.6574229598,0.1232226118,-0.5713160634,1.325041467e-06,-0.1447285116,0.06690568477,0.3638082147
2,224,2.24,-0.1422232986,0.04580636559,0.368789533,2.71467495,0.659209013,0.1235184073,-0.5725955367,1.30649164e-06,-0.1446972191,0.06582212448,0.364020884
2,225,2.25,-0.1422232986,0.04580636559,0.368789533,2.720551729,0.6609411836,0.1238037795,-0.5738276243,1.288118597e-06,-0.1446562558,0.06478019804,0.3642269075
2,226,2.26,-0.1422232986,0.04580636559,0.368789533,2.726199865,0.6626192331,0.1240786761,-0.5750120282,1.269938934e-06,-0.1446064115,0.06377976388,0.3644264936
2,227,2.27,-0.1422232986,0.04580636559,0.368789533,2.731618404,0.6642428637,0.12434306,-0.5761485696,1.251972094e-06,-0.1445487142,0.06282099336,0.3646193445
2,228,2.28,-0.1422232986,0.04580636559,0.368789533,2.736806154,0.6658117771,0.1245968789,-0.57723701,1.23423672e-06,-0.1444838345,0.06190362945,0.3648058176
2,229,2.29,-0.1422232986,0.04580636559,0.368789533,2.741762638,0.6673257947,0.1248400882,-0.5782771707,1.216747251e-06,-0.1444127113,0.06102778018,0.3649856746
2,230,2.3,-0.1422232986,0.04580636559,0.368789533,2.746486902,0.6687845588,0.1250726432,-0.5792689323,1.199526764e-06,-0.1443359703,0.0601932928,0.3651590943
2,231,2.31,-0.1422232986,0.04580636559,0.368789533,2.750978231,0.6701878309,0.1252945065,-0.5802120566,1.182596748e-06,-0.1442543715,0.05940014869,0.3653261662
2,232,2.32,-0.1422232986,0.04580636559,0.368789533,2.755235434,0.6715354323,0.1255056411,-0.5811064243,1.165979029e-06,-0.1441685855,0.05864820629,0.3654868305
2,233,2.33,-0.1422232986,0.04580636559,0.368789533,2.759258032,0.672827065,0.125706017,-0.5819519162,1.149681111e-06,-0.1440793127,0.0579374209,0.3656411767
2,234,2.34,-0.1422232986,0.04580636559,0.368789533,2.763061762,0.6740625501,0.1258955896,-0.5827482939,1.126473421e-06,-0.1439880729,0.05726546794,0.365789175
2,235,2.35,-0.1422232986,0.04580636559,0.368789533,2.76670146,0.6752415299,0.126074329,-0.5834955573,1.08289953e-06,-0.1438986063,0.05662420765,0.3659308851
2,236,2.36,-0.1422232986,0.04580636559,0.368789533,2.770195246,0.6763640046,0.1262422055,-0.5841934085,1.028885549e-06,-0.143812269,0.05601077527,0.3660665154
2,237,2.37,-0.1422232986,0.04580636559,0.368789533,2.773543358,0.6774296761,0.1263991743,-0.5848418474,9.741919484e-07,-0.1437296718,0.05542513728,0.3661957681
2,238,2.38,-0.1422232986,0.04580636559,0.368789533,2.776741266,0.6784384251,0.1265452057,-0.5854407549,9.235999414e-07,-0.1436507404,0.05486764386,0.3663189411
2,239,2.39,-0.1422232986,0.04580636559,0.368789533,2.779784441,0.6793900132,0.1266802996,-0.5859900117,8.787726529e-07,-0.1435757428,0.05433891714,0.366435945
2,240,2.4,-0.1422232986,0.04580636559,0.368789533,2.782667875,0.6802843213,0.1268044114,-0.5864894986,8.399298395e-07,-0.1435046643,0.05383943021,0.3665469289
2,241,2.41,-0.1422232986,0.04580636559,0.368789533,2.785390139,0.6811221838,0.1269177347,-0.5869402289,8.05307252e-07,-0.1434376985,0.05336936563,0.3666517138
2,242,2.42,-0.1422232986,0.04580636559,0.368789533,2.787957191,0.6819060445,0.1270208359,-0.5873453021,7.719492032e-07,-0.1433745772,0.05292725563,0.366750896
2,243,2.43,-0.1422232986,0.04580636559,0.368789533,2.790376902,0.6826389432,0.1271144897,-0.587708652,7.380311331e-07,-0.1433154047,0.05251175538,0.3668444455
2,244,2.44,-0.1422232986,0.04580636559,0.368789533,2.792657375,0.6833241582,0.127199471,-0.5880343318,7.029446465e-07,-0.1432598829,0.05212117359,0.3669327497
2,245,2.45,-0.1422232986,0.04580636559,0.368789533,2.794806719,0.6839647293,0.1272765696,-0.5883261561,6.667053185e-07,-0.1432080269,0.05175403878,0.3670158684
2,246,2.46,-0.1422232986,0.04580636559,0.368789533,2.796832085,0.6845636368,0.1273465157,-0.5885875821,6.295786079e-07,-0.1431595087,0.05140883848,0.3670943379
2,247,2.47,-0.1422232986,0.04580636559,0.368789533,2.798740625,0.6851235032,0.1274099648,-0.5888217092,5.918927855e-07,-0.1431140602,0.05108445883,0.3671683073
2,248,2.48,-0.1422232986,0.04580636559,0.368789533,2.800539494,0.685646832,0.1274674982,-0.5890315175,5.539673111e-07,-0.1430717707,0.05077934265,0.3672378659
2,249,2.49,-0.1422232986,0.04580636559,0.368789533,2.80223465,0.6861361265,0.127519697,-0.589219451,5.160935643e-07,-0.1430322528,0.05049254,0.3673035204
2,250,2.5,-0.1422232986,0.04580636559,0.368789533,2.803832531,0.686593473,0.127567023,-0.5893877745,4.785165402e-07,-0.1429956257,0.05022268742,0.3673651516
2,251,2.51,-0.1422232986,0.04580636559,0.368789533,2.805338144,0.6870210171,0.1276099533,-0.5895386338,4.414400792e-07,-0.1429613829,0.04996902868,0.3674232364
2,252,2.52,-0.1422232986,0.04580636559,0.368789533,2.806757212,0.6874206662,0.1276488751,-0.5896736979,4.050291693e-07,-0.1429296583,0.04973049462,0.3674777448
2,253,2.53,-0.1422232986,0.04580636559,0.368789533,2.80809474,0.6877943277,0.127684176,-0.5897946954,3.694222244e-07,-0.1429001987,0.04950602353,0.367528975
2,254,2.54,-0.1422232986,0.04580636559,0.368789533,2.809355021,0.688143611,0.1277161986,-0.5899031162,3.347238362e-07,-0.1428727806,0.04929492995,0.3675771952
2,255,2.55,-0.1422232986,0.04580636559,0.368789533,2.810542822,0.6884701848,0.127745226,-0.5900002122,3.010137846e-07,-0.1428473592,0.0490963459,0.3676225245
2,256,2.56,-0.1422232986,0.04580636559,0.368789533,2.811662197,0.6887754798,0.1277715564,-0.590087235,2.683555067e-07,-0.14282386,0.04890957475,0.3676649928
2,257,2.57,-0.1422232986,0.04580636559,0.368789533,2.812717199,0.6890609264,0.1277954131,-0.5901650786,2.367936531e-07,-0.1428020149,0.04873383045,0.3677049875
2,258,2.58,-0.1422232986,0.04580636559,0.368789533,2.813711643,0.6893277764,0.1278170645,-0.5902349353,2.06358763e-07,-0.1427818239,0.04856848344,0.3677425086
2,259,2.59,-0.1422232986,0.04580636559,0.368789533,2.814648867,0.6895772219,0.1278366745,-0.5902974606,1.770699072e-07,-0.1427631527,0.0484129563,0.367777735
2,260,2.6,-0.1422232986,0.04580636559,0.368789533,2.815532207,0.6898103952,0.1278544813,-0.5903534889,1.489308374e-07,-0.1427459866,0.04826655611,0.3678107262
2,261,2.61,-0.1422232986,0.04580636559,0.368789533,2.816364288,0.6900283098,0.1278706193,-0.5904036164,1.219368642e-07,-0.1427300721,0.04812884331,0.3678416908
2,262,2.62,-0.1422232986,0.04580636559,0.368789533,2.817148447,0.6902320385,0.1278852224,-0.5904485583,9.60740465e-08,-0.1427154243,0.04799928889,0.3678707778
2,263,2.63,-0.1422232986,0.04580636559,0.368789533,2.817887545,0.6904225349,0.1278984845,-0.5904887915,7.132693725e-08,-0.1427018344,0.04787737131,0.3678980768
2,264,2.64,-0.1422232986,0.04580636559,0.368789533,2.818584204,0.6906006336,0.1279104948,-0.5905248523,4.767950301e-08,-0.1426894218,0.04776261747,0.3679235876
2,265,2.65,-0.1422232986,0.04580636559,0.368789533,2.819240808,0.6907671094,0.1279214025,-0.590557158,2.510777541e-08,-0.142677933,0.04765464365,0.3679475784
2,266,2.66,-0.1422232986,0.04580636559,0.368789533,2.819859743,0.6909226775,0.1279312968,-0.5905860662,3.582055985e-09,-0.142667383,0.04755303264,0.3679700494
2,267,2.67,-0.1422232986,0.04580636559,0.368789533,2.820442915,0.6910681725,0.1279402524,-0.5906119347,1.691067553e-08,-0.1426576674,0.04745730758,0.3679911494
2,268,2.68,-0.1422232986,0.04580636559,0.368789533,2.820992708,0.6912041903,0.1279483587,-0.5906351805,3.638847801e-08,-0.1426488161,0.04736731574,0.368010819
2,269,2.69,-0.1422232986,0.04580636559,0.368789533,2.821510553,0.6913313866,0.1279557198,-0.5906559825,5.489583543e-08,-0.1426406503,0.04728260264,0.368029356
2,270,2.7,-0.1422232986,0.04580636559,0.368789533,2.821998835,0.6914502382,0.1279623806,-0.5906745791,7.247535905e-08,-0.1426331252,0.04720284045,0.3680467308
2,271,2.71,-0.1422232986,0.04580636559,0.368789533,2.822458982,0.6915613413,0.1279684305,-0.5906912684,8.916221361e-08,-0.1426262408,0.04712770134,0.3680629432
2,272,2.72,-0.1422232986,0.04580636559,0.368789533,2.822892666,0.6916652322,0.1279738992,-0.5907062292,1.049934539e-07,-0.1426199973,0.04705708846,0.3680780232
2,273,2.73,-0.1422232986,0.04580636559,0.368789533,2.823301315,0.6917623878,0.1279788464,-0.5907196403,1.200068596e-07,-0.1426142752,0.04699055105,0.3680923581
2,274,2.74,-0.1422232986,0.04580636559,0.368789533,2.8236866,0.6918531656,0.1279833317,-0.5907316804,1.3423886e-07,-0.1426089853,0.04692793265,0.3681057394
2,275,2.75,-0.1422232986,0.04580636559,0.368789533,2.824049473,0.6919380426,0.1279873997,-0.5907424688,1.477244354e-07,-0.142604351,0.04686903208,0.3681180775
2,276,2.76,-0.1422232986,0.04580636559,0.368789533,2.824391603,0.6920173764,0.1279910952,-0.5907521248,1.6049907e-07,-0.1425999403,0.04681357741,0.36812976
2,277,2.77,-0.1422232986,0.04580636559,0.368789533,2.824713707,0.6920915246,0.127994433,-0.5907608271,1.725948806e-07,-0.1425959617,0.04676138982,0.3681406975
2,278,2.78,-0.1422232986,0.04580636559,0.368789533,2.825017452,0.6921608448,0.127997458,-0.5907685757,1.840469679e-07,-0.1425924301,0.04671225324,0.3681509197
2,279,2.79,-0.1422232986,0.04580636559,0.368789533,2.825303793,0.6922256947,0.1280001998,-0.5907754898,1.948848478e-07,-0.1425891221,0.04666595161,0.3681605458
2,280,2.8,-0.1422232986,0.04580636559,0.368789533,2.825573683,0.6922863126,0.1280026734,-0.5907816887,2.051364874e-07,-0.1425861567,0.04662236571,0.3681694865
2,281,2.81,-0.1422232986,0.04580636559,0.368789533,2.825828314,0.6923430562,0.1280049086,-0.5907872319,2.148280629e-07,-0.1425834298,0.04658132792,0.3681778908
2,282,2.82,-0.1422232986,0.04580636559,0.368789533,2.826067924,0.6923960447,0.1280069649,-0.5907922387,2.239891899e-07,-0.1425810009,0.04654271901,0.3681857884
2,283,2.83,-0.1422232986,0.04580636559,0.368789533,2.826293707,0.6924455166,0.1280088127,-0.5907967091,2.326524253e-07,-0.1425788254,0.04650637135,0.3681931496
2,284,2.84,-0.1422232986,0.04580636559,0.368789533,2.826506376,0.6924917698,0.1280104816,-0.5908007026,2.408417572e-07,-0.1425767988,0.04647219554,0.3681999743
2,285,2.85,-0.1422232986,0.04580636559,0.368789533,2.826707125,0.6925350428,0.1280119866,-0.5908042789,2.485815855e-07,-0.1425750703,0.04643996432,0.3682064414
2,286,2.86,-0.1422232986,0.04580636559,0.368789533,2.826896429,0.6925754547,0.1280133575,-0.5908074975,2.558904271e-07,-0.1425735354,0.04640955105,0.3682124317
2,287,2.87,-0.1422232986,0.04580636559,0.368789533,2.827074528,0.6926133037,0.1280146092,-0.5908104181,2.627926676e-07,-0.1425721198,0.04638107494,0.3682180345
2,288,2.88,-0.1422232986,0.04580636559,0.368789533,2.827242374,0.6926486492,0.1280157417,-0.5908129811,2.693139436e-07,-0.1425707489,0.04635421932,0.3682233095
2,289,2.89,-0.1422232986,0.04580636559,0.368789533,2.827400684,0.6926816702,0.128016755,-0.5908153057,2.754728143e-07,-0.1425696462,0.04632886872,0.3682282269
2,290,2.9,-0.1422232986,0.04580636559,0.368789533,2.827549696,0.6927125454,0.1280176789,-0.5908173919,2.812884645e-07,-0.1425686926,0.04630504921,0.3682328463
2,291,2.91,-0.1422232986,0.04580636559,0.368789533,2.827690125,0.692741394,0.1280185133,-0.5908192396,2.867801925e-07,-0.1425677836,0.04628258944,0.3682371974
2,292,2.92,-0.1422232986,0.04580636559,0.368789533,2.827822685,0.6927683353,0.1280192733,-0.5908209085,2.919647102e-07,-0.1425669938,0.04626149684,0.3682412207
2,293,2.93,-0.1422232986,0.04580636559,0.368789533,2.827947617,0.6927936077,0.1280199587,-0.5908223987,2.968554895e-07,-0.1425662935,0.04624159634,0.368244946
2,294,2.94,-0.1422232986,0.04580636559,0.368789533,2.828065157,0.6928172112,0.1280205697,-0.5908237696,3.014708625e-07,-0.1425656974,0.04622283578,0.3682485223
2,295,2.95,-0.1422232986,0.04580636559,0.368789533,2.828176022,0.6928392649,0.128021121,-0.5908249617,3.058274558e-07,-0.1425651014,0.04620523006,0.3682518601
2,296,2.96,-0.1422232986,0.04580636559,0.368789533,2.828280449,0.6928598881,0.1280216277,-0.5908260345,3.099387413e-07,-0.1425646544,0.04618863761,0.3682549298
2,297,2.97,-0.1422232986,0.04580636559,0.368789533,2.828378916,0.6928792,0.1280220896,-0.5908269882,3.138172815e-07,-0.1425643563,0.04617299139,0.368257761
2,298,2.98,-0.1422232986,0.04580636559,0.368789533,2.828471661,0.6928972602,0.1280225068,-0.5908278823,3.174778556e-07,-0.1425639689,0.04615823179,0.3682605028
2,299,2.99,-0.1422232986,0.04580636559,0.368789533,2.82855916,0.6929140687,0.1280228794,-0.5908285975,3.209306385e-07,-0.142563656,0.04614438489,0.3682630658
3,0,0,0.1779195844,0.06018801449,0.3897854318,4.138159537e-10,-0.001892744564,-0.001874481211,-0.0003637019836,5.014769489e-09,0.2988586426,-1.323821053e-09,0.2381825298
3,1,0.01,0.1779195844,0.06018801449,0.3897854318,4.326307703e-07,-0.001934430795,-0.001902584569,-0.0003692549944,4.942346976e-09,0.2988643646,1.134177268e-07,0.2381617427
3,2,0.02,0.1779195844,0.06018801449,0.3897854318,2.41092016e-06,-0.001971272286,-0.001925654244,-0.0003774267389,3.972938867e-09,0.2988693416,6.834751503e-07,0.2381436676
3,3,0.03,0.1779195844,0.06018801449,0.3897854318,7.332124369e-06,-0.002001514426,-0.00194167567,-0.0003912345564,1.80189963e-09,0.2988734841,2.160221811e-06,0.2381286323
3,4,0.04,0.1779195844,0.06018801449,0.3897854318,1.66040063e-05,-0.002023352776,-0.00194855174,-0.0004137362994,1.599779309e-09,0.2988764048,4.94347978e-06,0.238117829
3,5,0.05,0.1779195844,0.06018801449,0.3897854318,3.157672109e-05,-0.002035049023,-0.001944279182,-0.0004478059127,6.115700391e-09,0.2988779545,9.396764654e-06,0.2381117493
3,6,0.06,0.1779195844,0.06018801449,0.3897854318,5.352796143e-05,-0.002034963807,-0.001927004196,-0.0004960676888,1.158573593e-08,0.2988779843,1.590085412e-05,0.2381111532
3,7,0.07,0.1779195844,0.06018801449,0.3897854318,8.366211841e-05,-0.002021560911,-0.001895032823,-0.0005608896608,1.784341919e-08,0.2988761365,2.496989691e-05,0.2381167412
3,8,0.08,0.1779195844,0.06018801449,0.3897854318,0.0001231129718,-0.0019934054,-0.001846825937,-0.0006443970487,2.473235305e-08,0.2988723218,3.672198727e-05,0.2381291389
3,9,0.09,0.1779195844,0.06018801449,0.3897854318,0.0001729471551,-0.001949158497,-0.001780988765,-0.0007484921953,3.211219735e-08,0.2988663018,5.161522131e-05,0.2381488681
3,10,0.1,0.1779195844,0.06018801449,0.3897854318,0.0002341676736,-0.001887571649,-0.001696259133,-0.0008748751716,3.985961783e-08,0.2988579273,6.996448064e-05,0.2381764352
3,11,0.11,0.1779195844,0.06018801449,0.3897854318,0.0003077173023,-0.0018074814,-0.001591496286,-0.001025064033,4.786778263e-08,0.2988470197,9.191448771e-05,0.2382125258
3,12,0.12,0.1779195844,0.06018801449,0.3897854318,0.000394481729,-0.001707804622,-0.001465670299,-0.001200412051,5.604469777e-08,0.2988334298,0.0001178490129,0.2382573932
3,13,0.13,0.1779195844,0.06018801449,0.3897854318,0.0004952925374,-0.001587533159,-0.00131785206,-0.001402124995,6.431150723e-08,0.2988169491,0.0001479714701,0.238311708
3,14,0.14,0.1779195844,0.06018801449,0.3897854318,0.0006109301466,-0.001445729285,-0.001147204661,-0.001631275052,7.260111801e-08,0.2987976074,0.0001825223735,0.2383753359
3,15,0.15,0.1779195844,0.06018801449,0.3897854318,0.0007421264309,-0.001281521749,-0.000952975417,-0.001888814615,8.085662273e-08,0.2987751365,0.0002216759895,0.2384492159
3,16,0.16,0.1779195844,0.06018801449,0.3897854318,0.0008895672509,-0.001094101812,-0.0007344884798,-0.002175587695,8.903025872e-08,0.2987494767,0.0002657535661,0.2385332286
3,17,0.17,0.1779195844,0.06018801449,0.3897854318,0.00105389487,-0.000882719527,-0.0004911378492,-0.00249234098,9.708224269e-08,0.2987205088,0.0003148356045,0.2386280745
3,18,0.18,0.1779195844,0.06018801449,0.3897854318,0.001235710224,-0.0006466800696,-0.0002223818155,-0.002839733148,1.049794349e-07,0.2986880243,0.000369041285,0.2387339026
3,19,0.19,0.1779195844,0.06018801449,0.3897854318,0.001435574843,-0.0003853406815,7.226277376e-05,-0.003218342783,1.126945648e-07,0.2986520529,0.0004287213087,0.2388506383
3,20,0.2,0.1779195844,0.06018801449,0.3897854318,0.001654013176,-9.810749907e-05,0.0003932253749,-0.003628677223,1.202056694e-07,0.2986124754,0.0004938867642,0.238978982
3,21,0.21,0.1779195844,0.06018801449,0.3897854318,0.001891514054,0.0002155669208,0.0007408863166,-0.004071178846,1.274954116e-07,0.2985691726,0.0005646682694,0.239118889
3,22,0.22,0.1779195844,0.06018801449,0.3897854318,0.00214853324,0.0005561865983,0.001115580788,-0.004546230659,1.34550703e-07,0.2985219955,0.0006412840448,0.2392706573
3,23,0.23,0.1779195844,0.06018801449,0.3897854318,0.002425493672,0.0009242144879,0.001517602708,-0.00505416235,1.41361312e-07,0.2984709442,0.0007239200058,0.239434436
3,24,0.24,0.1779195844,0.06018801449,0.3897854318,0.002722788369,0.001320074662,0.001947207842,-0.005595256109,1.479198488e-07,0.2984158397,0.0008125323802,0.2396104336
3,25,0.25,0.1779195844,0.06018801449,0.3897854318,0.003040781943,0.001744154841,0.002404617146,-0.006169748027,1.542218229e-07,0.2983566225,0.000907235255,0.2397987843
3,26,0.26,0.1779195844,0.06018801449,0.3897854318,0.003379810834,0.002196807414,0.002890019678,-0.006777836476,1.602646904e-07,0.2982932925,0.001008148305,0.2399994582
3,27,0.27,0.1779195844,0.06018801449,0.3897854318,0.003740185173,0.002678353107,0.003403573995,-0.007419681177,1.660475704e-07,0.2982256413,0.001115342602,0.2402129173
3,28,0.28,0.1779195844,0.06018801449,0.3897854318,0.004122191109,0.003189081326,0.003945412114,-0.008095410652,1.715714433e-07,0.2981536984,0.001228975016,0.2404388487
3,29,0.29,0.1779195844,0.06018801449,0.3897854318,0.004526090343,0.003729252145,0.004515639972,-0.008805119433,1.768382276e-07,0.2980773449,0.001349106082,0.2406775504
3,30,0.3,0.1779195844,0.06018801449,0.3897854318,0.004952121526,0.004299097694,0.00511434162,-0.009548879229,1.818511066e-07,0.2979964912,0.00147577608,0.2409292608
3,31,0.31,0.1779195844,0.06018801449,0.3897854318,0.00540050352,0.004898823798,0.005741577595,-0.01032673195,1.866139883e-07,0.2979110479,0.001608888269,0.2411937416
3,32,0.32,0.1779195844,0.06018801449,0.3897854318,0.005871432833,0.005528612062,0.006397389807,-0.01113869715,1.911318606e-07,0.2978210151,0.001748593873,0.2414712161
3,33,0.33,0.1779195844,0.06018801449,0.3897854318,0.006365086883,0.006188619416,0.007081800606,-0.01198477205,1.954099247e-07,0.2977262437,0.00189500954,0.2417615652
3,34,0.34,0.1779195844,0.06018801449,0.3897854318,0.00688162446,0.006878980901,0.00779481465,-0.01286493428,1.994537513e-07,0.2976266742,0.00204822165,0.2420651615
3,35,0.35,0.1779195844,0.06018801449,0.3897854318,0.007421186194,0.007599809673,0.008536420763,-0.01377914473,2.032695647e-07,0.2975223362,0.002207969781,0.242381528
3,36,0.36,0.1779195844,0.06018801449,0.3897854318,0.007983895019,0.008351198398,0.009306593798,-0.01472734287,2.068635752e-07,0.2974129319,0.002374585718,0.2427113056
3,37,0.37,0.1779195844,0.06018801449,0.3897854318,0.0085698599,0.009133222513,0.01010529138,-0.01570945606,2.102420638e-07,0.29729864,0.002547878772,0.2430539131
3,38,0.38,0.1779195844,0.06018801449,0.3897854318,0.009179170243,0.00994593557,0.01093246043,-0.01672539301,2.134119939e-07,0.2971791625,0.002728009596,0.2434097677
3,39,0.39,0.1779195844,0.06018801449,0.3897854318,0.00981190335,0.01078937761,0.01178803388,-0.01777505316,2.163799735e-07,0.2970546186,0.002914781217,0.2437786162
3,40,0.4,0.1779195844,0.06018801449,0.3897854318,0.01046812069,0.01166356821,0.01267193258,-0.01885831915,2.191526534e-07,0.2969248593,0.003108325647,0.2441604733
3,41,0.41,0.1779195844,0.06018801449,0.3897854318,0.01114787068,0.01256851293,0.01358406805,-0.01997506246,2.217368973e-07,0.2967897654,0.003308706917,0.2445554733
3,42,0.42,0.1779195844,0.06018801449,0.3897854318,0.01185118873,0.01350420061,0.01452434063,-0.02112513967,2.241389296e-07,0.296649307,0.003515766934,0.2449634522
3,43,0.43,0.1779195844,0.06018801449,0.3897854318,0.01257809438,0.01447060518,0.0154926395,-0.02230840363,2.263654579e-07,0.2965034246,0.003729620483,0.2453844845
3,44,0.44,0.1779195844,0.06018801449,0.3897854318,0.01332860067,0.01546768937,0.01648884453,-0.02352469228,2.284228771e-07,0.2963520586,0.003950182348,0.245818302
3,45,0.45,0.1779195844,0.06018801449,0.3897854318,0.01410270389,0.01649540104,0.01751282811,-0.02477383241,2.303173545e-07,0.2961951196,0.004177402705,0.2462650239
3,46,0.46,0.1779195844,0.06018801449,0.3897854318,0.01490039006,0.01755367033,0.01856445335,-0.02605564147,2.320549726e-07,0.2960324585,0.004411272705,0.2467246056
3,47,0.47,0.1779195844,0.06018801449,0.3897854318,0.01572163589,0.01864242367,0.01964357309,-0.02736992948,2.336419413e-07,0.295864135,0.004651851952,0.2471969426
3,48,0.48,0.1779195844,0.06018801449,0.3897854318,0.01656640694,0.01976157166,0.0207500346,-0.02871649899,2.350835899e-07,0.2956900001,0.00489896955,0.2476820499
3,49,0.49,0.1779195844,0.06018801449,0.3897854318,0.01743465848,0.02091100998,0.02188367769,-0.03009514138,2.363854605e-07,0.2955099344,0.005152586382,0.248179853
3,50,0.5,0.1779195844,0.06018801449,0.3897854318,0.01832633466,0.02209062688,0.02304433286,-0.0315056406,2.375528965e-07,0.2953239977,0.005412790459,0.2486899942
3,51,0.51,0.1779195844,0.06018801449,0.3897854318,0.01924137399,0.02330030315,0.02423182689,-0.03294777498,2.385913263e-07,0.2951320112,0.005679371301,0.2492128015
3,52,0.52,0.1779195844,0.06018801449,0.3897854318,0.02017969824,0.02453990281,0.0254459735,-0.03442131728,2.395057095e-07,0.2949339449,0.005952444393,0.2497479618
3,53,0.53,0.1779195844,0.06018801449,0.3897854318,0.02114122733,0.02580928057,0.0266865883,-0.03592602909,2.403010626e-07,0.29472965,0.006231789012,0.2502954602
3,54,0.54,0.1779195844,0.06018801449,0.3897854318,0.02212587371,0.02710828558,0.02795347571,-0.0374616608,2.409817341e-07,0.294519186,0.006517447531,0.2508550584
3,55,0.55,0.1779195844,0.06018801449,0.3897854318,0.02313353494,0.02843675576,0.02924643271,-0.03902797028,2.41552101e-07,0.2943023741,0.006809408311,0.2514270544
3,56,0.56,0.1779195844,0.06018801449,0.3897854318,0.02416410297,0.02979451977,0.03056525439,-0.04062469304,2.420167675e-07,0.2940792143,0.00710748136,0.2520107627
3,57,0.57,0.1779195844,0.06018801449,0.3897854318,0.02521746792,0.03118139692,0.03190972656,-0.04225156829,2.423799685e-07,0.2938495874,0.007411647588,0.2526064813
3,58,0.58,0.1779195844,0.06018801449,0.3897854318,0.02629350498,0.03259719908,0.03327963129,-0.04390832782,2.426455694e-07,0.293613404,0.007721817121,0.2532141507
3,59,0.59,0.1779195844,0.06018801449,0.3897854318,0.02739208564,0.03404173255,0.0346747525,-0.04559469223,2.428174923e-07,0.2933706343,0.008037918247,0.2538333535
3,60,0.6,0.1779195844,0.06018801449,0.3897854318,0.02851307392,0.03551479056,0.03609484807,-0.04731038213,2.428991479e-07,0.2931212187,0.008359930478,0.2544640899
3,61,0.61,0.1779195844,0.06018801449,0.3897854318,0.02965632826,0.03701616824,0.03753969073,-0.04905510694,2.428943162e-07,0.2928650677,0.008687743917,0.2551063597
3,62,0.62,0.1779195844,0.06018801449,0.3897854318,0.03082169406,0.03854563832,0.03900904208,-0.05082857236,2.428062089e-07,0.2926020622,0.009021244012,0.2557601035
3,63,0.63,0.1779195844,0.06018801449,0.3897854318,0.03200902045,0.04010297731,0.04050265998,-0.05263048783,2.426380945e-07,0.2923321724,0.009360378608,0.2564249039
3,64,0.64,0.1779195844,0.06018801449,0.3897854318,0.03321814165,0.04168795794,0.04202029482,-0.05446054041,2.423932415e-07,0.2920553684,0.009705050848,0.2571007311
3,65,0.65,0.1779195844,0.06018801449,0.3897854318,0.03444888815,0.04330033436,0.04356168583,-0.05631842092,2.42074492e-07,0.2917715311,0.01005502604,0.2577875257
3,66,0.66,0.1779195844,0.06018801449,0.3897854318,0.03570108861,0.04493985698,0.04512658343,-0.05820381641,2.416848872e-07,0.2914806008,0.01041053981,0.2584851384
3,67,0.67,0.1779195844,0.06018801449,0.3897854318,0.03697455674,0.04660627618,0.04671472311,-0.06011641398,2.412272408e-07,0.2911825478,0.01077114884,0.2591933906
3,68,0.68,0.1779195844,0.06018801449,0.3897854318,0.03826911002,0.04829933122,0.04832583666,-0.06205587834,2.407044803e-07,0.290877223,0.0111369919,0.2599121928
3,69,0.69,0.1779195844,0.06018801449,0.3897854318,0.03958455846,0.05001875386,0.04995965958,-0.06402187794,2.401190216e-07,0.2905647159,0.01150778588,0.260641098
3,70,0.7,0.1779195844,0.06018801449,0.3897854318,0.0409207046,0.05176427588,0.05161590502,-0.06601409614,2.394731951e-07,0.2902448475,0.0118835764,0.2613803744
3,71,0.71,0.1779195844,0.06018801449,0.3897854318,0.04227735102,0.05353561789,0.05329429731,-0.06803218275,2.387694167e-07,0.2899175286,0.0122640999,0.2621298432
3,72,0.72,0.1779195844,0.06018801449,0.3897854318,0.04365428537,0.05533249304,0.05499455333,-0.0700757876,2.380097186e-07,0.2895827293,0.01264948212,0.2628891468
3,73,0.73,0.1779195844,0.06018801449,0.3897854318,0.04505129904,0.05715461075,0.05671638623,-0.07214456052,2.371967014e-07,0.2892405093,0.01303938031,0.2636579871
3,74,0.74,0.1779195844,0.06018801449,0.3897854318,0.04646817222,0.05900168419,0.05845950171,-0.07423816621,2.363327383e-07,0.2888906598,0.01343387645,0.2644366324
3,75,0.75,0.1779195844,0.06018801449,0.3897854318,0.04790468886,0.0608734116,0.06022360921,-0.07635623962,2.354201314e-07,0.2885332108,0.01383262873,0.2652245462
3,76,0.76,0.1779195844,0.06018801449,0.3897854318,0.04936061054,0.0627694875,0.06200840697,-0.0784984082,2.344605292e-07,0.2881680131,0.01423560269,0.2660218179
3,77,0.77,0.1779195844,0.06018801449,0.3897854318,0.05083571747,0.06468959898,0.06381358206,-0.08066432178,2.334559639e-07,0.2877951264,0.01464284956,0.2668280602
3,78,0.78,0.1779195844,0.06018801449,0.3897854318,0.05232977122,0.06663342565,0.06563883275,-0.08285360038,2.324085671e-07,0.2874144316,0.01505398471,0.2676433325
3,79,0.79,0.1779195844,0.06018801449,0.3897854318,0.05384253338,0.0686006546,0.06748385727,-0.08506587148,2.313203566e-07,0.2870260477,0.01546916645,0.2684670687
3,80,0.8,0.1779195844,0.06018801449,0.3897854318,0.0553737618,0.070590958,0.06934834272,-0.08730075508,2.301933648e-07,0.2866296172,0.01588795334,0.2692995965
3,81,0.81,0.1779195844,0.06018801449,0.3897854318,0.0569232069,0.07260400057,0.0712319538,-0.08955787122,2.290291263e-07,0.2862254083,0.01631052047,0.2701402605
3,82,0.82,0.1779195844,0.06018801449,0.3897854318,0.05849061534,0.07463946193,0.0731343925,-0.09183683246,2.278294033e-07,0.2858132124,0.01673647948,0.2709892392
3,83,0.83,0.1779195844,0.06018801449,0.3897854318,0.06007573381,0.07669699192,0.07505531609,-0.09413724393,2.265962991e-07,0.2853930593,0.01716581732,0.2718461156
3,84,0.84,0.1779195844,0.06018801449,0.3897854318,0.06167830527,0.0787762478,0.07699441165,-0.09645872563,2.253316609e-07,0.2849647999,0.01759839803,0.272710979
3,85,0.85,0.1779195844,0.06018801449,0.3897854318,0.06329806894,0.0808768943,0.07895133644,-0.0988008678,2.240369383e-07,0.2845285833,0.01803424209,0.2735834122
3,86,0.86,0.1779195844,0.06018801449,0.3897854318,0.06493474543,0.08299856633,0.0809257701,-0.101163283,2.227138509e-07,0.2840842307,0.01847293787,0.2744632661
3,87,0.87,0.1779195844,0.06018801449,0.3897854318,0.06658808142,0.08514091372,0.08291736245,-0.103545554,2.213641181e-07,0.283631742,0.01891441271,0.2753504515
3,88,0.88,0.1779195844,0.06018801449,0.3897854318,0.06825779378,0.08730357885,0.08492577821,-0.105947271,2.199893032e-07,0.2831712067,0.019358702,0.2762444317
3,89,0.89,0.1779195844,0.06018801449,0.3897854318,0.06994360685,0.08948619664,0.08695067465,-0.1083680317,2.185911683e-07,0.282702446,0.01980547607,0.2771454751
3,90,0.9,0.1779195844,0.06018801449,0.3897854318,0.07164523751,0.09168839455,0.0889917016,-0.1108074188,2.171715892e-07,0.2822254896,0.02025479078,0.2780532241
3,91,0.91,0.1779195844,0.06018801449,0.3897854318,0.07336241007,0.0939098075,0.09104852378,-0.1132650152,2.157322996e-07,0.2817403972,0.02070629038,0.2789672911
3,92,0.92,0.1779195844,0.06018801449,0.3897854318,0.07509483397,0.09615006298,0.09312077612,-0.1157403961,2.142746922e-07,0.2812471092,0.021159973,0.2798877656
3,93,0.93,0.1779195844,0.06018801449,0.3897854318,0.07684221119,0.09840877354,0.09520810097,-0.1182331368,2.128004724e-07,0.2807456255,0.02161566354,0.2808142602
3,94,0.94,0.1779195844,0.06018801449,0.3897854318,0.07860426605,0.1006855592,0.09731015563,-0.1207428202,2.113115869e-07,0.280235827,0.02207318321,0.2817467153
3,95,0.95,0.1779195844,0.06018801449,0.3897854318,0.08038069308,0.1029800326,0.09942658991,-0.1232690066,2.098091869e-07,0.2797179818,0.02253242582,0.2826845944
3,96,0.96,0.1779195844,0.06018801449,0.3897854318,0.0821711868,0.1052918136,0.1015570238,-0.1258112639,2.082949777e-07,0.2791918516,0.0229931958,0.2836281657
3,97,0.97,0.1779195844,0.06018801449,0.3897854318,0.08397545666,0.1076205075,0.1037010923,-0.1283691674,2.067707925e-07,0.278657496,0.02345547825,0.2845768929
3,98,0.98,0.1779195844,0.06018801449,0.3897854318,0.08579319715,0.1099657193,0.1058584377,-0.1309422851,2.052381802e-07,0.2781149745,0.02391906455,0.2855305374
3,99,0.99,0.1779195844,0.06018801449,0.3897854318,0.08762410283,0.1123270541,0.108028695,-0.1335301399,2.036987894e-07,0.2775642276,0.02438361757,0.2864892185
3,100,1,0.1779195844,0.06018801449,0.3897854318,0.08946786821,0.1147041097,0.1102114767,-0.1361323148,2.021538705e-07,0.2770054042,0.0248493515,0.2874524295
3,101,1.01,0.1779195844,0.06018801449,0.3897854318,0.09132418036,0.1170964763,0.1124064252,-0.1387483627,2.006050863e-07,0.2764384449,0.02531583048,0.2884200513
3,102,1.02,0.1779195844,0.06018801449,0.3897854318,0.09319271147,0.1195037514,0.1146131605,-0.1413778216,1.990543694e-07,0.2758632898,0.02578311972,0.2893918455
3,103,1.03,0.1779195844,0.06018801449,0.3897854318,0.09507316351,0.1219255254,0.1168313101,-0.1440202594,1.975032404e-07,0.2752801776,0.02625088207,0.2903675139
3,104,1.04,0.1779195844,0.06018801449,0.3897854318,0.09696520865,0.1243613884,0.1190604791,-0.1466752142,1.959531488e-07,0.2746889591,0.02671903186,0.2913470268
3,105,1.05,0.1779195844,0.06018801449,0.3897854318,0.09886853397,0.1268109083,0.1213003024,-0.1493422389,1.944058283e-07,0.274089694,0.02718742937,0.2923302054
3,106,1.06,0.1779195844,0.06018801449,0.3897854318,0.1007828042,0.1292736977,0.1235504001,-0.1520208567,1.928629274e-07,0.2734824717,0.0276559405,0.2933166921
3,107,1.07,0.1779195844,0.06018801449,0.3897854318,0.1027076989,0.131749317,0.1258103698,-0.1547106504,1.913263361e-07,0.2728674114,0.02812448144,0.2943061888
3,108,1.08,0.1779195844,0.06018801449,0.3897854318,0.1046428904,0.1342373788,0.1280798465,-0.1574110985,1.897978308e-07,0.2722443342,0.02859283984,0.2952988446
3,109,1.09,0.1779195844,0.06018801449,0.3897854318,0.1065880582,0.1367374212,0.1303584278,-0.1601217836,1.882786904e-07,0.2716133893,0.0290607959,0.2962942421
3,110,1.1,0.1779195844,0.06018801449,0.3897854318,0.108542867,0.1392490119,0.1326457262,-0.162842229,1.867703645e-07,0.2709748149,0.02952837572,0.2972919643
3,111,1.11,0.1779195844,0.06018801449,0.3897854318,0.1105069816,0.1417717338,0.1349413544,-0.1655719727,1.852747573e-07,0.2703284323,0.02999539487,0.2982920408
3,112,1.12,0.1779195844,0.06018801449,0.3897854318,0.1124800667,0.1443051696,0.13724491,-0.1683105379,1.837934605e-07,0.2696744204,0.03046150133,0.2992942929
3,113,1.13,0.1779195844,0.06018801449,0.3897854318,0.114461787,0.1468488872,0.1395560056,-0.1710574627,1.82328165e-07,0.2690128386,0.03092685714,0.3002983034
3,114,1.14,0.1779195844,0.06018801449,0.3897854318,0.1164518073,0.1494024396,0.1418742537,-0.1738122702,1.808806047e-07,0.2683438361,0.03139108047,0.3013038933
3,115,1.15,0.1779195844,0.06018801449,0.3897854318,0.1184497923,0.1519653946,0.1441992372,-0.1765744984,1.794523143e-07,0.2676672935,0.03185413033,0.3023110628
3,116,1.16,0.1779195844,0.06018801449,0.3897854318,0.1204553992,0.1545373052,0.1465305686,-0.1793436557,1.78045056e-07,0.2669835091,0.03231599927,0.3033193648
3,117,1.17,0.1779195844,0.06018801449,0.3897854318,0.1224682853,0.1571177691,0.1488678455,-0.1821192801,1.766602367e-07,0.2662923932,0.03277625516,0.3043287396
3,118,1.18,0.1779195844,0.06018801449,0.3897854318,0.1244881004,0.1597062945,0.1512106806,-0.1849009097,1.752991068e-07,0.2655941546,0.03323508799,0.3053389192
3,119,1.19,0.1779195844,0.06018801449,0.3897854318,0.1265144944,0.162302494,0.1535586566,-0.1876880378,1.739641675e-07,0.2648888826,0.03369214386,0.3063495755
3,120,1.2,0.1779195844,0.06018801449,0.3897854318,0.1285471469,0.164905861,0.1559113711,-0.1904802173,1.72656712e-07,0.2641767263,0.03414733335,0.3073605299
3,121,1.21,0.1779195844,0.06018801449,0.3897854318,0.1305857003,0.167516008,0.1582684666,-0.1932769418,1.713779483e-07,0.2634575367,0.03460051119,0.3083718121
3,122,1.22,0.1779195844,0.06018801449,0.3897854318,0.1326298118,0.1701324582,0.160629496,-0.1960777491,1.701295673e-07,0.2627317309,0.03505174816,0.3093830049
3,123,1.23,0.1779195844,0.06018801449,0.3897854318,0.1346791238,0.1727547646,0.1629940569,-0.1988821477,1.689126918e-07,0.2619992495,0.03550066799,0.3103938699
3,124,1.24,0.1779195844,0.06018801449,0.3897854318,0.1367332786,0.1753824949,0.1653617471,-0.2016896755,1.677293824e-07,0.2612601817,0.03594718128,0.3114044368
3,125,1.25,0.1779195844,0.06018801449,0.3897854318,0.1387919188,0.1780151725,0.1677321494,-0.2044998258,1.665818701e-07,0.2605148554,0.03639120236,0.3124140799
3,126,1.26,0.1779195844,0.06018801449,0.3897854318,0.1408547163,0.18065238,0.1701048911,-0.2073121369,1.654712349e-07,0.2597631216,0.03683264926,0.3134230077
3,127,1.27,0.1779195844,0.06018801449,0.3897854318,0.1429213285,0.1832936406,0.1724795401,-0.2101261169,1.643984149e-07,0.2590053082,0.03727146983,0.3144308031
3,128,1.28,0.1779195844,0.06018801449,0.3897854318,0.1449913681,0.1859385073,0.1748557091,-0.2129412889,1.633648594e-07,0.2582414746,0.03770735115,0.3154374063
3,129,1.29,0.1779195844,0.06018801449,0.3897854318,0.1470644921,0.188586548,0.1772329658,-0.2157571763,1.623725581e-07,0.2574716508,0.03814031929,0.316442579
3,130,1.3,0.1779195844,0.06018801449,0.3897854318,0.149140358,0.1912373006,0.1796109229,-0.2185733169,1.614232445e-07,0.2566961944,0.03857013211,0.3174458742
3,131,1.31,0.1779195844,0.06018801449,0.3897854318,0.1512185931,0.1938903034,0.1819891781,-0.2213891745,1.605180842e-07,0.2559151053,0.03899678215,0.3184474707
3,132,1.32,0.1779195844,0.06018801449,0.3897854318,0.1532988548,0.1965451092,0.184367314,-0.2242043018,1.59658228e-07,0.2551285923,0.03942023963,0.3194468915
3,133,1.33,0.1779195844,0.06018801449,0.3897854318,0.1553807706,0.199201256,0.1867449135,-0.2270182073,1.588454381e-07,0.2543368042,0.03984023258,0.3204440773
3,134,1.34,0.1779195844,0.06018801449,0.3897854318,0.1574640125,0.201858297,0.1891215891,-0.2298304141,1.580811215e-07,0.2535398006,0.04025666416,0.3214389682
3,135,1.35,0.1779195844,0.06018801449,0.3897854318,0.1595482081,0.2045157701,0.1914969087,-0.2326404303,1.573661308e-07,0.2527378798,0.040669512,0.3224309385
3,136,1.36,0.1779195844,0.06018801449,0.3897854318,0.1616329998,0.2071732283,0.1938704997,-0.2354477793,1.567018018e-07,0.2519311011,0.04107874259,0.3234202862
3,137,1.37,0.1779195844,0.06018801449,0.3897854318,0.1637180299,0.2098301947,0.1962419301,-0.2382519841,1.560892855e-07,0.2511197329,0.04148417711,0.324406445
3,138,1.38,0.1779195844,0.06018801449,0.3897854318,0.1658029407,0.2124862373,0.1986107975,-0.2410525531,1.555303015e-07,0.2503039241,0.04188565537,0.3253893554
3,139,1.39,0.1779195844,0.06018801449,0.3897854318,0.1678873897,0.2151408941,0.2009766996,-0.2438490242,1.55026072e-07,0.2494836897,0.04228324071,0.3263690472
3,140,1.4,0.1779195844,0.06018801449,0.3897854318,0.1699709892,0.217793718,0.203339234,-0.2466409057,1.5457681e-07,0.2486594319,0.04267660528,0.3273450136
3,141,1.41,0.1779195844,0.06018801449,0.3897854318,0.1720534116,0.2204442471,0.2056979835,-0.2494277209,1.541846189e-07,0.2478311509,0.04306602478,0.3283172846
3,142,1.42,0.1779195844,0.06018801449,0.3897854318,0.1741342992,0.2230920345,0.2080525607,-0.2522090077,1.538497543e-07,0.2469991297,0.04345107824,0.3292857111
3,143,1.43,0.1779195844,0.06018801449,0.3897854318,0.1762132943,0.2257366329,0.2104025632,-0.2549842894,1.535733105e-07,0.2461635768,0.04383184016,0.3302498758
3,144,1.44,0.1779195844,0.06018801449,0.3897854318,0.1782900244,0.2283775806,0.212747559,-0.2577530444,1.533567797e-07,0.2453246117,0.04420826957,0.3312097788
3,145,1.45,0.1779195844,0.06018801449,0.3897854318,0.1803641617,0.2310144007,0.2150871903,-0.2605148256,1.532010572e-07,0.244482398,0.04458032176,0.3321653008
3,146,1.46,0.1779195844,0.06018801449,0.3897854318,0.1824353188,0.233646661,0.217421025,-0.2632691562,1.531066687e-07,0.2436372936,0.04494777322,0.3331161141
3,147,1.47,0.1779195844,0.06018801449,0.3897854318,0.1845031679,0.2362739295,0.2197486609,-0.2660155892,1.530745095e-07,0.2427892089,0.04531062022,0.3340623379
3,148,1.48,0.1779195844,0.06018801449,0.3897854318,0.1865673363,0.238895759,0.2220697105,-0.2687536478,1.531053044e-07,0.2419386357,0.04566885531,0.3350034952
3,149,1.49,0.1779195844,0.06018801449,0.3897854318,0.1886274815,0.2415116727,0.2243837714,-0.2714828253,1.532001619e-07,0.2410856187,0.04602241889,0.3359395564
3,150,1.5,0.1779195844,0.06018801449,0.3897854318,0.1906832308,0.2441212237,0.2266904414,-0.2742027044,1.533596077e-07,0.2402303815,0.04637115821,0.3368704617
3,151,1.51,0.1779195844,0.06018801449,0.3897854318,0.1927342564,0.2467239648,0.2289893478,-0.2769127786,1.535845371e-07,0.2393732369,0.0467151925,0.337795794
3,152,1.52,0.1779195844,0.06018801449,0.3897854318,0.1947801858,0.2493194491,0.2312800884,-0.2796126306,1.538754759e-07,0.2385142893,0.0470543839,0.3387155533
3,153,1.53,0.1779195844,0.06018801449,0.3897854318,0.1968206912,0.2519072592,0.2335622609,-0.282301724,1.542322252e-07,0.2376537621,0.04738864303,0.3396297097
3,154,1.54,0.1779195844,0.06018801449,0.3897854318,0.1988554299,0.2544869184,0.2358354777,-0.2849796712,1.546555808e-07,0.2367917597,0.04771793634,0.3405380547
3,155,1.55,0.1779195844,0.06018801449,0.3897854318,0.2008840293,0.2570580244,0.2380993366,-0.2876459658,1.551457842e-07,0.235928759,0.04804216325,0.34144032
3,156,1.56,0.1779195844,0.06018801449,0.3897854318,0.2029061466,0.2596200705,0.2403534651,-0.2903001904,1.557033613e-07,0.2350647897,0.04836161807,0.3423364162
3,157,1.57,0.1779195844,0.06018801449,0.3897854318,0.2049214393,0.262172699,0.2425974756,-0.2929418385,1.563286673e-07,0.2342001498,0.04867585748,0.3432261944
3,158,1.58,0.1779195844,0.06018801449,0.3897854318,0.2069295496,0.2647154331,0.2448309958,-0.2955705225,1.570221002e-07,0.2333350629,0.04898500815,0.3441096544
3,159,1.59,0.1779195844,0.06018801449,0.3897854318,0.2089301497,0.2672478259,0.2470536232,-0.2981857657,1.577839868e-07,0.2324697524,0.0492891632,0.3449862897
3,160,1.6,0.1779195844,0.06018801449,0.3897854318,0.2109229118,0.2697694302,0.2492649704,-0.3007870913,1.586139575e-07,0.2316042483,0.04958813265,0.3458565176
3,161,1.61,0.1779195844,0.06018801449,0.3897854318,0.2129074633,0.272279799,0.2514646649,-0.3033740819,1.59511842e-07,0.2307390273,0.04988199472,0.3467198908
3,162,1.62,0.1779195844,0.06018801449,0.3897854318,0.2148834765,0.2747785449,0.2536523342,-0.3059462905,1.604775548e-07,0.2298742831,0.05017065629,0.347576201
3,163,1.63,0.1779195844,0.06018801449,0.3897854318,0.2168506086,0.2772652507,0.2558276057,-0.3085032701,1.615113376e-07,0.2290101349,0.05045429617,0.3484255373
3,164,1.64,0.1779195844,0.06018801449,0.3897854318,0.2188085318,0.2797394991,0.2579900622,-0.3110446036,1.626132189e-07,0.2281468958,0.05073264241,0.3492676616
3,165,1.65,0.1779195844,0.06018801449,0.3897854318,0.2207569033,0.2822008133,0.2601394057,-0.3135697842,1.637828859e-07,0.2272846401,0.0510057807,0.3501026034
3,166,1.66,0.1779195844,0.06018801449,0.3897854318,0.2226953954,0.2846487761,0.2622752488,-0.3160784543,1.650199977e-07,0.2264238149,0.05127389729,0.3509300351
3,167,1.67,0.1779195844,0.06018801449,0.3897854318,0.2246236652,0.2870829999,0.2643972039,-0.3185701668,1.663241989e-07,0.2255645245,0.05153669417,0.3517500162
3,168,1.68,0.1779195844,0.06018801449,0.3897854318,0.2265414149,0.2895030677,0.2665049136,-0.3210444748,1.676951769e-07,0.2247070074,0.05179440975,0.3525623381
3,169,1.69,0.1779195844,0.06018801449,0.3897854318,0.2284482718,0.2919085622,0.2685979903,-0.3235010207,1.691322353e-07,0.2238515019,0.05204693973,0.3533670306
3,170,1.7,0.1779195844,0.06018801449,0.3897854318,0.2303439379,0.2942990661,0.2706761062,-0.3259392977,1.70634749e-07,0.2229982316,0.05229437351,0.3541638255
3,171,1.71,0.1779195844,0.06018801449,0.3897854318,0.2322280854,0.2966741621,0.2727389038,-0.3283589184,1.722024052e-07,0.2221475244,0.05253668875,0.3549526632
3,172,1.72,0.1779195844,0.06018801449,0.3897854318,0.2341003716,0.2990334332,0.2747860551,-0.3307594955,1.738345077e-07,0.221299395,0.05277376994,0.3557336032
3,173,1.73,0.1779195844,0.06018801449,0.3897854318,0.2359604985,0.301376462,0.276817143,-0.3331405818,1.755303032e-07,0.2204543352,0.05300588161,0.3565063179
3,174,1.74,0.1779195844,0.06018801449,0.3897854318,0.237808153,0.3037028909,0.2788318694,-0.3355017602,1.772886691e-07,0.2196123898,0.05323281884,0.357270956
3,175,1.75,0.1779195844,0.06018801449,0.3897854318,0.2396429926,0.3060123026,0.2808298767,-0.3378426731,1.791086817e-07,0.2187739164,0.05345482379,0.3580272496
3,176,1.76,0.1779195844,0.06018801449,0.3897854318,0.2414647043,0.30830428,0.282810837,-0.3401628733,1.809903409e-07,0.2179390192,0.05367173254,0.3587751389
3,177,1.77,0.1779195844,0.06018801449,0.3897854318,0.2432729751,0.3105784655,0.2847743332,-0.3424620032,1.829327374e-07,0.2171079367,0.05388366058,0.3595147133
3,178,1.78,0.1779195844,0.06018801449,0.3897854318,0.2450675219,0.3128344417,0.2867200971,-0.3447396159,1.849343931e-07,0.216280967,0.05409068614,0.3602458239
3,179,1.79,0.1779195844,0.06018801449,0.3897854318,0.246848017,0.3150718212,0.2886478007,-0.3469953835,1.869936028e-07,0.2154584229,0.05429264158,0.3609681427
3,180,1.8,0.1779195844,0.06018801449,0.3897854318,0.2486141771,0.3172902167,0.2905570865,-0.3492288888,1.891096844e-07,0.2146404684,0.05448991805,0.3616818488
3,181,1.81,0.1779195844,0.06018801449,0.3897854318,0.2503656745,0.3194892704,0.2924476862,-0.3514397442,1.91281174e-07,0.2138270736,0.05468226224,0.3623869419
3,182,1.82,0.1779195844,0.06018801449,0.3897854318,0.252102226,0.3216685951,0.2943192124,-0.3536275923,1.93507006e-07,0.2130187452,0.05486987531,0.3630832136
3,183,1.83,0.1779195844,0.06018801449,0.3897854318,0.2538235188,0.3238278031,0.2961713374,-0.3557920456,1.957856597e-07,0.2122157514,0.05505272374,0.3637704849
3,184,1.84,0.1779195844,0.06018801449,0.3897854318,0.2555292547,0.3259665668,0.2980037332,-0.3579327166,1.98116112e-07,0.2114180923,0.05523091182,0.3644489944
3,185,1.85,0.1779195844,0.06018801449,0.3897854318,0.2572191656,0.3280844986,0.2998161614,-0.3600492775,2.004968138e-07,0.2106261253,0.05540436879,0.3651184738
3,186,1.86,0.1779195844,0.06018801449,0.3897854318,0.2588929534,0.3301812112,0.3016082644,-0.362141341,2.029258894e-07,0.2098400146,0.05557322875,0.365778923
3,187,1.87,0.1779195844,0.06018801449,0.3897854318,0.2605503201,0.3322563469,0.3033796847,-0.3642085195,2.054022019e-07,0.2090600431,0.05573772639,0.3664302826
3,188,1.88,0.1779195844,0.06018801449,0.3897854318,0.2621909678,0.3343095779,0.3051301837,-0.366250515,2.079240886e-07,0.2082864195,0.05589764938,0.367072463
3,189,1.89,0.1779195844,0.06018801449,0.3897854318,0.2638146579,0.3363405168,0.3068594635,-0.3682669401,2.104903842e-07,0.2075193375,0.05605308339,0.3677055538
3,190,1.9,0.1779195844,0.06018801449,0.3897854318,0.2654210925,0.3383488357,0.3085671961,-0.370257467,2.130988861e-07,0.2067589313,0.05620426312,0.3683293164
3,191,1.91,0.1779195844,0.06018801449,0.3897854318,0.2670100033,0.3403342068,0.3102531135,-0.3722217679,2.157469368e-07,0.2060055733,0.05635109916,0.3689437807
3,192,1.92,0.1779195844,0.06018801449,0.3897854318,0.2685811222,0.3422962427,0.3119168878,-0.3741594851,2.184327883e-07,0.2052592933,0.05649375916,0.3695490062
3,193,1.93,0.1779195844,0.06018801449,0.3897854318,0.2701341212,0.3442346454,0.3135583103,-0.376070261,2.211553607e-07,0.2045205384,0.05663220584,0.3701447845
3,194,1.94,0.1779195844,0.06018801449,0.3897854318,0.2716688216,0.3461490571,0.3151770234,-0.3779537976,2.239137444e-07,0.2037892938,0.05676655471,0.3707312346
3,195,1.95,0.1779195844,0.06018801449,0.3897854318,0.2731848657,0.3480391502,0.3167727888,-0.379809767,2.267050974e-07,0.2030658126,0.05689698085,0.3713081479
3,196,1.96,0.1779195844,0.06018801449,0.3897854318,0.2746821046,0.3499046266,0.3183452785,-0.3816378415,2.295277e-07,0.202350378,0.0570233576,0.3718757331
3,197,1.97,0.1779195844,0.06018801449,0.3897854318,0.2761602104,0.3517451286,0.3198942542,-0.3834377229,2.323786106e-07,0.201643154,0.05714593083,0.3724336922
3,198,1.98,0.1779195844,0.06018801449,0.3897854318,0.2776189148,0.3535604179,0.3214194775,-0.3852090836,2.352566923e-07,0.2009443045,0.05726464465,0.3729821444
3,199,1.99,0.1779195844,0.06018801449,0.3897854318,0.2790580094,0.3553501368,0.32292068,-0.386951685,2.381602968e-07,0.2002539188,0.05737968534,0.3735211492
3,200,2,0.1779195844,0.06018801449,0.3897854318,0.2804772556,0.3571139276,0.3243975639,-0.3886651695,2.410863544e-07,0.1995723993,0.05749095604,0.374050498
3,201,2.01,0.1779195844,0.06018801449,0.3897854318,0.2818763852,0.3588515222,0.3258499205,-0.3903492689,2.44033032e-07,0.1988998801,0.05759872869,0.3745701909
3,202,2.02,0.1779195844,0.06018801449,0.3897854318,0.2832551301,0.3605626225,0.3272774816,-0.3920036852,2.469980416e-07,0.1982364804,0.05770300329,0.3750803173
3,203,2.03,0.1779195844,0.06018801449,0.3897854318,0.2846133113,0.3622469306,0.328679949,-0.3936280906,2.499796494e-07,0.1975822896,0.05780373886,0.3755809963
3,204,2.04,0.1779195844,0.06018801449,0.3897854318,0.2859506607,0.3639042079,0.3300571442,-0.3952222764,2.529753544e-07,0.1969377846,0.05790121481,0.3760717809
3,205,2.05,0.1779195844,0.06018801449,0.3897854318,0.2872669697,0.3655341268,0.3314087987,-0.3967859447,2.559831955e-07,0.1963028312,0.05799537525,0.376552999
3,206,2.06,0.1779195844,0.06018801449,0.3897854318,0.2885619998,0.367136389,0.332734704,-0.3983187973,2.590009558e-07,0.1956777573,0.05808633566,0.3770245016
3,207,2.07,0.1779195844,0.06018801449,0.3897854318,0.2898355722,0.3687107563,0.3340346515,-0.399820596,2.620257646e-07,0.1950628757,0.05817427486,0.3774861991
3,208,2.08,0.1779195844,0.06018801449,0.3897854318,0.291087389,0.3702569008,0.335308373,-0.4012911022,2.650550073e-07,0.1944580674,0.05825902522,0.3779382706
3,209,2.09,0.1779195844,0.06018801449,0.3897854318,0.292317301,0.3717746139,0.3365557194,-0.4027300179,2.680874047e-07,0.1938636303,0.05834088475,0.378380686
3,210,2.1,0.1779195844,0.06018801449,0.3897854318,0.2935250998,0.3732636273,0.3377763629,-0.4041371346,2.711197737e-07,0.1932797581,0.05841986462,0.3788132668
3,211,2.11,0.1779195844,0.06018801449,0.3897854318,0.2947104871,0.3747236729,0.3389701843,-0.4055122137,2.741503238e-07,0.1927064806,0.05849596858,0.3792361915
3,212,2.12,0.1779195844,0.06018801449,0.3897854318,0.2958733439,0.3761545122,0.3401369452,-0.4068550169,2.771778043e-07,0.1921440959,0.05856942385,0.3796493113
3,213,2.13,0.1779195844,0.06018801449,0.3897854318,0.2970134616,0.3775558472,0.3412764668,-0.4081653059,2.801992594e-07,0.1915928125,0.05864018947,0.3800526559
3,214,2.14,0.1779195844,0.06018801449,0.3897854318,0.2981306314,0.3789274991,0.3423885405,-0.409442842,2.8321179e-07,0.191052556,0.0587083213,0.380446285
3,215,2.15,0.1779195844,0.06018801449,0.3897854318,0.2992246449,0.3802691996,0.3434729576,-0.4106874466,2.862133783e-07,0.1905237883,0.0587740019,0.3808300793
3,216,2.16,0.1779195844,0.06018801449,0.3897854318,0.3002953827,0.3815807402,0.3445295691,-0.4118988216,2.892015232e-07,0.1900063008,0.05883726478,0.3812041283
3,217,2.17,0.1779195844,0.06018801449,0.3897854318,0.3013426065,0.3828619123,0.3455581367,-0.413076818,2.921733255e-07,0.1895004958,0.05889824405,0.3815684021
3,218,2.18,0.1779195844,0.06018801449,0.3897854318,0.3023661077,0.3841124475,0.3465585411,-0.4142212272,2.951271938e-07,0.1890062988,0.05895677209,0.3819230199
3,219,2.19,0.1779195844,0.06018801449,0.3897854318,0.303365767,0.3853321373,0.3475305736,-0.4153319001,2.980614511e-07,0.1885240525,0.05901326612,0.3822677433
3,220,2.2,0.1779195844,0.06018801449,0.3897854318,0.3043414056,0.386520803,0.3484741151,-0.4164085984,3.009733121e-07,0.188053757,0.05906755105,0.3826027215
3,221,2.21,0.1779195844,0.06018801449,0.3897854318,0.3052928746,0.3876782358,0.349388957,-0.4174511135,3.038597924e-07,0.1875955015,0.05911975354,0.3829280138
3,222,2.22,0.1779195844,0.06018801449,0.3897854318,0.3062199652,0.3888041973,0.3502749205,-0.418459326,3.067189027e-07,0.1871496439,0.05917007476,0.3832433522
3,223,2.23,0.1779195844,0.06018801449,0.3897854318,0.3071225286,0.3898985386,0.3511318862,-0.4194330275,3.095487102e-07,0.1867159605,0.05921838805,0.3835491538
3,224,2.24,0.1779195844,0.06018801449,0.3897854318,0.3080004156,0.390961051,0.3519597352,-0.4203720689,3.123468275e-07,0.1862948239,0.05926487595,0.3838450909
3,225,2.25,0.1779195844,0.06018801449,0.3897854318,0.3088534474,0.3919915855,0.3527582884,-0.4212762713,3.151113503e-07,0.1858864129,0.05930959806,0.3841311336
3,226,2.26,0.1779195844,0.06018801449,0.3897854318,0.309681505,0.3929899335,0.3535273969,-0.4221454859,3.17840545e-07,0.1854906678,0.05935262889,0.3844074607
3,227,2.27,0.1779195844,0.06018801449,0.3897854318,0.3104844689,0.3939559162,0.3542669415,-0.4229795635,3.205325072e-07,0.1851076484,0.05939396843,0.3846741319
3,228,2.28,0.1779195844,0.06018801449,0.3897854318,0.3112621903,0.3948893547,0.3549768031,-0.4237783849,3.231838264e-07,0.1847374737,0.05943372846,0.3849310279
3,229,2.29,0.1779195844,0.06018801449,0.3897854318,0.3120144904,0.3957901299,0.3556568921,-0.4245417416,3.25792314e-07,0.1843803972,0.05947187543,0.3851781487
3,230,2.3,0.1779195844,0.06018801449,0.3897854318,0.3127412796,0.3966580331,0.3563069999,-0.4252696037,3.283572596e-07,0.1840363592,0.05950864032,0.385415554
3,231,2.31,0.1779195844,0.06018801449,0.3897854318,0.3134424388,0.3974930048,0.3569270968,-0.4259617627,3.308761052e-07,0.1837055683,0.05954397097,0.3856432438
3,232,2.32,0.1779195844,0.06018801449,0.3897854318,0.3141178787,0.3982948065,0.3575170636,-0.4266181886,3.333460938e-07,0.1833879948,0.05957799405,0.3858611584
3,233,2.33,0.1779195844,0.06018801449,0.3897854318,0.3147674203,0.399063319,0.358076781,-0.427238673,3.357652645e-07,0.1830838323,0.05961063877,0.3860693574
3,234,2.34,0.1779195844,0.06018801449,0.3897854318,0.3153909743,0.3997984827,0.3586061299,-0.4278231561,3.381326223e-07,0.1827931404,0.05964205042,0.3862678111
3,235,2.35,0.1779195844,0.06018801449,0.3897854318,0.3159884512,0.4005001187,0.3591050804,-0.4283715487,3.404455526e-07,0.1825158149,0.0596723333,0.3864566386
3,236,2.36,0.1779195844,0.06018801449,0.3897854318,0.3165597022,0.401168108,0.3595734835,-0.4288837314,3.427018953e-07,0.1822522432,0.05970138311,0.3866356015
3,237,2.37,0.1779195844,0.06018801449,0.3897854318,0.3171046972,0.4018023014,0.3600112796,-0.4293596148,3.449011388e-07,0.1820022613,0.05972929299,0.3868049085
3,238,2.38,0.1779195844,0.06018801449,0.3897854318,0.3176233172,0.4024026096,0.3604184687,-0.4297991097,3.47040924e-07,0.1817659587,0.05975625291,0.3869646192
3,239,2.39,0.1779195844,0.06018801449,0.3897854318,0.3181154728,0.4029689431,0.360794872,-0.4302021861,3.491184941e-07,0.1815434992,0.05978209153,0.3871145546
3,240,2.4,0.1779195844,0.06018801449,0.3897854318,0.3185810447,0.4035012126,0.3611404896,-0.4305687547,3.511331101e-07,0.1813350171,0.0598070398,0.3872546554
3,241,2.41,0.1779195844,0.06018801449,0.3897854318,0.3190203905,0.4039998949,0.3614558578,-0.4308995605,3.532768176e-07,0.1811399311,0.05983095989,0.3873854578
3,242,2.42,0.1779195844,0.06018801449,0.3897854318,0.319434613,0.4044663608,0.3617426455,-0.4311968684,3.558805304e-07,0.1809581667,0.05985404924,0.3875069916
3,243,2.43,0.1779195844,0.06018801449,0.3897854318,0.3198250234,0.4049025178,0.3620030284,-0.4314635396,3.591138125e-07,0.1807884872,0.05987623706,0.3876201212
3,244,2.44,0.1779195844,0.06018801449,0.3897854318,0.3201929331,0.4053102136,0.3622393608,-0.431702584,3.629841387e-07,0.1806304753,0.05989766866,0.3877251446
3,245,2.45,0.1779195844,0.06018801449,0.3897854318,0.3205396831,0.4056912661,0.3624537885,-0.4319167435,3.67420057e-07,0.180483073,0.05991823971,0.387822777
3,246,2.46,0.1779195844,0.06018801449,0.3897854318,0.3208664954,0.4060474634,0.3626483083,-0.4321086407,3.723241662e-07,0.1803456396,0.05993806943,0.3879136443
3,247,2.47,0.1779195844,0.06018801449,0.3897854318,0.3211744428,0.406380415,0.3628247976,-0.4322805405,3.775977859e-07,0.1802175194,0.05995714292,0.3879980743
3,248,2.48,0.1779195844,0.06018801449,0.3897854318,0.3214646578,0.4066916108,0.3629848659,-0.4324345589,3.831511322e-07,0.1800980717,0.05997545645,0.3880765438
3,249,2.49,0.1779195844,0.06018801449,0.3897854318,0.3217381835,0.4069824815,0.3631300628,-0.4325725436,3.889036009e-07,0.179986611,0.05999298021,0.3881495595
3,250,2.5,0.1779195844,0.06018801449,0.3897854318,0.3219959438,0.4072543681,0.3632617891,-0.4326961637,3.947855305e-07,0.1798827052,0.06000995263,0.3882174194
3,251,2.51,0.1779195844,0.06018801449,0.3897854318,0.3222388923,0.4075085223,0.3633812666,-0.4328069091,4.007385428e-07,0.1797859073,0.06002613902,0.3882804513
3,252,2.52,0.1779195844,0.06018801449,0.3897854318,0.3224678338,0.4077461064,0.3634896576,-0.4329060912,4.067121324e-07,0.1796954274,0.06004169583,0.3883391321
3,253,2.53,0.1779195844,0.06018801449,0.3897854318,0.3226835728,0.4079681635,0.3635879457,-0.4329949915,4.126650595e-07,0.1796111465,0.06005659699,0.3883936405
3,254,2.54,0.1779195844,0.06018801449,0.3897854318,0.322886914,0.4081757069,0.3636771142,-0.4330746233,4.185623368e-07,0.1795324981,0.06007090211,0.3884443939
3,255,2.55,0.1779195844,0.06018801449,0.3897854318,0.3230785131,0.4083696902,0.3637579679,-0.4331459403,4.243752301e-07,0.1794591397,0.06008455902,0.3884915709
3,256,2.56,0.1779195844,0.06018801449,0.3897854318,0.3232591152,0.4085510373,0.3638313413,-0.4332098365,4.300800924e-07,0.1793907881,0.06009764597,0.3885353208
3,257,2.57,0.1779195844,0.06018801449,0.3897854318,0.3234293163,0.4087205529,0.3638978899,-0.4332670867,4.356571424e-07,0.1793268323,0.06011022255,0.3885762095
3,258,2.58,0.1779195844,0.06018801449,0.3897854318,0.3235897124,0.4088790119,0.3639582396,-0.4333183765,4.410919416e-07,0.1792672127,0.06012221053,0.3886141777
3,259,2.59,0.1779195844,0.06018801449,0.3897854318,0.32374084,0.4090271294,0.3640129566,-0.4333643615,4.463732353e-07,0.1792116761,0.06013377011,0.388649404
3,260,2.6,0.1779195844,0.06018801449,0.3897854318,0.3238833249,0.4091655612,0.3640625775,-0.4334055185,4.514917293e-07,0.179159686,0.06014468521,0.3886823058
3,261,2.61,0.1779195844,0.06018801449,0.3897854318,0.3240175545,0.4092949331,0.3641076088,-0.4334424138,4.564404321e-07,0.179111287,0.06015525758,0.3887128234
3,262,2.62,0.1779195844,0.06018801449,0.3897854318,0.3241440654,0.4094158709,0.364148438,-0.4334754646,4.612155635e-07,0.1790660769,0.06016519666,0.3887412548
3,263,2.63,0.1779195844,0.06018801449,0.3897854318,0.3242633343,0.4095289409,0.3641854525,-0.4335050881,4.658148214e-07,0.1790238321,0.06017481908,0.3887676895
3,264,2.64,0.1779195844,0.06018801449,0.3897854318,0.3243757486,0.40963462,0.3642190397,-0.4335315824,4.702369267e-07,0.1789844036,0.06018394604,0.388792336
3,265,2.65,0.1779195844,0.06018801449,0.3897854318,0.3244816661,0.4097334445,0.3642494977,-0.4335553348,4.744825617e-07,0.1789476275,0.06019268185,0.3888151944
3,266,2.66,0.1779195844,0.06018801449,0.3897854318,0.3245814741,0.409825772,0.3642771244,-0.4335766137,4.785536021e-07,0.1789132059,0.06020097435,0.3888365626
3,267,2.67,0.1779195844,0.06018801449,0.3897854318,0.3246755302,0.4099120796,0.364302218,-0.4335956872,4.824524353e-07,0.1788811833,0.06020893529,0.3888563514
3,268,2.68,0.1779195844,0.06018801449,0.3897854318,0.3247641623,0.4099927545,0.3643249571,-0.4336127639,4.861825005e-07,0.1788511127,0.06021644175,0.3888749182
3,269,2.69,0.1779195844,0.06018801449,0.3897854318,0.3248476684,0.4100681841,0.3643455803,-0.4336280823,4.897475492e-07,0.178823173,0.06022365391,0.3888920844
3,270,2.7,0.1779195844,0.06018801449,0.3897854318,0.3249263763,0.4101386368,0.3643642962,-0.4336417913,4.931512194e-07,0.1787970662,0.060230501,0.3889080584
3,271,2.71,0.1779195844,0.06018801449,0.3897854318,0.3250005841,0.4102045298,0.3643812239,-0.4336540699,4.963974902e-07,0.1787726283,0.06023712456,0.3889229298
3,272,2.72,0.1779195844,0.06018801449,0.3897854318,0.3250705302,0.4102661312,0.3643966019,-0.4336650968,4.99490568e-07,0.1787497848,0.06024329364,0.3889368474
3,273,2.73,0.1779195844,0.06018801449,0.3897854318,0.3251364231,0.4103237092,0.3644105494,-0.4336749613,5.024358529e-07,0.1787285507,0.06024930254,0.3889496624
3,274,2.74,0.1779195844,0.06018801449,0.3897854318,0.3251985312,0.4103775322,0.3644231856,-0.4336837828,5.052388588e-07,0.1787086427,0.06025488675,0.3889617324
3,275,2.75,0.1779195844,0.06018801449,0.3897854318,0.3252570331,0.4104278386,0.3644346595,-0.4336917102,5.079053835e-07,0.1786901206,0.06026031077,0.3889728487
3,276,2.76,0.1779195844,0.06018801449,0.3897854318,0.3253121674,0.4104748964,0.3644450307,-0.4336988032,5.104404295e-07,0.178672716,0.06026532128,0.3889833093
3,277,2.77,0.1779195844,0.06018801449,0.3897854318,0.3253641427,0.4105188549,0.3644544482,-0.4337051809,5.128492262e-07,0.1786564589,0.06027027592,0.388992995
3,278,2.78,0.1779195844,0.06018801449,0.3897854318,0.3254131377,0.4105599523,0.3644630015,-0.4337108731,5.151360369e-07,0.1786412895,0.06027491391,0.3890020847
3,279,2.79,0.1779195844,0.06018801449,0.3897854318,0.3254593015,0.4105983377,0.3644707501,-0.4337159693,5.173058639e-07,0.1786270589,0.0602792725,0.3890105486
3,280,2.8,0.1779195844,0.06018801449,0.3897854318,0.3255028129,0.4106342793,0.3644777834,-0.4337205589,5.19364221e-07,0.1786137819,0.06028349325,0.3890183866
3,281,2.81,0.1779195844,0.06018801449,0.3897854318,0.3255437911,0.4106678367,0.3644841611,-0.4337246716,5.21316224e-07,0.1786014289,0.06028747186,0.3890256882
3,282,2.82,0.1779195844,0.06018801449,0.3897854318,0.3255824149,0.4106992185,0.3644899428,-0.4337283373,5.231671594e-07,0.1785898954,0.06029119343,0.3890324533
3,283,2.83,0.1779195844,0.06018801449,0.3897854318,0.3256188333,0.410728544,0.3644951582,-0.4337316453,5.249212336e-07,0.178579092,0.06029481068,0.3890387714
3,284,2.84,0.1779195844,0.06018801449,0.3897854318,0.3256531656,0.4107559621,0.364499867,-0.4337345958,5.26582653e-07,0.1785688698,0.06029820442,0.3890447319
3,285,2.85,0.1779195844,0.06018801449,0.3897854318,0.3256854713,0.4107815921,0.3645042181,-0.4337372184,5.281557947e-07,0.1785594672,0.06030144542,0.3890502155
3,286,2.86,0.1779195844,0.06018801449,0.3897854318,0.3257159591,0.4108055532,0.3645081222,-0.4337396026,5.296453764e-07,0.178550601,0.06030460447,0.3890553713
3,287,2.87,0.1779195844,0.06018801449,0.3897854318,0.3257446885,0.4108279347,0.3645116687,-0.4337417483,5.310550364e-07,0.1785423756,0.06030744314,0.3890601099
3,288,2.88,0.1779195844,0.06018801449,0.3897854318,0.325771749,0.410848856,0.3645148873,-0.4337436557,5.32388583e-07,0.1785345674,0.06031026691,0.3890645802
3,289,2.89,0.1779195844,0.06018801449,0.3897854318,0.3257972598,0.4108684063,0.364517808,-0.4337453544,5.336499385e-07,0.1785274297,0.06031288579,0.3890687525
3,290,2.9,0.1779195844,0.06018801449,0.3897854318,0.3258212805,0.4108867049,0.3645204306,-0.4337468743,5.34843025e-07,0.178520605,0.06031538919,0.389072597
3,291,2.91,0.1779195844,0.06018801449,0.3897854318,0.3258439302,0.4109038115,0.3645228148,-0.4337482452,5.359715374e-07,0.1785144061,0.06031775475,0.3890761733
3,292,2.92,0.1779195844,0.06018801449,0.3897854318,0.3258652687,0.4109197855,0.3645249903,-0.4337494671,5.37038602e-07,0.1785084307,0.06031999364,0.3890795708
3,293,2.93,0.1779195844,0.06018801449,0.3897854318,0.3258854151,0.4109346867,0.3645269573,-0.4337505698,5.380470043e-07,0.1785028726,0.06032211334,0.3890827
3,294,2.94,0.1779195844,0.06018801449,0.3897854318,0.3259043992,0.4109486341,0.3645287454,-0.4337515533,5.389995295e-07,0.1784977317,0.06032418087,0.3890856206
3,295,2.95,0.1779195844,0.06018801449,0.3897854318,0.3259222806,0.4109616876,0.3645303547,-0.4337524474,5.398994745e-07,0.1784929186,0.06032612175,0.389088273
3,296,2.96,0.1779195844,0.06018801449,0.3897854318,0.3259390891,0.4109739065,0.3645318151,-0.433753252,5.407499657e-07,0.1784884632,0.06032788754,0.389090836
3,297,2.97,0.1779195844,0.06018801449,0.3897854318,0.3259549439,0.410985291,0.3645331562,-0.4337539673,5.415541295e-07,0.1784842014,0.0603296347,0.3890932202
3,298,2.98,0.1779195844,0.06018801449,0.3897854318,0.3259699047,0.4109959602,0.3645343482,-0.4337545931,5.423138987e-07,0.1784801781,0.06033127755,0.3890954256
3,299,2.99,0.1779195844,0.06018801449,0.3897854318,0.3259840012,0.411005944,0.3645354211,-0.4337551892,5.430311489e-07,0.1784765124,0.06033276394,0.3890975118
4,0,0,-0.008525863776,0.2219928457,0.08589827043,4.138159537e-10,-0.001892744564,-0.001874481211,-0.0003637019836,5.014769489e-09,0.2988586426,-1.323821053e-09,0.2381825298
4,1,0.01,-0.008525863776,0.2219928457,0.08589827043,2.132083409e-06,-0.001935505425,-0.001904888777,-0.000365438842,3.629715861e-09,0.2988645136,5.569019095e-07,0.2381612062
4,2,0.02,-0.008525863776,0.2219928457,0.08589827043,1.189015984e-05,-0.001977344975,-0.001938783564,-0.000355687429,2.266109744e-09,0.2988701463,3.477969585e-06,0.2381406724
4,3,0.03,-0.008525863776,0.2219928457,0.08589827043,3.616504182e-05,-0.002020187909,-0.001982293092,-0.0003240158258,1.421713502e-08,0.2988759875,1.074917782e-05,0.2381193042
4,4,0.04,-0.008525863776,0.2219928457,0.08589827043,8.190106018e-05,-0.002065996174,-0.00204164139,-0.0002598102146,3.237314772e-08,0.2988822162,2.442714504e-05,0.2380965352
4,5,0.05,-0.008525863776,0.2219928457,0.08589827043,0.0001557583892,-0.002116656397,-0.002122719539,-0.0001530784648,5.617413024e-08,0.2988890707,4.645616718e-05,0.2380709648
4,6,0.06,-0.008525863776,0.2219928457,0.08589827043,0.0002640397288,-0.002173948567,-0.002230958082,5.310935649e-06,8.48028634e-08,0.2988968492,7.892831491e-05,0.2380416244
4,7,0.07,-0.008525863776,0.2219928457,0.08589827043,0.0004126861459,-0.002239540685,-0.002371311421,0.0002235999273,1.174053708e-07,0.2989057004,0.0001232319191,0.2380077839
4,8,0.08,-0.008525863776,0.2219928457,0.08589827043,0.0006072904216,-0.002314991085,-0.002548279474,0.000509186415,1.531812899e-07,0.2989159226,0.0001814722636,0.2379681915
4,9,0.09,-0.008525863776,0.2219928457,0.08589827043,0.0008531140047,-0.002401753794,-0.002765940968,0.0008686925285,1.91413605e-07,0.2989276052,0.0002549422788,0.2379223108
4,10,0.1,-0.008525863776,0.2219928457,0.08589827043,0.001155104488,-0.002501184819,-0.003027987434,0.001308036735,2.314742318e-07,0.298940897,0.0003452614183,0.2378693372
4,11,0.11,-0.008525863776,0.2219928457,0.08589827043,0.001517912024,-0.00261454843,-0.003337757662,0.00183250173,2.728190225e-07,0.2989560366,0.0004538130015,0.2378085405
4,12,0.12,-0.008525863776,0.2219928457,0.08589827043,0.001945905504,-0.002743022284,-0.00369826844,0.002446798142,3.149802694e-07,0.2989730537,0.0005816610646,0.2377391607
4,13,0.13,-0.008525863776,0.2219928457,0.08589827043,0.002443186939,-0.00288770278,-0.004112242721,0.003155120648,3.575583776e-07,0.298992157,0.000730427797,0.2376607805
4,14,0.14,-0.008525863776,0.2219928457,0.08589827043,0.003013605485,-0.003049610183,-0.004582136404,0.003961199895,4.002134801e-07,0.299013257,0.0009010291542,0.2375726849
4,15,0.15,-0.008525863776,0.2219928457,0.08589827043,0.003660771297,-0.003229692578,-0.005110160448,0.004868348595,4.426588589e-07,0.2990365624,0.001094628591,0.2374743223
4,16,0.16,-0.008525863776,0.2219928457,0.08589827043,0.004388067406,-0.003428831929,-0.005698304158,0.005879501812,4.846534125e-07,0.2990620732,0.001312234439,0.237365365
4,17,0.17,-0.008525863776,0.2219928457,0.08589827043,0.005198661704,-0.003647846635,-0.006348351017,0.006997255608,5.259965974e-07,0.299089849,0.001554881223,0.2372451276
4,18,0.18,-0.008525863776,0.2219928457,0.08589827043,0.006095517892,-0.003887495026,-0.007061901968,0.008223897777,5.665229992e-07,0.2991197705,0.001823346363,0.2371134907
4,19,0.19,-0.008525863776,0.2219928457,0.08589827043,0.007081404794,-0.004148481414,-0.007840386592,0.009561440907,6.060975011e-07,0.2991519272,0.002118450822,0.2369698435
4,20,0.2,-0.008525863776,0.2219928457,0.08589827043,0.008158910088,-0.004431454465,-0.008685079403,0.0110116452,6.446116458e-07,0.2991861701,0.002441049321,0.2368140668
4,21,0.21,-0.008525863776,0.2219928457,0.08589827043,0.009330444969,-0.004737016745,-0.009597111493,0.01257604454,6.819797136e-07,0.2992224991,0.002791893668,0.2366455793
4,22,0.22,-0.008525863776,0.2219928457,0.08589827043,0.01059825439,-0.005065722857,-0.01057748683,0.01425596885,7.181357091e-07,0.2992608547,0.003171817865,0.2364640683
4,23,0.23,-0.008525863776,0.2219928457,0.08589827043,0.01196442731,-0.005418084562,-0.01162708737,0.01605256088,7.530308608e-07,0.2993010581,0.003581194207,0.2362695038
4,24,0.24,-0.008525863776,0.2219928457,0.08589827043,0.01343090273,-0.00579456985,-0.01274668705,0.01796679385,7.866306646e-07,0.2993430197,0.004020687658,0.2360615879
4,25,0.25,-0.008525863776,0.2219928457,0.08589827043,0.01499947626,-0.006195610855,-0.01393695734,0.01999948546,8.189125538e-07,0.2993865013,0.004490998108,0.2358399332
4,26,0.26,-0.008525863776,0.2219928457,0.08589827043,0.01667180844,-0.006621600129,-0.01519847848,0.02215131931,8.498652164e-07,0.2994314134,0.004992484581,0.2356044799
4,27,0.27,-0.008525863776,0.2219928457,0.08589827043,0.01844942942,-0.007072898094,-0.01653174683,0.02442284301,8.79485583e-07,0.2994775176,0.005525827408,0.2353550643
4,28,0.28,-0.008525863776,0.2219928457,0.08589827043,0.02033375017,-0.007549830712,-0.01793717593,0.02681449428,9.077782579e-07,0.2995246351,0.006091246381,0.2350912541
4,29,0.29,-0.008525863776,0.2219928457,0.08589827043,0.02232605778,-0.008052694611,-0.01941511594,0.02932660468,9.347540981e-07,0.299572438,0.006689297501,0.2348132581
4,30,0.3,-0.008525863776,0.2219928457,0.08589827043,0.02442753688,-0.008581754752,-0.02096583694,0.03195940331,9.604287925e-07,0.2996206284,0.007320362609,0.2345208377
4,31,0.31,-0.008525863776,0.2219928457,0.08589827043,0.02663926035,-0.009137250483,-0.02258955874,0.03471303359,9.848215541e-07,0.2996691167,0.007984766737,0.2342135906
4,32,0.32,-0.008525863776,0.2219928457,0.08589827043,0.02896219678,-0.009719393216,-0.02428643964,0.03758755699,1.00795603e-06,0.2997173071,0.008682866581,0.2338919044
4,33,0.33,-0.008525863776,0.2219928457,0.08589827043,0.03139722347,-0.01032837294,-0.02605658025,0.04058295116,1.029857913e-06,0.2997650802,0.009414842352,0.2335554361
4,34,0.34,-0.008525863776,0.2219928457,0.08589827043,0.0339451246,-0.01096435264,-0.02790004201,0.04369913414,1.05055426e-06,0.2998119891,0.01018096879,0.2332039922
4,35,0.35,-0.008525863776,0.2219928457,0.08589827043,0.03660659492,-0.01162747387,-0.02981683053,0.0469359532,1.070073836e-06,0.2998577058,0.01098161936,0.232837677
4,36,0.36,-0.008525863776,0.2219928457,0.08589827043,0.03938223794,-0.01231785864,-0.03180691227,0.05029319227,1.088446425e-06,0.2999017537,0.01181682386,0.2324563712
4,37,0.37,-0.008525863776,0.2219928457,0.08589827043,0.04227258638,-0.01303560659,-0.03387021646,0.05377058685,1.105702154e-06,0.2999438643,0.01268695202,0.2320601195
4,38,0.38,-0.008525863776,0.2219928457,0.08589827043,0.04527808726,-0.01378079876,-0.03600662947,0.05736781657,1.121871833e-06,0.299983412,0.01359192189,0.2316488177
4,39,0.39,-0.008525863776,0.2219928457,0.08589827043,0.04839912429,-0.01455349941,-0.03821600601,0.06108450517,1.136985929e-06,0.3000199795,0.01453214884,0.2312225103
4,40,0.4,-0.008525863776,0.2219928457,0.08589827043,0.05163599551,-0.01535375323,-0.04049816728,0.06492023915,1.151074457e-06,0.3000532389,0.01550727058,0.2307810038
4,41,0.41,-0.008525863776,0.2219928457,0.08589827043,0.05498893932,-0.0161815919,-0.0428528972,0.06887455285,1.164167315e-06,0.3000824749,0.01651786268,0.2303246409
4,42,0.42,-0.008525863776,0.2219928457,0.08589827043,0.05845813081,-0.01703702658,-0.0452799648,0.07294695079,1.176292812e-06,0.3001073599,0.0175637044,0.2298530936
4,43,0.43,-0.008525863776,0.2219928457,0.08589827043,0.06204367802,-0.0179200545,-0.04777909815,0.07713689655,1.187479256e-06,0.3001272976,0.01864490844,0.2293665111
4,44,0.44,-0.008525863776,0.2219928457,0.08589827043,0.06574562192,-0.01883066446,-0.05035000294,0.08144380897,1.197753932e-06,0.3001416922,0.01976148039,0.2288649678
4,45,0.45,-0.008525863776,0.2219928457,0.08589827043,0.0695733279,-0.0197688248,-0.0529923588,0.08586709201,1.213947598e-06,0.3001498282,0.02091621421,0.2283485383
4,46,0.46,-0.008525863776,0.2219928457,0.08589827043,0.07356057316,-0.02073449455,-0.05570581928,0.09040609002,1.257183271e-06,0.300150305,0.02211908996,0.2278170437
4,47,0.47,-0.008525863776,0.2219928457,0.08589827043,0.07773177326,-0.02172761969,-0.05849002302,0.09506011754,1.322716685e-06,0.300141871,0.02337757871,0.2272708416
4,48,0.48,-0.008525863776,0.2219928457,0.08589827043,0.08209156245,-0.02274814062,-0.06134458631,0.09982848167,1.394459105e-06,0.3001234233,0.02469296753,0.2267097235
4,49,0.49,-0.008525863776,0.2219928457,0.08589827043,0.086636886,-0.02379598096,-0.06426909566,0.1047104374,1.461362785e-06,0.3000941277,0.0260643363,0.2261339575
4,50,0.5,-0.008525863776,0.2219928457,0.08589827043,0.09136194736,-0.02487104759,-0.06726311892,0.1097052321,1.518121735e-06,0.3000532091,0.02748987824,0.2255433947
4,51,0.51,-0.008525863776,0.2219928457,0.08589827043,0.09626022726,-0.02597324178,-0.07032622397,0.1148120761,1.563098749e-06,0.2999998927,0.02896746993,0.224938333
4,52,0.52,-0.008525863776,0.2219928457,0.08589827043,0.1013252735,-0.02710244805,-0.07345793396,0.1200301424,1.596559287e-06,0.2999333143,0.03049522452,0.2243188471
4,53,0.53,-0.008525863776,0.2219928457,0.08589827043,0.1065510139,-0.02825854532,-0.07665777206,0.1253585964,1.619602472e-06,0.2998527586,0.03207110614,0.2236848921
4,54,0.54,-0.008525863776,0.2219928457,0.08589827043,0.1119317934,-0.02944140136,-0.07992523909,0.1307965815,1.633596753e-06,0.2997574508,0.03369314596,0.2230366915
4,55,0.55,-0.008525863776,0.2219928457,0.08589827043,0.1174623966,-0.0306508746,-0.08325981349,0.1363431811,1.639914331e-06,0.2996466458,0.0353599228,0.2223742753
4,56,0.56,-0.008525863776,0.2219928457,0.08589827043,0.1231380403,-0.03188681975,-0.08666097373,0.1419975013,1.639818947e-06,0.2995194197,0.03706973791,0.2216977626
4,57,0.57,-0.008525863776,0.2219928457,0.08589827043,0.1289543211,-0.03314907476,-0.09012816846,0.1477586329,1.634425189e-06,0.2993750572,0.03882094845,0.2210073769
4,58,0.58,-0.008525863776,0.2219928457,0.08589827043,0.1349071711,-0.03443747386,-0.09366083145,0.1536255628,1.624696324e-06,0.2992129028,0.04061243311,0.2203030884
4,59,0.59,-0.008525863776,0.2219928457,0.08589827043,0.1409928352,-0.03575184196,-0.0972584039,0.1595973521,1.61145374e-06,0.2990318537,0.04244285449,0.2195851207
4,60,0.6,-0.008525863776,0.2219928457,0.08589827043,0.1472077668,-0.03709200025,-0.1009202749,0.1656730026,1.595391268e-06,0.2988314033,0.04431079701,0.218853578
4,61,0.61,-0.008525863776,0.2219928457,0.08589827043,0.1535487473,-0.038457755,-0.1046458483,0.1718514562,1.577092689e-06,0.2986106277,0.04621508345,0.2181085646
4,62,0.62,-0.008525863776,0.2219928457,0.08589827043,0.160012722,-0.03984891623,-0.1084345058,0.1781317294,1.557045493e-06,0.2983687222,0.04815450311,0.2173503339
4,63,0.63,-0.008525863776,0.2219928457,0.08589827043,0.1665968299,-0.04126527533,-0.1122856215,0.1845127195,1.535652814e-06,0.2981049418,0.05012787879,0.2165790498
4,64,0.64,-0.008525863776,0.2219928457,0.08589827043,0.1732984036,-0.04270662367,-0.1161985472,0.1909933686,1.51324798e-06,0.2978185117,0.05213439092,0.2157948166
4,65,0.65,-0.008525863776,0.2219928457,0.08589827043,0.1801148653,-0.0441727452,-0.1201726347,0.1975725591,1.490102022e-06,0.297508657,0.05417273566,0.2149976641
4,66,0.66,-0.008525863776,0.2219928457,0.08589827043,0.1870438159,-0.04566341639,-0.1242072061,0.2042492181,1.466437425e-06,0.2971745431,0.05624203384,0.2141881138
4,67,0.67,-0.008525863776,0.2219928457,0.08589827043,0.1940829754,-0.04717840254,-0.1283015758,0.2110221684,1.442432222e-06,0.2968154252,0.05834113061,0.2133661807
4,68,0.68,-0.008525863776,0.2219928457,0.08589827043,0.2012300938,-0.0487174727,-0.1324550956,0.2178902924,1.418227839e-06,0.2964305878,0.06046904624,0.2125317603
4,69,0.69,-0.008525863776,0.2219928457,0.08589827043,0.208483085,-0.05028038844,-0.1366670281,0.224852398,1.393933871e-06,0.2960191965,0.06262486428,0.2116854936
4,70,0.7,-0.008525863776,0.2219928457,0.08589827043,0.2158399224,-0.05186690018,-0.1409366578,0.231907323,1.369634333e-06,0.2955805361,0.06480748206,0.2108273655
4,71,0.71,-0.008525863776,0.2219928457,0.08589827043,0.2232986093,-0.0534767583,-0.1452632695,0.2390538454,1.345392889e-06,0.2951139808,0.06701594591,0.2099574804
4,72,0.72,-0.008525863776,0.2219928457,0.08589827043,0.230857268,-0.05510970205,-0.1496461332,0.2462907434,1.321254103e-06,0.294618696,0.0692492947,0.2090761662
4,73,0.73,-0.008525863776,0.2219928457,0.08589827043,0.2385140061,-0.0567654632,-0.1540844887,0.2536168396,1.297248104e-06,0.2940939665,0.07150657475,0.2081836611
4,74,0.74,-0.008525863776,0.2219928457,0.08589827043,0.2462670356,-0.05844377726,-0.1585775912,0.261030823,1.273393195e-06,0.2935391665,0.07378666103,0.2072799951
4,75,0.75,-0.008525863776,0.2219928457,0.08589827043,0.2541145384,-0.06014437228,-0.1631246656,0.2685314417,1.249697107e-06,0.2929535508,0.07608862221,0.2063656449
4,76,0.76,-0.008525863776,0.2219928457,0.08589827043,0.262054801,-0.06186696887,-0.167724967,0.276117444,1.22616143e-06,0.2923364639,0.07841137797,0.2054407597
4,77,0.77,-0.008525863776,0.2219928457,0.08589827043,0.2700860798,-0.0636112839,-0.1723776758,0.2837874889,1.20278105e-06,0.2916873991,0.08075386286,0.2045055479
4,78,0.78,-0.008525863776,0.2219928457,0.08589827043,0.2782066762,-0.0653770268,-0.1770819873,0.2915402353,1.179544938e-06,0.2910056114,0.08311507106,0.2035601288
4,79,0.79,-0.008525863776,0.2219928457,0.08589827043,0.2864149511,-0.06716390699,-0.1818371564,0.299374491,1.156438657e-06,0.2902904451,0.0854940936,0.202605024
4,80,0.8,-0.008525863776,0.2219928457,0.08589827043,0.2947092056,-0.06897162646,-0.1866422892,0.3072887659,1.133443902e-06,0.2895414233,0.08788971603,0.2016403079
4,81,0.81,-0.008525863776,0.2219928457,0.08589827043,0.3030878007,-0.07079988718,-0.1914966106,0.3152818084,1.11054328e-06,0.2887578905,0.09030107409,0.2006660104
4,82,0.82,-0.008525863776,0.2219928457,0.08589827043,0.3115490675,-0.07264838368,-0.1963993013,0.3233522177,1.087718033e-06,0.2879393399,0.09272697568,0.1996827573
4,83,0.83,-0.008525863776,0.2219928457,0.08589827043,0.3200914562,-0.07451680303,-0.2013495117,0.3314985931,1.064947355e-06,0.2870853245,0.09516607225,0.1986904889
4,84,0.84,-0.008525863776,0.2219928457,0.08589827043,0.3287132382,-0.0764048323,-0.2063463926,0.3397195637,1.042208623e-06,0.2861952186,0.09761762619,0.1976897866
4,85,0.85,-0.008525863776,0.2219928457,0.08589827043,0.3374128342,-0.07831214368,-0.2113890648,0.3480137587,1.019483875e-06,0.285268724,0.100080274,0.1966807544
4,86,0.86,-0.008525863776,0.2219928457,0.08589827043,0.3461886048,-0.08023843169,-0.2164767087,0.356379658,9.967549204e-07,0.2843052447,0.1025531143,0.1956635863
4,87,0.87,-0.008525863776,0.2219928457,0.08589827043,0.3550389409,-0.0821833685,-0.2216084152,0.3648158908,9.740030009e-07,0.2833045125,0.1050348878,0.1946386397
4,88,0.88,-0.008525863776,0.2219928457,0.08589827043,0.3639622331,-0.08414661139,-0.2267833203,0.3733210564,9.512089605e-07,0.2822660208,0.1075244024,0.1936062574
4,89,0.89,-0.008525863776,0.2219928457,0.08589827043,0.372956872,-0.08612783998,-0.2320005149,0.381893605,9.283544955e-07,0.2811895013,0.1100204811,0.1925666183
4,90,0.9,-0.008525863776,0.2219928457,0.08589827043,0.3820212185,-0.088126719,-0.2372591347,0.3905321658,9.054240877e-07,0.2800745368,0.1125221923,0.1915201247
4,91,0.91,-0.008525863776,0.2219928457,0.08589827043,0.3911536336,-0.09014290571,-0.2425582409,0.3992351592,8.824042652e-07,0.2789209187,0.115028128,0.1904667318
4,92,0.92,-0.008525863776,0.2219928457,0.08589827043,0.400352478,-0.0921760574,-0.2478969693,0.4080011547,8.592827498e-07,0.2777284682,0.1175370365,0.1894072294
4,93,0.93,-0.008525863776,0.2219928457,0.08589827043,0.4096161425,-0.09422582388,-0.2532743812,0.4168286324,8.36047775e-07,0.2764967978,0.1200479344,0.1883414835
4,94,0.94,-0.008525863776,0.2219928457,0.08589827043,0.4189429879,-0.09629186243,-0.2586895227,0.4257161021,8.126878583e-07,0.275225848,0.1225594431,0.1872700602
4,95,0.95,-0.008525863776,0.2219928457,0.08589827043,0.4283313453,-0.09837381542,-0.2641415298,0.434662044,7.891959513e-07,0.2739153802,0.1250704974,0.1861932278
4,96,0.96,-0.008525863776,0.2219928457,0.08589827043,0.4377795458,-0.1004713252,-0.2696294188,0.4436648786,7.655652894e-07,0.272565335,0.1275797635,0.185111165
4,97,0.97,-0.008525863776,0.2219928457,0.08589827043,0.4472860098,-0.1025840417,-0.2751522958,0.4527231157,7.417895063e-07,0.2711755633,0.1300861686,0.1840244085
4,98,0.98,-0.008525863776,0.2219928457,0.08589827043,0.456848979,-0.1047116071,-0.2807091773,0.4618352056,7.178614965e-07,0.2697460651,0.1325883567,0.182932958
4,99,0.99,-0.008525863776,0.2219928457,0.08589827043,0.4664668441,-0.106853649,-0.2862991095,0.4709995687,6.937813737e-07,0.2682768703,0.1350851208,0.1818373501
4,100,1,-0.008525863776,0.2219928457,0.08589827043,0.4761379063,-0.1090098023,-0.2919211686,0.4802146256,6.695445336e-07,0.2667679191,0.1375752836,0.1807377487
4,101,1.01,-0.008525863776,0.2219928457,0.08589827043,0.4858604968,-0.111179702,-0.2975743711,0.4894787967,6.451511467e-07,0.265219301,0.1400576681,0.1796346754
4,102,1.02,-0.008525863776,0.2219928457,0.08589827043,0.4956329465,-0.113362968,-0.3032577038,0.4987905025,6.206032026e-07,0.263631165,0.1425309628,0.1785282344
4,103,1.03,-0.008525863776,0.2219928457,0.08589827043,0.5054534674,-0.1155592427,-0.3089702129,0.5081481338,5.95900076e-07,0.2620035708,0.1449940652,0.1774188578
4,104,1.04,-0.008525863776,0.2219928457,0.08589827043,0.5153204799,-0.1177681386,-0.3147109449,0.5175501704,5.710455184e-07,0.2603368759,0.1474455297,0.1763069183
4,105,1.05,-0.008525863776,0.2219928457,0.08589827043,0.5252321959,-0.1199892834,-0.3204788864,0.5269948244,5.460461807e-07,0.2586310506,0.1498843431,0.1751924902
4,106,1.06,-0.008525863776,0.2219928457,0.08589827043,0.535187006,-0.122222282,-0.3262730837,0.5364806056,5.208998459e-07,0.2568864822,0.1523093879,0.174076125
4,107,1.07,-0.008525863776,0.2219928457,0.08589827043,0.5451830626,-0.1244667694,-0.3320925236,0.5460059047,4.9561271e-07,0.2551033497,0.1547195017,0.1729581058
4,108,1.08,-0.008525863776,0.2219928457,0.08589827043,0.5552188158,-0.1267223507,-0.3379361629,0.5555690527,4.701921057e-07,0.2532821894,0.1571131945,0.1718385816
4,109,1.09,-0.008525863776,0.2219928457,0.08589827043,0.5652922988,-0.1289886236,-0.3438030779,0.5651684403,4.447715583e-07,0.2514232695,0.1594894379,0.1707182974
4,110,1.1,-0.008525863776,0.2219928457,0.08589827043,0.5754019022,-0.1312652379,-0.3496922553,0.5748023391,4.192666267e-07,0.2495269924,0.1618470997,0.1695968807
4,111,1.11,-0.008525863776,0.2219928457,0.08589827043,0.5855458975,-0.1335517764,-0.355602622,0.5844691992,3.936508222e-07,0.2475937009,0.1641852856,0.1684754044
4,112,1.12,-0.008525863776,0.2219928457,0.08589827043,0.5957224965,-0.1358478516,-0.3615331948,0.5941673517,3.679180907e-07,0.2456240356,0.1665025204,0.1673536748
4,113,1.13,-0.008525863776,0.2219928457,0.08589827043,0.6059300303,-0.1381530762,-0.3674829602,0.6038950682,3.420784935e-07,0.2436184585,0.1687978357,0.1662321389
4,114,1.14,-0.008525863776,0.2219928457,0.08589827043,0.6161666512,-0.1404670477,-0.3734509051,0.6136506796,3.16140131e-07,0.2415775806,0.1710700244,0.165111348
4,115,1.15,-0.008525863776,0.2219928457,0.08589827043,0.6264306307,-0.1427893937,-0.3794359863,0.6234326363,2.901140022e-07,0.2395018339,0.1733182222,0.1639912128
4,116,1.16,-0.008525863776,0.2219928457,0.08589827043,0.6367202401,-0.1451196671,-0.3854372203,0.6332390904,2.64017018e-07,0.2373919189,0.1755414009,0.1628722399
4,117,1.17,-0.008525863776,0.2219928457,0.08589827043,0.6470336914,-0.1474574953,-0.3914535344,0.6430684924,2.378615847e-07,0.2352484763,0.1777383387,0.1617548615
4,118,1.18,-0.008525863776,0.2219928457,0.08589827043,0.6573691368,-0.1498024762,-0.3974838853,0.6529191136,2.11649521e-07,0.2330724001,0.1799080223,0.1606393158
4,119,1.19,-0.008525863776,0.2219928457,0.08589827043,0.6677248478,-0.1521542221,-0.4035272598,0.6627892256,1.853865967e-07,0.2308641672,0.1820496023,0.1595258117
4,120,1.2,-0.008525863776,0.2219928457,0.08589827043,0.6780990958,-0.154512316,-0.4095826447,0.6726771593,1.59099514e-07,0.2286246717,0.1841620505,0.1584147364
4,121,1.21,-0.008525863776,0.2219928457,0.08589827043,0.6884900331,-0.1568763405,-0.4156489968,0.6825812459,1.328060932e-07,0.2263545543,0.186244607,0.1573065817
4,122,1.22,-0.008525863776,0.2219928457,0.08589827043,0.6988959312,-0.1592459083,-0.4217252433,0.6924997568,1.065273736e-07,0.2240547985,0.1882961839,0.1562014371
4,123,1.23,-0.008525863776,0.2219928457,0.08589827043,0.709315002,-0.1616206169,-0.4278104007,0.7024310827,8.027640064e-08,0.2217261195,0.1903159767,0.1550995409
4,124,1.24,-0.008525863776,0.2219928457,0.08589827043,0.7197454572,-0.1640000343,-0.4339033663,0.7123734951,5.406844394e-08,0.2193696052,0.1923030764,0.1540012509
4,125,1.25,-0.008525863776,0.2219928457,0.08589827043,0.7301854491,-0.166383788,-0.4400031269,0.7223252058,2.791900933e-08,0.2169858068,0.194256857,0.1529067755
4,126,1.26,-0.008525863776,0.2219928457,0.08589827043,0.7406332493,-0.1687714309,-0.4461086094,0.7322846055,1.844629671e-09,0.2145760357,0.196176365,0.1518168449
4,127,1.27,-0.008525863776,0.2219928457,0.08589827043,0.7510870099,-0.1711625755,-0.4522188306,0.7422498465,2.413929501e-08,0.2121409476,0.1980609447,0.1507312357
4,128,1.28,-0.008525863776,0.2219928457,0.08589827043,0.7615450621,-0.1735568196,-0.4583326578,0.7522193789,5.002579684e-08,0.2096818089,0.1999098361,0.1496504992
4,129,1.29,-0.008525863776,0.2219928457,0.08589827043,0.7720054388,-0.1759537309,-0.4644491076,0.7621914744,7.581057559e-08,0.2071994692,0.2017223388,0.1485748291
4,130,1.3,-0.008525863776,0.2219928457,0.08589827043,0.7824665308,-0.1783529222,-0.4705670774,0.7721644044,1.014712723e-07,0.2046948224,0.2034980059,0.1475045681
4,131,1.31,-0.008525863776,0.2219928457,0.08589827043,0.7929263711,-0.1807539612,-0.4766855836,0.7821363211,1.269906136e-07,0.2021690607,0.2052361071,0.1464398354
4,132,1.32,-0.008525863776,0.2219928457,0.08589827043,0.8033832312,-0.1831564456,-0.4828035235,0.7921056747,1.523501254e-07,0.1996232569,0.2069360018,0.1453810334
4,133,1.33,-0.008525863776,0.2219928457,0.08589827043,0.8138353229,-0.1855599582,-0.4889199138,0.8020706773,1.775323284e-07,0.1970584542,0.208597213,0.1443282962
4,134,1.34,-0.008525863776,0.2219928457,0.08589827043,0.8242809176,-0.1879641116,-0.4950336218,0.8120296597,2.025213348e-07,0.1944757849,0.2102192342,0.1432819068
4,135,1.35,-0.008525863776,0.2219928457,0.08589827043,0.8347181678,-0.1903684735,-0.5011436343,0.8219809532,2.27302408e-07,0.1918762177,0.2118017673,0.1422421634
4,136,1.36,-0.008525863776,0.2219928457,0.08589827043,0.8451452255,-0.1927726269,-0.5072489381,0.8319227695,2.518591202e-07,0.189261049,0.2133442611,0.141209498
4,137,1.37,-0.008525863776,0.2219928457,0.08589827043,0.8555603623,-0.1951761693,-0.5133484602,0.841853559,2.761733526e-07,0.1866314113,0.2148462683,0.1401838809
4,138,1.38,-0.008525863776,0.2219928457,0.08589827043,0.8659617901,-0.1975786984,-0.5194411874,0.8517714143,3.002317612e-07,0.1839884073,0.2163075805,0.1391656846
4,139,1.39,-0.008525863776,0.2219928457,0.08589827043,0.8763477206,-0.199979797,-0.5255260468,0.8616748452,3.240207604e-07,0.1813331246,0.2177278548,0.1381550282
4,140,1.4,-0.008525863776,0.2219928457,0.08589827043,0.8867164254,-0.202379033,-0.5316019654,0.8715620041,3.475220751e-07,0.1786667556,0.2191068679,0.137152195
4,141,1.41,-0.008525863776,0.2219928457,0.08589827043,0.8970659971,-0.2047760189,-0.5376679301,0.8814311624,3.707250755e-07,0.1759904921,0.220444411,0.1361573189
4,142,1.42,-0.008525863776,0.2219928457,0.08589827043,0.9073947668,-0.2071703374,-0.5437229276,0.8912807107,3.936157214e-07,0.1733054966,0.2217401564,0.1351707727
4,143,1.43,-0.008525863776,0.2219928457,0.08589827043,0.9177008867,-0.2095615715,-0.5497658849,0.9011089802,4.161765048e-07,0.1706130058,0.2229941487,0.1341926157
4,144,1.44,-0.008525863776,0.2219928457,0.08589827043,0.9279826283,-0.2119493335,-0.5557957888,0.9109142423,4.383941246e-07,0.1679140925,0.2242062688,0.1332232207
4,145,1.45,-0.008525863776,0.2219928457,0.08589827043,0.9382383227,-0.2143331915,-0.5618115664,0.920694828,4.60256274e-07,0.1652099341,0.2253763974,0.1322626173
4,146,1.46,-0.008525863776,0.2219928457,0.08589827043,0.9484661818,-0.2167127579,-0.567812264,0.9304490685,4.817592867e-07,0.1625017673,0.2265045345,0.1313111037
4,147,1.47,-0.008525863776,0.2219928457,0.08589827043,0.9586642981,-0.2190876156,-0.5737967491,0.9401752949,5.028871897e-07,0.159790799,0.227590695,0.1303688288
4,148,1.48,-0.008525863776,0.2219928457,0.08589827043,0.9688310027,-0.2214573771,-0.5797640681,0.9498718381,5.236220773e-07,0.1570782065,0.2286348939,0.1294357628
4,149,1.49,-0.008525863776,0.2219928457,0.08589827043,0.9789645672,-0.2238216251,-0.5857132077,0.9595370889,5.43954684e-07,0.1543649435,0.2296373397,0.1285123229
4,150,1.5,-0.008525863776,0.2219928457,0.08589827043,0.9890633225,-0.2261799425,-0.5916431546,0.9691693187,5.638781317e-07,0.1516524255,0.2305980325,0.1275985688
4,151,1.51,-0.008525863776,0.2219928457,0.08589827043,0.9991254807,-0.2285319269,-0.5975528359,0.9787668586,5.833828141e-07,0.1489416659,0.2315171957,0.1266946495
4,152,1.52,-0.008525863776,0.2219928457,0.08589827043,1.009149313,-0.2308771908,-0.603441298,0.9883281589,6.024599202e-07,0.1462337971,0.2323951125,0.1258007288
4,153,1.53,-0.008525863776,0.2219928457,0.08589827043,1.019133091,-0.2332153171,-0.6093075871,0.997851491,6.210981951e-07,0.1435300708,0.2332318723,0.1249168664
4,154,1.54,-0.008525863776,0.2219928457,0.08589827043,1.029075146,-0.2355459183,-0.6151505113,1.007335186,6.392864407e-07,0.1408314258,0.2340279371,0.1240432486
4,155,1.55,-0.008525863776,0.2219928457,0.08589827043,1.038973689,-0.2378685772,-0.6209692359,1.016777754,6.570172104e-07,0.1381390691,0.2347835004,0.1231801063
4,156,1.56,-0.008525863776,0.2219928457,0.08589827043,1.048827291,-0.2401829511,-0.6267627478,1.026177526,6.742840242e-07,0.1354540884,0.235498935,0.1223274693
4,157,1.57,-0.008525863776,0.2219928457,0.08589827043,1.058633924,-0.242488578,-0.632529974,1.035532832,6.910882462e-07,0.132777676,0.2361745238,0.1214853004
4,158,1.58,-0.008525863776,0.2219928457,0.08589827043,1.068392038,-0.2447851151,-0.6382700205,1.044842005,7.074156656e-07,0.130110696,0.2368107885,0.1206538454
4,159,1.59,-0.008525863776,0.2219928457,0.08589827043,1.078099966,-0.2470721304,-0.6439818144,1.054103732,7.232576991e-07,0.1274541467,0.2374081761,0.1198332459
4,160,1.6,-0.008525863776,0.2219928457,0.08589827043,1.087756157,-0.2493492514,-0.649664402,1.063316107,7.386126413e-07,0.1248092726,0.2379671931,0.1190235093
4,161,1.61,-0.008525863776,0.2219928457,0.08589827043,1.097358584,-0.2516160905,-0.6553168893,1.072477937,7.53474751e-07,0.1221770719,0.2384881675,0.1182247549
4,162,1.62,-0.008525863776,0.2219928457,0.08589827043,1.106905937,-0.2538722754,-0.6609382629,1.081587434,7.678336829e-07,0.1195584536,0.23897174,0.1174370274
4,163,1.63,-0.008525863776,0.2219928457,0.08589827043,1.116396546,-0.2561174035,-0.6665275097,1.09064281,7.81691142e-07,0.1169542968,0.2394184768,0.1166604012
4,164,1.64,-0.008525863776,0.2219928457,0.08589827043,1.125828624,-0.2583511174,-0.6720836759,1.099642873,7.950450822e-07,0.1143657565,0.2398289442,0.115894869
4,165,1.65,-0.008525863776,0.2219928457,0.08589827043,1.13520062,-0.2605729997,-0.6776058674,1.108585835,8.07890558e-07,0.111793533,0.240203768,0.1151406318
4,166,1.66,-0.008525863776,0.2219928457,0.08589827043,1.144511223,-0.2627826333,-0.6830931306,1.117470264,8.202247272e-07,0.109238632,0.2405435592,0.1143974587
4,167,1.67,-0.008525863776,0.2219928457,0.08589827043,1.153758407,-0.2649797499,-0.6885445714,1.126294613,8.3205191e-07,0.1067021042,0.2408489287,0.1136657149
4,168,1.68,-0.008525863776,0.2219928457,0.08589827043,1.16294086,-0.2671639025,-0.6939591765,1.135057449,8.433676726e-07,0.1041844338,0.2411206067,0.112945281
4,169,1.69,-0.008525863776,0.2219928457,0.08589827043,1.172056794,-0.2693347335,-0.6993360519,1.143757105,8.541707643e-07,0.1016867608,0.2413593084,0.1122360155
4,170,1.7,-0.008525863776,0.2219928457,0.08589827043,1.181104898,-0.2714918852,-0.7046742439,1.152392268,8.644648233e-07,0.09920974821,0.241565749,0.1115382388
4,171,1.71,-0.008525863776,0.2219928457,0.08589827043,1.190083504,-0.2736349702,-0.7099728584,1.16096127,8.742501336e-07,0.0967541486,0.241740644,0.1108517498
4,172,1.72,-0.008525863776,0.2219928457,0.08589827043,1.19899106,-0.2757636309,-0.7152310014,1.1694628,8.835299923e-07,0.09432087839,0.2418847531,0.1101767123
4,173,1.73,-0.008525863776,0.2219928457,0.08589827043,1.207826138,-0.2778774798,-0.7204477787,1.177895427,8.92303035e-07,0.09191063046,0.2419988215,0.1095130965
4,174,1.74,-0.008525863776,0.2219928457,0.08589827043,1.216587067,-0.2799761891,-0.7256222963,1.186257601,9.005767652e-07,0.08952409029,0.2420835942,0.1088607088
4,175,1.75,-0.008525863776,0.2219928457,0.08589827043,1.225272417,-0.2820594013,-0.7307536602,1.194548011,9.083462942e-07,0.0871617645,0.2421399653,0.1082196012
4,176,1.76,-0.008525863776,0.2219928457,0.08589827043,1.233880639,-0.2841267586,-0.7358409762,1.202765107,9.156186138e-07,0.08482450247,0.2421686947,0.1075897962
4,177,1.77,-0.008525863776,0.2219928457,0.08589827043,1.242410302,-0.2861779034,-0.7408833504,1.210907578,9.223954862e-07,0.08251298964,0.2421705872,0.1069713086
4,178,1.78,-0.008525863776,0.2219928457,0.08589827043,1.250859976,-0.2882124782,-0.7458800077,1.218973994,9.286797535e-07,0.08022773266,0.2421465069,0.1063640788
4,179,1.79,-0.008525863776,0.2219928457,0.08589827043,1.259228349,-0.290230155,-0.7508299947,1.226962924,9.344785781e-07,0.07796928287,0.2420973182,0.1057681218
4,180,1.8,-0.008525863776,0.2219928457,0.08589827043,1.267513633,-0.2922306061,-0.7557325363,1.234873176,9.398011116e-07,0.07573821396,0.2420237809,0.1051831916
4,181,1.81,-0.008525863776,0.2219928457,0.08589827043,1.275714636,-0.294213444,-0.7605867982,1.24270308,9.4464923e-07,0.07353498042,0.2419269085,0.1046094149
4,182,1.82,-0.008525863776,0.2219928457,0.08589827043,1.283830047,-0.2961783707,-0.7653919458,1.250451446,9.490330513e-07,0.07136021554,0.2418074459,0.1040468216
4,183,1.83,-0.008525863776,0.2219928457,0.08589827043,1.291858196,-0.2981250286,-0.7701471448,1.258116841,9.529601925e-07,0.06921445578,0.2416662276,0.1034950167
4,184,1.84,-0.008525863776,0.2219928457,0.08589827043,1.299797893,-0.3000530899,-0.774851501,1.265698195,9.564292895e-07,0.0670979172,0.241504252,0.1029542387
4,185,1.85,-0.008525863776,0.2219928457,0.08589827043,1.307647705,-0.301962167,-0.7795042992,1.273194075,9.594511994e-07,0.06501130015,0.2413222194,0.1024243608
4,186,1.86,-0.008525863776,0.2219928457,0.08589827043,1.315406561,-0.3038520217,-0.7841047645,1.28060317,9.620410992e-07,0.06295467168,0.2411211729,0.101905182
4,187,1.87,-0.008525863776,0.2219928457,0.08589827043,1.323072791,-0.3057222962,-0.788652122,1.28792429,9.642049008e-07,0.06092856452,0.2409019321,0.101396732
4,188,1.88,-0.008525863776,0.2219928457,0.08589827043,1.330645323,-0.3075726926,-0.7931454778,1.295156002,9.659509033e-07,0.05893333629,0.240665406,0.1008989513
4,189,1.89,-0.008525863776,0.2219928457,0.08589827043,1.338122606,-0.3094028831,-0.7975841165,1.302297354,9.672912711e-07,0.05696942285,0.2404123694,0.1004116684
4,190,1.9,-0.008525863776,0.2219928457,0.08589827043,1.345503449,-0.3112125397,-0.8019673228,1.309347034,9.682297559e-07,0.05503696948,0.2401438355,0.09993489832
4,191,1.91,-0.008525863776,0.2219928457,0.08589827043,1.352786779,-0.3130013943,-0.806294322,1.31630373,9.687745433e-07,0.05313644931,0.2398605347,0.09946837276
4,192,1.92,-0.008525863776,0.2219928457,0.08589827043,1.359971166,-0.3147690892,-0.8105643988,1.323166251,9.689417766e-07,0.05126789957,0.2395634502,0.09901221097
4,193,1.93,-0.008525863776,0.2219928457,0.08589827043,1.367055297,-0.3165153861,-0.8147767782,1.329933405,9.687406646e-07,0.04943167418,0.2392533869,0.09856621176
4,194,1.94,-0.008525863776,0.2219928457,0.08589827043,1.3740381,-0.3182399273,-0.8189308047,1.336604238,9.681776874e-07,0.04762788862,0.2389312685,0.09813032299
4,195,1.95,-0.008525863776,0.2219928457,0.08589827043,1.380918503,-0.3199424744,-0.8230256438,1.343177438,9.672659189e-07,0.04585690796,0.238597855,0.09770424664
4,196,1.96,-0.008525863776,0.2219928457,0.08589827043,1.387695074,-0.3216226995,-0.8270606995,1.349651933,9.660202522e-07,0.04411870986,0.2382539958,0.09728793055
4,197,1.97,-0.008525863776,0.2219928457,0.08589827043,1.394366741,-0.3232803345,-0.8310351968,1.35602653,9.644478496e-07,0.0424137786,0.2379005849,0.09688141197
4,198,1.98,-0.008525863776,0.2219928457,0.08589827043,1.40093255,-0.3249150515,-0.8349485397,1.362300158,9.625618986e-07,0.04074187204,0.2375384271,0.09648451209
4,199,1.99,-0.008525863776,0.2219928457,0.08589827043,1.407390952,-0.3265266418,-0.8388000131,1.368471742,9.603771787e-07,0.03910334036,0.2371683568,0.09609710425
4,200,2,-0.008525863776,0.2219928457,0.08589827043,1.413741231,-0.3281147778,-0.8425889015,1.374540329,9.578980098e-07,0.03749817237,0.2367912084,0.09571901709
4,201,2.01,-0.008525863776,0.2219928457,0.08589827043,1.419982076,-0.3296791911,-0.8463147879,1.380504727,9.551387166e-07,0.03592645749,0.2364076972,0.0953502208
4,202,2.02,-0.008525863776,0.2219928457,0.08589827043,1.426112533,-0.3312196434,-0.8499768376,1.386363864,9.521154993e-07,0.03438846767,0.2360187173,0.09499056637
4,203,2.03,-0.008525863776,0.2219928457,0.08589827043,1.432131648,-0.3327358365,-0.8535744548,1.392117023,9.488404089e-07,0.03288392723,0.2356250286,0.09463988245
4,204,2.04,-0.008525863776,0.2219928457,0.08589827043,1.438038111,-0.334227562,-0.8571070433,1.397763014,9.453272014e-07,0.03141310439,0.2352273166,0.09429808706
4,205,2.05,-0.008525863776,0.2219928457,0.08589827043,1.443831205,-0.3356945515,-0.860574007,1.403301001,9.415859381e-07,0.02997601032,0.2348264754,0.09396509826
4,206,2.06,-0.008525863776,0.2219928457,0.08589827043,1.44950974,-0.3371365368,-0.86397475,1.408729911,9.37628954e-07,0.02857256308,0.2344230413,0.09364056587
4,207,2.07,-0.008525863776,0.2219928457,0.08589827043,1.45507288,-0.3385532796,-0.8673086166,1.41404891,9.334716538e-07,0.02720293216,0.2340179235,0.09332469851
4,208,2.08,-0.008525863776,0.2219928457,0.08589827043,1.460519552,-0.3399445713,-0.87057513,1.419256926,9.291251217e-07,0.02586693317,0.2336117923,0.09301719069
4,209,2.09,-0.008525863776,0.2219928457,0.08589827043,1.465848804,-0.3413101137,-0.873773694,1.424353242,9.246039099e-07,0.02456462942,0.2332052886,0.09271784127
4,210,2.1,-0.008525863776,0.2219928457,0.08589827043,1.471059918,-0.3426497281,-0.8769037127,1.429336786,9.199143847e-07,0.02329594269,0.2327991724,0.09242671728
4,211,2.11,-0.008525863776,0.2219928457,0.08589827043,1.476151824,-0.3439631462,-0.8799647689,1.434206963,9.150737696e-07,0.02206077613,0.2323940247,0.09214359522
4,212,2.12,-0.008525863776,0.2219928457,0.08589827043,1.481123686,-0.3452501893,-0.8829562664,1.438962698,9.100987768e-07,0.02085912973,0.2319906354,0.09186819196
4,213,2.13,-0.008525863776,0.2219928457,0.08589827043,1.48597455,-0.3465105891,-0.8858776689,1.443603277,9.04996682e-07,0.01969109289,0.23158966,0.09160075337
4,214,2.14,-0.008525863776,0.2219928457,0.08589827043,1.490703821,-0.3477441669,-0.888728559,1.448127985,8.997781151e-07,0.01855644211,0.2311914861,0.09134074301
4,215,2.15,-0.008525863776,0.2219928457,0.08589827043,1.495310426,-0.3489506841,-0.8915084004,1.452535868,8.944589354e-07,0.01745504141,0.230796963,0.09108816832
4,216,2.16,-0.008525863776,0.2219928457,0.08589827043,1.499793649,-0.350129962,-0.8942166567,1.456826329,8.890468166e-07,0.01638701931,0.230406642,0.09084318578
4,217,2.17,-0.008525863776,0.2219928457,0.08589827043,1.504153013,-0.3512817621,-0.8968529105,1.460998654,8.83555856e-07,0.01535213646,0.2300210595,0.09060531855
4,218,2.18,-0.008525863776,0.2219928457,0.08589827043,1.508387566,-0.3524059057,-0.8994167447,1.465051889,8.780073699e-07,0.01435026061,0.2296407819,0.09037455171
4,219,2.19,-0.008525863776,0.2219928457,0.08589827043,1.512496591,-0.3535022438,-0.901907742,1.468985677,8.724160807e-07,0.01338134333,0.2292663455,0.09015091509
4,220,2.2,-0.008525863776,0.2219928457,0.08589827043,1.516479373,-0.3545705676,-0.9043254852,1.472799063,8.667871612e-07,0.01244539302,0.2288983464,0.08993403614
4,221,2.21,-0.008525863776,0.2219928457,0.08589827043,1.520338655,-0.3556106687,-0.9066694379,1.476491451,8.585219575e-07,0.01154125854,0.2285372466,0.08972403407
4,222,2.22,-0.008525863776,0.2219928457,0.08589827043,1.524096251,-0.3566223681,-0.908939302,1.480062366,8.367793498e-07,0.01066396385,0.2281838506,0.08952071518
4,223,2.23,-0.008525863776,0.2219928457,0.08589827043,1.52777195,-0.3576055467,-0.9111346602,1.48351109,8.01748115e-07,0.009808680043,0.2278387547,0.08932386339
4,224,2.24,-0.008525863776,0.2219928457,0.08589827043,1.531368613,-0.3585599661,-0.9132550955,1.486837029,7.625995977e-07,0.00897459127,0.2275023013,0.08913356811
4,225,2.25,-0.008525863776,0.2219928457,0.08589827043,1.534884572,-0.359485507,-0.9153003097,1.490039587,7.250113185e-07,0.008161718026,0.2271748483,0.08894954622
4,226,2.26,-0.008525863776,0.2219928457,0.08589827043,1.538316965,-0.3603819907,-0.9172700047,1.493118286,6.913664947e-07,0.007370739244,0.2268566787,0.08877168596
4,227,2.27,-0.008525863776,0.2219928457,0.08589827043,1.54166317,-0.3612492681,-0.9191637039,1.496072531,6.623047284e-07,0.006601940375,0.22654818,0.08860006928
4,228,2.28,-0.008525863776,0.2219928457,0.08589827043,1.544920206,-0.36208722,-0.9209811687,1.498901725,6.377188697e-07,0.005855804775,0.2262495756,0.08843447268
4,229,2.29,-0.008525863776,0.2219928457,0.08589827043,1.548085451,-0.3628956974,-0.922721982,1.50160563,6.17217097e-07,0.005132743623,0.2259612232,0.08827482164
4,230,2.3,-0.008525863776,0.2219928457,0.08589827043,1.551156163,-0.3636745512,-0.9243860841,1.50418365,6.003360795e-07,0.004433033057,0.2256833166,0.0881209597
4,231,2.31,-0.008525863776,0.2219928457,0.08589827043,1.554130077,-0.3644236326,-0.9259729981,1.506635189,5.866165225e-07,0.003757290775,0.2254162878,0.08797292411
4,232,2.32,-0.008525863776,0.2219928457,0.08589827043,1.557004929,-0.3651428521,-0.9274824858,1.508960009,5.756377846e-07,0.00310555473,0.2251603454,0.08783057332
4,233,2.33,-0.008525863776,0.2219928457,0.08589827043,1.559778571,-0.3658320606,-0.9289142489,1.511157632,5.670258361e-07,0.002478235168,0.2249157727,0.08769372106
4,234,2.34,-0.008525863776,0.2219928457,0.08589827043,1.562448621,-0.3664911389,-0.9302680492,1.513227701,5.604497346e-07,0.001875702292,0.2246829122,0.08756250888
4,235,2.35,-0.008525863776,0.2219928457,0.08589827043,1.565013528,-0.3671199977,-0.9315437675,1.515169978,5.556154292e-07,0.00129807007,0.2244619727,0.08743676543
4,236,2.36,-0.008525863776,0.2219928457,0.08589827043,1.567471027,-0.367718488,-0.9327411056,1.516984105,5.52271274e-07,0.000745731988,0.2242532074,0.08731646091
4,237,2.37,-0.008525863776,0.2219928457,0.08589827043,1.56981957,-0.36828655,-0.9338598847,1.518669724,5.501926807e-07,0.0002188413928,0.2240568697,0.08720139414
4,238,2.38,-0.008525863776,0.2219928457,0.08589827043,1.572057724,-0.3688240647,-0.9348998666,1.520226598,5.491885418e-07,-0.0002823264222,0.2238731682,0.08709160239
4,239,2.39,-0.008525863776,0.2219928457,0.08589827043,1.574183583,-0.3693309426,-0.9358609319,1.521654367,5.490963986e-07,-0.0007577320212,0.2237023562,0.08698709309
4,240,2.4,-0.008525863776,0.2219928457,0.08589827043,1.576195955,-0.3698070943,-0.9367429018,1.522952795,5.497734605e-07,-0.001207017805,0.2235447168,0.08688758314
4,241,2.41,-0.008525863776,0.2219928457,0.08589827043,1.578095317,-0.3702529669,-0.9375472665,1.524124622,5.499132385e-07,-0.001630624523,0.2234001011,0.08679331839
4,242,2.42,-0.008525863776,0.2219928457,0.08589827043,1.579886198,-0.370669961,-0.9382784367,1.525177717,5.473588089e-07,-0.002029578434,0.2232678086,0.08670376241
4,243,2.43,-0.008525863776,0.2219928457,0.08589827043,1.581574082,-0.3710597157,-0.9389422536,1.526122212,5.409395953e-07,-0.002405137988,0.2231470197,0.0866189301
4,244,2.44,-0.008525863776,0.2219928457,0.08589827043,1.583164692,-0.3714239299,-0.9395444393,1.526968718,5.304978004e-07,-0.002758767223,0.2230367661,0.08653864264
4,245,2.45,-0.008525863776,0.2219928457,0.08589827043,1.584663749,-0.3717643023,-0.9400907755,1.527727246,5.163875585e-07,-0.003091772087,0.2229360938,0.08646261692
4,246,2.46,-0.008525863776,0.2219928457,0.08589827043,1.586076379,-0.372082442,-0.9405862689,1.528406739,4.991430842e-07,-0.003405395662,0.2228442132,0.08639089763
4,247,2.47,-0.008525863776,0.2219928457,0.08589827043,1.587407589,-0.37237975,-0.9410355687,1.529015422,4.793211019e-07,-0.003700695466,0.2227603048,0.08632302284
4,248,2.48,-0.008525863776,0.2219928457,0.08589827043,1.588662148,-0.3726575971,-0.9414431453,1.529560685,4.574446564e-07,-0.003978860565,0.2226837128,0.08625905216
4,249,2.49,-0.008525863776,0.2219928457,0.08589827043,1.589844584,-0.3729172349,-0.9418128133,1.530049086,4.339802331e-07,-0.004241000395,0.2226137668,0.08619871736
4,250,2.5,-0.008525863776,0.2219928457,0.08589827043,1.590958834,-0.3731599152,-0.9421480298,1.530486584,4.093346888e-07,-0.004487766884,0.2225498557,0.08614181727
4,251,2.51,-0.008525863776,0.2219928457,0.08589827043,1.592008829,-0.3733866811,-0.9424520135,1.530878425,3.838533189e-07,-0.004720280878,0.222491473,0.08608818054
4,252,2.52,-0.008525863776,0.2219928457,0.08589827043,1.592998385,-0.3735986352,-0.942727685,1.531229496,3.578333576e-07,-0.004939464387,0.2224381417,0.08603783697
4,253,2.53,-0.008525863776,0.2219928457,0.08589827043,1.59393096,-0.3737967014,-0.9429777861,1.531543851,3.315282697e-07,-0.005145841278,0.2223893702,0.08599037677
4,254,2.54,-0.008525863776,0.2219928457,0.08589827043,1.594809771,-0.3739818633,-0.9432045817,1.531825304,3.051506496e-07,-0.005340305157,0.2223448008,0.08594585955
4,255,2.55,-0.008525863776,0.2219928457,0.08589827043,1.595638037,-0.3741548657,-0.9434102774,1.532077551,2.78880691e-07,-0.005523530766,0.2223040015,0.08590389043
4,256,2.56,-0.008525863776,0.2219928457,0.08589827043,1.596418619,-0.3743165731,-0.9435968399,1.532303452,2.528674372e-07,-0.005696209148,0.2222667187,0.08586458862
4,257,2.57,-0.008525863776,0.2219928457,0.08589827043,1.59715414,-0.3744677007,-0.9437660575,1.532505751,2.272355744e-07,-0.005858873948,0.2222325653,0.08582759649
4,258,2.58,-0.008525863776,0.2219928457,0.08589827043,1.597847342,-0.3746089637,-0.9439194202,1.532687068,2.020828163e-07,-0.006012218073,0.222201407,0.08579295129
4,259,2.59,-0.008525863776,0.2219928457,0.08589827043,1.598500729,-0.374740988,-0.9440584779,1.53284955,1.774929785e-07,-0.006156731397,0.2221728563,0.08576050401
4,260,2.6,-0.008525863776,0.2219928457,0.08589827043,1.599116206,-0.3748643696,-0.9441846013,1.532995105,1.535308627e-07,-0.006292787846,0.2221466899,0.08572996408
4,261,2.61,-0.008525863776,0.2219928457,0.08589827043,1.599696517,-0.3749796748,-0.9442990422,1.533125401,1.302423556e-07,-0.006421182305,0.222122699,0.0857013911
4,262,2.62,-0.008525863776,0.2219928457,0.08589827043,1.600243211,-0.37508744,-0.9444027543,1.533242106,1.076694573e-07,-0.006542051211,0.2221007645,0.08567468077
4,263,2.63,-0.008525863776,0.2219928457,0.08589827043,1.600758433,-0.3751881719,-0.9444968104,1.533346534,8.583656808e-08,-0.006655903999,0.2220806777,0.08564960957
4,264,2.64,-0.008525863776,0.2219928457,0.08589827043,1.601244092,-0.3752823174,-0.9445821047,1.533440232,6.476193448e-08,-0.006763373967,0.2220622301,0.08562607318
4,265,2.65,-0.008525863776,0.2219928457,0.08589827043,1.601701617,-0.3753702939,-0.9446594715,1.533524036,4.445821844e-08,-0.00686454447,0.2220453471,0.08560411632
4,266,2.66,-0.008525863776,0.2219928457,0.08589827043,1.602132916,-0.3754525185,-0.9447296858,1.533599138,2.492662432e-08,-0.006959947292,0.222029835,0.08558353037
4,267,2.67,-0.008525863776,0.2219928457,0.08589827043,1.602539301,-0.3755293489,-0.9447932839,1.533666372,6.166356314e-09,-0.00704983063,0.2220156193,0.08556433767
4,268,2.68,-0.008525863776,0.2219928457,0.08589827043,1.602922201,-0.3756011724,-0.9448509812,1.533726692,1.18225012e-08,-0.007134447806,0.2220025957,0.08554631472
4,269,2.69,-0.008525863776,0.2219928457,0.08589827043,1.603283048,-0.3756683171,-0.9449033141,1.533780813,2.902914709e-08,-0.00721429335,0.2219906747,0.08552949131
4,270,2.7,-0.008525863776,0.2219928457,0.08589827043,1.603623271,-0.3757310808,-0.9449506998,1.533829212,4.547489851e-08,-0.007289515343,0.2219796628,0.08551373333
4,271,2.71,-0.008525863776,0.2219928457,0.08589827043,1.603943706,-0.3757897615,-0.9449937344,1.533872604,6.117862483e-08,-0.007360407151,0.2219695449,0.08549895883
4,272,2.72,-0.008525863776,0.2219928457,0.08589827043,1.604245782,-0.3758445978,-0.945032835,1.533911467,7.616414877e-08,-0.007427156437,0.2219603062,0.08548526466
4,273,2.73,-0.008525863776,0.2219928457,0.08589827043,1.604530454,-0.375895828,-0.9450681806,1.533946276,9.045373162e-08,-0.007490117103,0.221951738,0.0854722783
4,274,2.74,-0.008525863776,0.2219928457,0.08589827043,1.604798675,-0.3759437203,-0.9451002479,1.533977389,1.040681497e-07,-0.007549534552,0.2219439745,0.08546028286
4,275,2.75,-0.008525863776,0.2219928457,0.08589827043,1.605051517,-0.3759884834,-0.9451292157,1.534005284,1.17031199e-07,-0.00760544464,0.2219367325,0.08544911444
4,276,2.76,-0.008525863776,0.2219928457,0.08589827043,1.605289817,-0.3760303259,-0.9451556206,1.534030318,1.293651621e-07,-0.007658150047,0.2219301164,0.08543859422
4,277,2.77,-0.008525863776,0.2219928457,0.08589827043,1.605514169,-0.3760694265,-0.945179522,1.53405273,1.410944321e-07,-0.007707767189,0.2219240367,0.08542878926
4,278,2.78,-0.008525863776,0.2219928457,0.08589827043,1.605725765,-0.3761059642,-0.9452012181,1.534072757,1.522446951e-07,-0.007754586637,0.2219184041,0.08541961014
4,279,2.79,-0.008525863776,0.2219928457,0.08589827043,1.605925202,-0.3761401176,-0.9452207685,1.534090638,1.628363435e-07,-0.007798796054,0.2219132632,0.08541107923
4,280,2.8,-0.008525863776,0.2219928457,0.08589827043,1.606113076,-0.3761720657,-0.9452385902,1.534106612,1.728923991e-07,-0.007840301841,0.2219084948,0.08540305495
4,281,2.81,-0.008525863776,0.2219928457,0.08589827043,1.606290221,-0.3762018979,-0.9452547431,1.534121156,1.824368354e-07,-0.007879497483,0.2219041139,0.08539558947
4,282,2.82,-0.008525863776,0.2219928457,0.08589827043,1.606457114,-0.3762297928,-0.9452694058,1.53413403,1.914904004e-07,-0.007916486822,0.2219000608,0.08538864553
4,283,2.83,-0.008525863776,0.2219928457,0.08589827043,1.606614351,-0.3762558699,-0.9452826977,1.534145594,2.000776789e-07,-0.007951270789,0.2218963951,0.08538215607
4,284,2.84,-0.008525863776,0.2219928457,0.08589827043,1.606762648,-0.3762802482,-0.9452947378,1.534155965,2.082185659e-07,-0.007984143682,0.2218928933,0.0853760466
4,285,2.85,-0.008525863776,0.2219928457,0.08589827043,1.606902361,-0.3763030171,-0.9453055859,1.534165263,2.159310526e-07,-0.0080150133,0.2218897641,0.08537042886
4,286,2.86,-0.008525863776,0.2219928457,0.08589827043,1.607033968,-0.376324296,-0.9453154802,1.534173608,2.232387146e-07,-0.008044140413,0.2218868136,0.08536504954
4,287,2.87,-0.008525863776,0.2219928457,0.08589827043,1.607157946,-0.3763442039,-0.9453244209,1.534180999,2.301609783e-07,-0.008071569726,0.2218841165,0.08536016941
4,288,2.88,-0.008525863776,0.2219928457,0.08589827043,1.60727489,-0.3763628006,-0.9453325868,1.534187675,2.367162466e-07,-0.008097509854,0.2218815833,0.08535546064
4,289,2.89,-0.008525863776,0.2219928457,0.08589827043,1.607385039,-0.3763802052,-0.9453399777,1.534193635,2.429211179e-07,-0.00812194217,0.2218793184,0.08535127342
4,290,2.9,-0.008525863776,0.2219928457,0.08589827043,1.607488871,-0.3763964474,-0.9453466535,1.534198999,2.487929009e-07,-0.00814491231,0.2218771875,0.0853471756
4,291,2.91,-0.008525863776,0.2219928457,0.08589827043,1.607586861,-0.3764116168,-0.9453526735,1.534203768,2.543477819e-07,-0.008166601881,0.2218752205,0.08534350991
4,292,2.92,-0.008525863776,0.2219928457,0.08589827043,1.607679129,-0.3764258027,-0.9453581572,1.534208059,2.595998296e-07,-0.0081869727,0.2218733877,0.08533992618
4,293,2.93,-0.008525863776,0.2219928457,0.08589827043,1.607766032,-0.3764390647,-0.9453631639,1.534211874,2.645674897e-07,-0.008206213824,0.2218717039,0.08533670753
4,294,2.94,-0.008525863776,0.2219928457,0.08589827043,1.607847929,-0.3764514625,-0.9453676939,1.534215331,2.692655698e-07,-0.008224415593,0.2218701392,0.0853336975
4,295,2.95,-0.008525863776,0.2219928457,0.08589827043,1.607925057,-0.3764630556,-0.9453718066,1.534218431,2.737095031e-07,-0.008241496049,0.2218686938,0.08533086628
4,296,2.96,-0.008525863776,0.2219928457,0.08589827043,1.607997775,-0.3764739037,-0.9453755021,1.534221292,2.779105444e-07,-0.008257548325,0.2218673378,0.08532818407
4,297,2.97,-0.008525863776,0.2219928457,0.08589827043,1.60806644,-0.3764840364,-0.9453788996,1.534223676,2.818810287e-07,-0.008272749372,0.221866101,0.08532569557
4,298,2.98,-0.008525863776,0.2219928457,0.08589827043,1.608130932,-0.3764934838,-0.9453819394,1.534225941,2.856307049e-07,-0.008287047967,0.2218649536,0.08532334119
4,299,2.99,-0.008525863776,0.2219928457,0.08589827043,1.608191967,-0.3765023351,-0.9453846812,1.534227848,2.891748352e-07,-0.008300572634,0.2218638659,0.08532118797
