target_x,target_y,target_z,q1,q2,q3,q4,q5_claw
0.001309263407,-0.3236443337,0.3355157005,-1.566750765,-0.6827927232,1.010769248,0.6389009953,0
-0.1707369043,-0.359960785,0.1277170194,-2.013690233,-1.057406187,0.803838253,0.4512464106,0
-0.1488422248,0.04793814679,0.3859526191,2.830039024,0.6019312739,0.2355885506,-0.511963129,0
0.1875951523,0.06346114053,0.4109826229,0.3262411356,0.2696122229,0.5373527408,-0.3171809018,0
-0.007635671735,0.1988144007,0.07692956547,1.607909083,-0.3385087252,-1.109209895,1.59264493,0
0.2020243944,-0.1135896923,0.2761944264,2.629643679,0.6659263372,1.518975377,1.808074236,0
-0.1744015557,-0.1002918611,0.08224230416,-2.620016098,0.3380874693,-0.9786630273,0.06046947092,0
-0.03659387133,0.06901747094,0.3235832889,2.059843302,0.7169662714,0.5229539871,-1.742192388,0
-0.3335177764,0.2268422183,0.09779659303,-0.5972840786,1.945534348,1.293218493,-0.4581697285,0
0.2822803241,-0.164902904,0.1873045411,-0.5287083387,-0.3863783181,0.5687029362,-0.7795319557,0
-0.2466605765,-0.0918144181,0.2357001316,-2.785611391,0.2284151614,-0.1173830777,-0.3304685354,0
-0.1714857626,-0.2061293029,0.3097236294,-2.264810801,0.1361430883,0.2371351123,-0.2942213714,0
0.406005526,-0.03791549838,0.09668908707,-0.09311665595,-1.24801302,1.032269359,0.3114108145,0
-0.3120717591,0.08839304876,0.07777163416,2.865582943,-0.7941583395,0.7828785777,-1.137508035,0
-0.1808566669,-0.1918326899,0.4051157238,-2.326753378,-0.2368124723,0.8381329775,0.2563103437,0
0.3562553176,0.01915563358,0.2293699825,0.05371773615,-0.7178123593,0.54748559,0.8417449594,0
-0.3901756454,-0.02599539523,0.130067043,-3.07506609,-1.132071376,0.8105228543,0.739002645,0
0.07099096528,-0.3407962852,0.1169867741,1.776211977,2.132260084,0.2446405739,1.192702413,0
-0.0516640279,0.1018990416,0.0722664414,-1.101552844,-1.213426113,-1.444254756,-0.6880014539,0
0.05984911449,0.2643983915,0.3403532354,1.348256111,0.03202689439,0.4860003889,-0.3403910398,0
0.03503784017,0.2450310474,0.1664114173,1.429362655,-0.2436046451,-0.6596669555,1.540108442,0
0.2489037333,-0.1150769172,0.2630956655,-0.433036387,0.1460202634,-0.1923891008,0.3140544593,0
0.3486761765,0.1462639098,0.1579229728,0.3971888125,-0.8092627525,0.4932461977,0.5963830948,0
-0.1872801704,-0.08399846009,0.4084817935,0.4215240777,1.292948127,0.3114896715,0.7039279938,0
0.02285843944,-0.2402568954,0.3738116803,-1.476090312,-0.1776372194,1.222559929,-1.045179009,0
0.195034473,-0.1004476885,0.06281497683,-0.4755969644,-0.7787693143,-0.7688276172,1.961402416,0
-0.1457818105,-0.1824677399,0.2944310064,-2.24471879,0.1363253593,-0.3463485837,1.120851278,0
-0.04231144364,-0.2880631727,0.2360204597,1.424936414,0.9265071154,1.46972549,1.549769521,0
-0.07504202832,-0.1309241345,0.08668590915,-2.092695951,0.6250274181,-1.524939656,0.7756800652,0
-0.03304726253,0.03818727626,0.2525226148,2.284162998,0.8547001481,-1.285087347,2.094395161,0
-0.2905848397,-0.03973547241,0.1880564605,0.1359913498,1.361070871,0.9021917582,1.877968788,0
0.1532792429,-0.05238531227,0.4177460426,-0.3294104934,0.3196641505,0.7653070688,-0.7793658972,0
-0.2338923376,-0.06714200242,0.4307842076,0.2795495987,0.7986872792,1.564753056,-0.3625842929,0
0.1314475568,-0.2996454658,0.3431787049,1.984194279,1.25955081,1.021400928,0.3742409348,0
-0.002486191393,-0.1237927412,0.2426228488,1.550715566,2.181661606,-1.213675022,1.539626241,0
-0.0884956352,0.2575316109,0.243582547,-1.239894152,1.880664349,-0.1666273475,1.442764997,0
-0.08661656778,-0.1715117799,0.1971524488,1.103145957,2.061612844,0.6232015491,-2.038825274,0
-0.2270088144,0.128502225,0.3753105781,-0.515142858,1.41154778,0.9234778285,-0.6209217906,0
-0.3484346292,-0.02186512806,0.2743555974,0.06267761439,1.634249687,0.6288223267,0.5972717404,0
-0.09707158328,-0.3404444754,0.2604493779,1.293035507,1.667810559,0.6176695228,0.6386403441,0
-0.2815071063,-0.2819798855,0.1870712353,-2.355355024,-1.032909155,1.308608413,-0.3455663919,0
-0.1301326969,-0.1307275493,0.1698050541,-2.354041576,0.4111286998,-0.2453148961,-1.210346937,0
-0.1620563537,-0.006484763123,0.4043356114,0.04000385106,1.523982167,0.07205489278,0.1724207699,0
0.2376601735,0.2390756243,0.1785266965,-2.353226423,2.060821772,0.9733196497,-1.078555942,0
-0.06431452314,-0.1092991079,0.4283991133,1.038911819,1.221695662,0.08227274567,0.7289664149,0
-0.1948592194,-0.03847693159,0.3423759963,-2.946640015,0.06990752369,0.9847630858,-1.429845572,0
-0.06246125851,0.01287954098,0.2864532656,2.938241959,0.6748350263,-0.9554719329,2.094395161,0
0.2680331579,0.1849815306,0.1433716693,0.6035501957,-0.3243204355,-0.1096413434,0.3223679066,0
-0.2657839356,0.06343934573,0.1037266755,2.907420874,-0.5489736795,-0.5256015658,1.46077323,0
-0.01623084348,-0.1484577843,0.3501959106,1.461899638,1.019037366,0.1448832005,1.932649612,0
-0.2015935178,-0.01217849454,0.3814135142,0.0603803359,1.567745447,0.4845241904,-0.5853573084,0
-0.2530162683,0.1961561662,0.06704818924,-0.65947932,2.181661606,0.233589083,1.598752499,0
-0.2589116787,-0.2346209118,0.108495552,-2.405415535,-0.5783792138,0.09082454443,0.3227607608,0
0.2613077248,0.1743929632,0.2964443834,0.5884889364,-0.1808813512,0.4965466857,-0.1947283298,0
0.01869753325,0.2364298708,0.3971038058,-1.649712563,1.161673069,0.5704062581,0.8726899028,0
-0.07629472188,0.3185714785,0.3520270692,-1.335733414,1.128116608,1.268617511,0.1927718222,0
0.1207437847,-0.06374820653,0.06959197596,-0.48576352,-0.2430537343,-1.520598888,1.769391179,0
0.2603045465,-0.2081393509,0.1870319794,2.46709609,2.009960651,0.1368016601,1.138426304,0
0.1537657673,0.1504542265,0.2875344972,0.7745105028,0.4385357499,-0.5325720906,0.7353157997,0
-0.04983318357,0.2721886005,0.3632557956,1.752067447,-0.3361748457,1.267142534,-0.8488088846,0
0.1976292956,0.2829604983,0.25148114,0.9610734582,-0.7395769954,0.6252274513,0.9810706377,0
0.1775017642,0.3084791309,0.242590796,1.048651338,-1.071883082,1.102145076,0.9684613347,0
-0.1671954974,0.2747483418,0.2705079032,2.117289066,-0.5001682639,1.149358153,-1.006762028,0
-0.1049259381,-0.08829044974,0.4054987594,-2.442661524,0.6254388094,0.306994319,-0.4978813231,0
-0.1455478199,0.1189178193,0.1581229294,2.4565413,0.3602800071,-1.19144392,1.196231723,0
-0.2781030151,0.2145759508,0.2380442736,2.484428883,-0.6841102839,0.5242151618,0.8708533645,0
-0.2067485804,0.3165865083,0.03488022344,2.149316072,-1.027510405,0.5498571992,0.09491167963,0
-0.09021546065,0.2551697879,0.06925182094,1.910630584,-0.206387341,-0.5330862999,0.2477419972,0
-0.1267442155,-0.1848990252,0.04276254692,-2.171695471,-0.1646006405,-0.9159181118,0.6437083483,0
0.1528639289,0.3652813217,0.09806643778,-1.967134237,1.914371133,1.423045874,-0.6760796905,0
0.167455564,0.1181571389,0.1484055909,0.6151631474,0.3889575601,-0.4245865941,-0.8396064639,0
0.2165435101,0.3508163605,0.08694970699,-2.12380743,1.850124598,1.238469601,0.1404886842,0
-0.229107768,-0.0001958800516,0.3470728466,0.0008525353624,1.235680342,1.440777421,-1.463609934,0
-0.3568960289,-0.1386859201,0.2319125368,-2.770960808,-0.8200144768,0.9035145044,0.3012912571,0
0.2765519811,-0.1915711185,0.3387028717,-0.6058183908,-0.6835321784,1.174179554,0.1907297075,0
-0.2732654802,-0.06372801764,0.4031295506,0.2291141748,1.007730484,1.202003479,0.176907748,0
0.0192333549,0.2409470869,0.4041726888,1.491304398,-0.2498986572,1.325517774,-0.7830418944,0
0.2580545538,-0.1895294817,0.1378114991,-0.6334755421,-0.2760816813,-0.06434025615,0.01797474921,0
-0.04144645447,-0.3903693797,0.07987644521,-1.676567078,-1.219399333,0.7729065418,0.6784356236,0
-0.2631909809,0.04999729551,0.1986842284,-0.1877531111,1.019477129,1.415684938,1.909081817,0
-0.1030114921,-0.1728314827,0.1350199749,-2.108823538,-0.3815308511,0.5005565882,-2.02075386,0
-0.1971059487,0.09652212167,0.1494050608,2.686220407,0.355822444,-0.9663633108,0.6419341564,0
-0.1914202623,0.04071067191,0.4421736142,2.93203783,-0.05220643431,0.7093161941,0.6004404426,0
0.08556345853,-0.3664110089,0.04573856086,-1.341594458,-1.116031408,1.016599774,-0.6767232418,0
-0.04209602028,0.1061542962,0.3935367758,1.948464274,0.2711347044,0.01806018688,1.556851864,0
0.06229981988,0.1563205729,0.07383292418,1.191719651,0.4928895235,-1.339382172,0.4856591523,0
0.06062959753,0.09086269872,0.3202445089,0.9823985696,0.703499496,0.362627238,-1.493873835,0
0.06045979355,0.1516410968,0.1092414223,1.191407561,0.6583220363,-0.8401882648,-0.7346267104,0
0.3070579276,0.1492758301,0.1991280122,0.4525114298,-0.4715082645,0.7041155696,-0.7171154618,0
0.3101851584,0.07942163704,0.275312904,0.2506608665,-0.4268265069,0.3114799559,0.8992859721,0
0.1635213465,0.227267789,0.03322137979,0.9471116066,-0.4235177934,-0.4090860486,0.225576058,0
0.06772186257,-0.06244573619,0.4092747794,-0.7448871136,0.5033407807,-0.09047330171,1.2778126,0
-0.1941610514,0.31114484,0.1201862389,2.128866434,-0.8473719358,0.9539522529,-0.806208849,0
-0.3839499238,0.1383206523,0.1258629321,2.795809746,-1.276453495,1.456148148,-0.3669050932,0
-0.2615488557,-0.01614164794,0.3507753666,-3.079955816,-0.02271750942,0.7337146401,-0.6602409482,0
0.3302637118,-0.0930587688,0.0833897771,-0.2746151686,-0.630277276,0.3607647717,-0.4321710765,0
0.07195616176,-0.285764002,0.1231038078,-1.323925614,-0.5675883293,-0.3434298038,1.364929199,0
0.2143198087,0.08120379579,0.3292945825,0.3619739711,0.2306830287,0.4491225183,-0.8149802089,0
0.05952713893,-0.146596678,0.4610405102,-1.185077071,0.04817828536,0.7137711048,0.6134623885,0
0.2479674701,0.09649825939,0.2487512916,0.3711135387,-0.2969281673,-0.1619077921,1.504600048,0
0.07894010002,0.1087692048,0.221352097,-2.1984272,2.132305384,0.1304115802,-1.830924153,0
-0.3477565124,0.1494629363,0.150876623,2.735594988,-0.6988543272,0.5203809142,0.07962790877,0
-0.2691823523,-0.2762862725,0.03780109678,-2.343177557,-1.170393467,0.6204943657,0.470678091,0
0.317422263,0.1527091281,0.2364751743,-2.693185329,1.550147295,1.531181455,-1.017397642,0
0.0748996919,-0.01864811775,0.3646205078,-0.2464258373,-0.5434044003,1.51738739,1.955088258,0
0.1499564297,-0.3115689887,0.3264696159,-1.122224689,-0.7275142074,1.219633341,0.1031024307,0
0.2715951045,-0.1251446557,0.07143981789,-0.4317211807,-0.4974047244,-0.4021887183,0.797201097,0
0.0657430668,-0.05536961423,0.3142133223,-0.6999563575,0.6379715204,-0.7745279074,1.835726738,0
0.1101818313,0.1677654277,0.06665054485,0.9897275567,-0.5032769442,-1.045164704,1.729737282,0
0.2881866527,0.04409447219,0.2543623469,0.1518267244,-0.02942110039,-0.138755545,0.571534276,0
-0.01738208722,0.4006948096,0.1319609375,1.614148736,-1.043086529,0.8478446007,0.3290131688,0
-0.1778080794,-0.1704017721,0.1009891009,-2.377457619,0.06029714644,-0.7613586187,0.3837434649,0
-0.3686902507,-0.04478803691,0.2478261968,0.1208864599,1.598736167,0.8400283456,0.5269771218,0
-0.3117608676,-0.1115253684,0.1150531674,-2.798017263,-0.5718298554,-0.1157322675,0.8241648674,0
0.01559630497,-0.04175971932,0.1388545683,1.930620193,-0.5473123193,-1.435467482,-2.011431456,0
0.09239702337,-0.2597166175,0.1641404063,-1.228999972,-0.324143976,0.5625277758,-1.346410394,0
-0.1735505296,-0.1426000129,0.1294333432,-2.453814507,-0.3535861075,-0.839799583,1.760525465,0
-0.3452430713,-0.2026071906,0.08012760596,-2.610894442,-1.109778523,0.8119470477,0.1882229298,0
0.1501937918,-0.2658773879,0.3479592181,-1.056586623,-0.4246190786,0.7057359219,0.6167046428,0
0.1332358671,0.1687078889,0.1837589605,0.9025925994,-0.308493793,0.7454988956,-1.999263167,0
0.3198097197,0.02100901522,0.3612940742,0.06559801847,-0.6431708336,1.234345436,0.1416846812,0
-0.05214071929,-0.1856617221,0.07289734933,-1.844583273,-0.1335082501,-1.193674564,1.296221495,0
0.00671240697,0.04732306498,0.1155208501,1.429888606,0.5840872526,-0.7200558186,-2.001965523,0
0.1134678792,-0.09356324205,0.2893250579,-0.689535141,0.8117299676,-0.105163537,-0.9960226417,0
-0.1710449642,0.1192456261,0.3227786841,2.53210783,-0.05243568122,-0.09645665437,1.58810997,0
-0.01602775345,-0.07238596353,0.4027501649,-1.788702607,0.6387583613,0.7667118311,-1.27338779,0
0.1277489675,0.1611069763,0.2612400855,0.900402844,0.6538558006,-0.6193183661,0.2341815084,0
-0.322304059,0.1077484341,0.3080861981,-0.3226272762,1.081760883,1.319348454,0.655810833,0
-0.04879308497,-0.2406268247,0.2673136216,-1.770858765,-1.262533903,1.570796371,1.722439051,0
0.02059889876,0.3520111216,0.1758489932,1.512371659,-1.065379262,0.7054736614,1.276958108,0
0.02460438388,-0.2886946208,0.09778926277,-1.485775948,-0.5064382553,0.4539918602,-1.168548107,0
-0.2678527273,0.290810293,0.07562829759,2.315124035,-1.134129763,0.7254279256,0.4426299632,0
-0.01364086559,-0.3332204669,0.2385616428,-1.611908197,-0.2775770128,0.4176183939,-0.2433732301,0
-0.348984562,0.1691248852,0.1281234521,-0.4512678981,1.985167146,0.655452013,0.679503262,0
-0.1424398212,0.2648666768,0.3640632438,2.064216852,-0.3953703642,1.144968152,-0.4363653958,0
-0.2420501089,-0.184238672,0.2752639498,-2.491160631,-0.208912015,0.07869360596,0.7636145353,0
-0.09737903429,0.2163492017,0.1924565315,-1.148238182,2.151849747,0.6994900703,-1.738889456,0
0.2060325218,-0.08708524881,0.08908937369,-0.3999058306,0.2035463005,-0.805605948,0.0243554581,0
-0.06740471302,-0.04939823565,0.2275955802,-2.508294344,0.6664094925,-1.368106842,2.051691055,0
-0.2081192827,-0.2798887243,0.09717197248,-2.210165739,-0.6087117791,0.08241715282,0.3354050517,0
-0.228622956,-0.1738088788,0.2083584788,0.6500245333,1.288727283,0.9099009037,1.869965076,0
-0.1750281633,0.2839644157,0.05044225797,2.123175859,-0.829775095,0.6474983692,-0.8732092977,0
0.0334600166,-0.2614820685,0.3662171607,-1.44352448,-0.02976012602,0.3500974774,0.4465339184,0
0.1341188712,-0.1740026033,0.3931911993,-0.9141239524,0.00431343168,0.3152464926,0.8797186613,0
-0.1824831201,0.05692871761,0.08418759624,2.839783669,0.3657583594,-1.170932174,0.4586009085,0
0.1945306058,0.1093674677,0.4012476241,0.5121708512,-0.1376517415,0.5152711868,0.9416629076,0
-0.2128588405,-0.117446485,0.1588952683,-2.637402296,-0.2531556487,-0.7022143602,1.571755886,0
0.1613995437,0.3291892668,0.04347703729,1.114955425,-0.937468946,0.3199269176,0.3917244375,0
0.1306940299,-0.1671587277,0.3602573073,-0.9072169662,0.08541578799,0.009084383026,1.141364813,0
0.0362350733,0.06136549309,0.2040611967,1.037423849,1.870623708,-0.9656329155,-0.9901744127,0
0.23088946,-0.006671661265,0.03929173705,-0.02888746373,-1.074573755,0.9734043479,-2.094395161,0
-0.168141287,-0.1692298853,0.176426059,-2.35301137,0.1123938709,0.02476287819,-1.052123427,0
-0.2737392848,0.1674789119,0.04904382284,-0.5491711497,1.535667419,1.452278376,1.516474724,0
-0.01508169441,-0.1716205974,0.1228659432,-1.658085942,0.4633673728,-1.359804392,1.026051164,0
-0.1492797323,0.1953136538,0.05785266715,2.223434448,-0.9046558142,-0.5118609071,1.913539171,0
0.209324926,-0.3130292537,0.1415594639,-0.9813619852,-1.037820697,0.6342194676,0.9378039241,0
-0.02652236788,-0.08456774862,0.05865575929,-1.874788284,0.4930312634,-0.9200088382,-1.299709797,0
-0.2568318433,-0.06444091315,0.3868676734,-2.895760298,-0.08567940444,0.6206195354,0.1199099123,0
0.0614467178,0.2214021405,0.3350494443,1.300075293,0.08598645031,0.7483522892,-1.080761552,0
0.06440358393,0.2868594079,0.359958523,1.350013614,-0.4729543924,1.38568759,-0.7479774952,0
-0.3041745463,-0.05032929015,0.07652363612,0.1639760584,2.181661606,0.1419764906,1.707040071,0
-0.03658240077,0.1694370167,0.303273017,1.783432364,0.2461822331,0.6887828708,-1.617351294,0
-0.2544686565,-0.1530879265,0.3768576482,0.5415940285,1.156487703,0.9851663113,0.4319280982,0
0.19929366,0.02648708827,0.3368581096,0.1321301609,0.3640179336,0.4030333459,-0.9104636908,0
0.001423852341,-0.1752603965,0.29869502,-1.56336081,-1.009438157,1.570796371,2.020962715,0
-0.260222388,-0.01744868244,0.1113711776,-3.074801922,0.02148683742,-0.6264147758,0.2746246457,0
0.2133780577,-0.04243759906,0.2921972243,-0.1962486804,-0.1114777178,1.049454689,-1.688581347,0
0.08325510108,0.321745999,0.02707720298,1.317593932,-1.125326276,0.1384574026,1.218842387,0
0.3052783873,0.110841019,0.1726835502,-2.793285608,2.073292494,1.012518525,-1.250086784,0
0.004973684889,0.3659516348,0.2347554402,-1.584385872,1.721365452,0.6476845145,0.6369023919,0
-0.3233346441,-0.1951749402,0.0227801955,-2.598466873,-1.070459843,0.6240540147,-0.04578728974,0
-0.1276105383,-0.004280989881,0.3068558458,0.031506598,1.589850903,0.5591107607,-1.719093919,0
0.1097095625,-0.02970687831,0.4803532354,-0.264433831,0.263461113,0.9541205168,-0.3196489215,0
-0.04697903312,-0.270811279,0.3814380243,-1.742562532,-0.3124139905,0.7081602216,0.6229297519,0
0.3817374084,-0.09551205344,0.1957013594,-0.2451702654,-0.9508693218,0.9333660007,0.3669340909,0
0.101044172,-0.1165061129,0.2060585985,-0.8560118675,0.2095733583,-1.122212768,1.927645445,0
-0.1130072422,0.1872938495,0.2555705342,2.113682985,-1.240682721,1.568887949,1.989706397,0
0.08183154334,-0.04187151268,0.3543433608,2.668665648,0.06211238727,1.570796371,1.970742822,0
0.0967998189,0.1292536323,0.2692449782,0.9280012846,0.1120002791,-0.6352694035,2.000562906,0
0.3492576381,-0.1417620622,0.03055985998,2.756016493,1.862725377,1.132409811,0.9528750181,0
-0.3177760358,0.1632054532,0.05287405771,-0.474457562,2.181661606,0.4618866146,1.164506078,0
0.08583045124,-0.01211541615,0.3362621442,3.001485109,1.282219529,0.7269996405,-1.794582963,0
-0.2993415841,-0.1176957373,0.1766857303,-2.766977549,-1.396749139,1.202138543,1.569544196,0
0.08997826855,0.09344610403,0.3942681494,0.8043040633,0.7289754748,0.1605428755,-0.4551243782,0
-0.3141545638,0.1183368766,0.2997639572,2.781337261,-0.6050958037,0.7131397724,0.7277774215,0
-0.05192773076,-0.2805196879,0.1714025778,1.387755752,1.994556904,-0.1000509858,1.733545661,0
0.2811143624,0.2488490392,0.1033522628,0.7245787382,-0.8269125819,0.7272878885,-0.4401347637,0
0.05073682613,-0.1769186906,0.3775058249,-1.291514993,-0.2948742509,0.5915644765,1.611160159,0
-0.1320601573,0.2144950481,0.1203782887,2.122669458,-0.4715496302,0.5794083476,-1.638594747,0
0.08948236183,-0.148611971,0.05219351926,-1.028785467,-0.6625443101,-1.157836437,1.964668274,0
-0.04294541418,0.3646063948,0.08744565881,1.688041806,-0.7731593251,0.286996007,0.3154684603,0
-0.01910974043,-0.3578817184,0.2521649894,-1.624136806,-0.5653960109,0.5718606114,0.4318647683,0
0.1227645331,0.06103302487,0.325651519,0.4612524211,0.5957483649,0.38519153,-1.351072311,0
0.3671922238,-0.117641021,0.1038797136,-0.3100471199,-1.034667253,0.5807249546,0.6868641376,0
-0.03052551534,0.2540237813,0.1572077794,1.690368056,-0.1714924723,-0.6781707406,1.289429426,0
-0.2996833923,-0.1483606709,0.3173091273,0.459687084,1.276239395,1.506185055,-0.6665553451,0
-0.2337706246,-0.2871762181,0.07359005322,0.8874826431,2.101536274,1.361747742,-1.029675603,0
-0.1480062174,-0.1393702337,0.3237490233,0.7553687692,1.617263198,-0.2709181607,1.382305622,0
0.2131351614,0.1077099156,0.3630496541,0.4679537416,-0.8985981941,1.466584444,1.208113432,0
-0.04869460102,-0.2979662514,0.03736189352,-1.73289001,-0.972599566,0.9038449526,-1.402978659,0
-0.07195826849,-0.338258187,0.03650457643,1.361219764,2.174164534,1.514618635,-1.324059486,0
-0.06518251152,0.1990383879,0.3137966035,1.887278557,0.4508573115,0.1214963496,-0.6742946506,0
-0.06570839123,-0.2707598094,0.1274731653,-1.809561849,-0.1813708544,0.07624538243,-0.8197926283,0
0.03354928996,-0.3099952399,0.05841825602,-1.46299088,-0.6595615745,0.4265592694,-0.881195426,0
-0.1241321769,0.3248495647,0.2065285414,1.935800314,-0.4921792746,0.7268918753,-0.6301178932,0
-0.3295349201,-0.1850422816,0.1487077596,-2.629943848,-0.7323967814,0.4570643306,0.3307571411,0
0.01438627509,-0.3741469061,0.2632820571,-1.532364368,-0.7925701141,1.00802803,0.2379406989,0
0.1059797054,0.2724252546,0.09405890311,1.199788332,-0.6449469924,-0.374550879,1.359945059,0
0.03368341194,-0.2340240384,0.1877354234,-1.427753568,0.2712560892,-0.1795047373,-0.7612240314,0
0.3844963682,-0.1071585418,0.09949517016,-0.2718006372,-1.105411291,0.7857251763,0.4120716155,0
0.1143548412,-0.2439542853,0.2379982875,-1.132454276,-0.04779589176,-0.3671161234,1.056753874,0
-0.06473191144,0.06806732062,0.2812758117,-0.8104970455,1.754349351,-1.063370824,1.688554049,0
0.1541221359,-0.2651502075,0.05655371206,2.097325087,2.181661606,0.2379949093,1.750045061,0
-0.04955622852,0.1885792805,0.05726153498,1.827804685,-0.5205632448,-1.080570698,1.710304499,0
0.132585643,0.01081694137,0.4664522588,0.08144178241,0.01059579663,1.435624361,-0.8148317933,0
0.1485151769,-0.2648948582,0.1797810147,-1.059805751,-1.473523259,1.351855397,1.673955202,0
-0.01555043919,0.03672962115,0.3513021201,1.970813632,1.306515336,-0.1343299001,-0.811455071,0
-0.1287882989,0.240841148,0.3731460204,-1.079719543,1.241263866,0.6536235809,0.7931836247,0
0.1020023048,0.1214971078,0.454503799,-2.269129753,0.4009194672,1.378815532,0.8221567273,0
0.09626793488,0.2262422718,0.2133787088,1.168099999,0.05344347656,-0.6304488778,1.173949003,0
0.1910826064,-0.1098012198,0.04359064692,-0.5215520859,-0.2726551592,-0.9687035084,0.9712428451,0
-0.07733461452,-0.2135971747,0.4173097324,-1.918172717,-0.1173053831,0.6375827789,0.6373764873,0
-0.05395610257,-0.06061942577,0.2956181607,0.8434892297,1.326703548,-0.806773901,2.094395161,0
0.08480513389,0.3220040478,0.2636661946,1.313315392,-0.2872031927,0.5050014853,-0.2009133697,0
0.127000485,-0.1713927136,0.2990672007,-0.9330359697,0.07255148888,0.7734022141,-1.46501255,0
-0.1993844143,0.06358262404,0.2176018471,2.833159447,0.5081142783,-0.272361964,-0.7572000027,0
-0.0399129344,-0.3259722709,0.2740952529,1.448828936,1.790815949,0.8590513468,-0.6640901566,0
-0.3132930344,-0.006196227765,0.1323755986,-3.121889591,-0.4224915802,-0.2722093761,0.8776005507,0
0.1064081557,-0.144369348,0.05221737615,-0.9356924295,0.3123215437,-1.030003905,-0.108691968,0
0.2157929021,0.2839490229,0.2593868097,0.9209443927,-0.6531195641,0.6522937417,0.6217123866,0
-0.035780793,0.01364705472,0.2880895152,2.777748346,0.8735911846,-1.034541965,2.040905952,0
0.258394349,-0.2397890042,0.2031872007,-0.747988224,-0.6604625583,1.044935942,-0.884853065,0
-0.2633714221,0.01167993091,0.1207938635,3.097255468,-1.744820476,1.505614519,2.05102706,0
0.06549962961,0.3002296216,0.3230928597,-1.785595655,1.217339396,0.8444951773,1.02394557,0
0.0007509155239,0.1642880994,0.4715800564,-1.575367451,0.6134141088,1.570796371,-0.5077107549,0
-0.3747958988,0.1331951214,0.205247759,2.800132751,-1.065795422,1.382604241,-0.2400122583,0
-0.08813094517,-0.171650303,0.1903480522,-2.045125723,-0.2185647041,-0.7862786651,2.094395161,0
-0.1416218396,0.1587966774,0.17829805,-0.8431634903,2.176638365,-0.7389778495,1.955889821,0
0.1725536876,0.05275723036,0.2332930843,0.2967277169,0.8942398429,-0.7926889658,-0.01818187535,0
-0.2878813607,0.243933979,0.1854126261,2.438628912,-0.7250986695,0.5362796783,0.4477002025,0
-0.01740006547,0.03934743626,0.3634286125,-1.154576659,1.168601155,-0.5645139217,1.548734665,0
0.138929095,-0.2145975666,0.2355693177,-0.9964753389,0.2923777103,-0.4204162061,0.2704241276,0
-0.1893912938,-0.2334200002,0.3447767319,0.8889748454,1.585633516,0.5992571115,0.05371744931,0
-0.03560388139,0.2287567946,0.4310056978,-1.416394234,0.9506299496,0.9512294531,0.4973430634,0
0.07910693188,-0.2579965445,0.2419173423,1.868256807,2.083563328,0.5731620789,-1.150507212,0
0.05407346487,-0.3134376638,0.3169426306,-1.399960399,-0.3163091242,0.5012663603,0.4176897109,0
-0.05638684797,-0.09737573457,0.2811146457,1.045938611,1.520260811,0.6045001745,-2.047493219,0
-0.21059729,-0.02929122037,0.07669122041,-3.003392935,-0.7773573995,-0.766731739,2.094395161,0
-0.08855973744,-0.3066264277,0.04457109365,-1.851964831,-0.9612714648,0.9073850513,-1.253260374,0
0.06086190717,-0.247083002,0.2752954307,1.8124336,1.49615562,0.1464114338,1.725292325,0
0.1082025676,-0.04244901395,0.2565695738,-0.3738605976,0.4399846792,0.3956065476,-2.009942055,0
-0.1774585701,-0.3290811269,0.04967011035,-2.065290451,-1.014296293,0.8241893053,-0.525408864,0
-0.144197357,0.07707954707,0.2565865429,-0.4911225438,1.737649918,-0.7198134661,1.996316671,0
-0.09753437174,-0.3492594179,0.2811418536,1.298473477,1.502425432,1.214160085,-0.3568765223,0
-0.2254628928,-0.08122764426,0.2909002715,-2.795539379,-0.02448582649,-0.2487670332,1.335113764,0
0.01514141773,0.04287004024,0.3364932418,1.232215047,0.9297482967,0.4301868379,-1.611308575,0
0.276373179,-0.001092745386,0.1279474685,-0.003953950945,-0.2621646821,0.2397807837,-1.046028495,0
-0.1680138547,0.09345651924,0.06940634603,2.6339674,0.2784331441,-1.135762572,0.4040509164,0
0.1356789836,-0.005745267505,0.3220455566,-0.04255355522,0.6611370444,-0.7073520422,1.270730376,0
-0.2772891315,0.03553780387,0.05224536319,3.014294386,-0.7595611215,0.6259739995,-1.396738648,0
0.130139757,-0.05853400854,0.3242045195,-0.4226853549,0.4650986791,-0.5883849263,1.512825131,0
0.0009124321957,-0.2736562811,0.3475513179,1.574129581,1.676036239,0.3016248643,0.2753586769,0
0.1933834692,-0.08730876475,0.2524772438,-0.424082458,-0.2428046763,-0.3092466593,1.982085347,0
-0.2407996323,0.03972995939,0.3220236334,-0.1633288562,0.6497557759,1.440762401,1.485049248,0
-0.3259350058,-0.208784106,0.06811670895,0.5697154999,2.067610025,0.7276220918,0.7721561193,0
0.2409109138,-0.06977456982,0.2469236775,2.858788967,1.988874435,0.6908408403,-1.401848435,0
0.1372950208,0.155147168,0.4143359845,0.8463729024,0.2016325742,0.4030614495,0.2084953487,0
-0.05547041327,0.1034016266,0.3987910919,2.062866926,0.7107860446,0.3187994063,-0.6924637556,0
-0.1151558603,0.2318586323,0.03310669944,2.031770945,-0.6511083841,0.3233304024,-1.240536213,0
0.1771810506,-0.2749108091,0.3389854684,-0.9982947111,-0.7421824932,1.570796371,-0.5291877389,0
0.1357217273,-0.1825671375,0.1842517385,-0.9317576289,-0.1371484101,0.4847990274,-1.642414093,0
-0.4070553612,-0.03901799432,0.1339148406,0.09556280077,1.760794401,1.372004509,-0.286426276,0
-0.1970427684,0.2590936598,0.2561100616,2.221204281,-0.6943385005,0.514130652,1.205981851,0
-0.1106564934,-0.004578886616,0.1558754245,-3.096471786,0.984120369,-0.6643650532,-1.352898598,0
0.1956707362,0.1006314014,0.260123365,0.47472018,0.5556607842,-0.5119619966,0.1482152939,0
-0.003885494272,-0.1680754548,0.1021954291,-1.594030976,0.2177361995,-1.388188839,1.270262718,0
-0.1746919108,-0.1932949922,0.3776873189,-2.305671453,-0.1850112826,1.085528016,-0.7421494126,0
-0.1073704745,-0.01551447211,0.368238824,0.1436452866,0.9787403345,-0.03331520036,1.858586907,0
-0.03281326918,-0.2348768789,0.2826362902,-1.709602594,0.3098653853,0.1227413416,-0.6737402081,0
-0.1178876076,-0.05203456055,0.4013129319,-2.725904703,0.693793118,-0.1552123129,0.4837936461,0
-0.1196757601,-0.3200088359,0.3218714706,1.212924719,1.412034988,0.9549643397,0.2063145638,0
0.1466325417,-0.1526048362,0.2423749262,-0.8052719831,0.3018697202,-0.7576509118,1.188306451,0
-0.1132721347,0.2045560083,0.4287818129,2.076523542,-0.2953104973,1.381644011,-0.5278936625,0
0.2624581641,-0.1669748097,0.2628313709,-0.5665505528,-0.2967002392,0.1032117084,0.8636493683,0
0.07218158812,0.1875382387,0.1618700963,1.203372121,0.6561654806,-0.838944912,-0.1376928091,0
-0.1219800031,0.1679677656,0.3896421355,2.198897123,-0.2455783188,1.570796371,-1.305675149,0
0.233556071,0.2935864292,0.1001660369,0.8987662196,-1.037862062,1.184434891,-0.875728488,0
-0.2405989172,-0.1821269405,0.2230890512,-2.493646622,-0.5762346983,0.1139962226,1.463792443,0
-0.2337677472,0.1713424434,0.2874272279,-0.6325433254,1.946319222,0.4835976064,-0.595433414,0
0.3240278642,0.05027883517,0.247657748,0.1539437622,-0.4582452774,0.9563606381,-0.9114898443,0
0.06398437888,-0.1425922412,0.2482723424,-1.149918675,0.419998467,0.2527798116,-1.64952755,0
-0.1336894762,0.04090686826,0.1288525544,2.844657183,-0.01866952702,-1.458891153,1.975561619,0
-0.1482878432,-0.2740031547,0.140601669,-2.066246986,-0.2287484705,-0.2265636772,0.2935453355,0
-0.1865193773,0.2938026509,0.1235272831,2.136445761,-0.5084552765,0.1348159611,0.1312090456,0
-0.02567861779,-0.0530112792,0.3023478683,1.116136789,1.695925355,-1.071137309,1.431310654,0
-0.1696460511,-0.2447204664,0.3548342534,0.9646030664,1.34987855,0.6744108796,0.6302843094,0
-0.2066519961,-0.3271410737,0.08465896561,1.007399321,1.699430585,1.191624641,0.8805594444,0
-0.06334573907,0.2792892694,0.3403677556,1.793831706,-0.1576269567,0.3454030752,0.5781924129,0
-0.1994856643,0.01595004979,0.09447258707,3.061833382,0.3831984699,-1.074574351,0.3163681924,0
0.2286659563,-0.1674203007,0.1813262328,-0.6319460273,-0.2474478483,0.4942874908,-1.165609956,0
-0.02608838742,-0.005670689534,0.3321704945,0.2189568132,1.696563959,-0.259329468,-0.8494102955,0
-0.1121232365,-0.3929916852,0.1320441842,-1.848719358,-1.186546683,1.091669917,0.2581225336,0
-0.2161426633,-0.1226674359,0.4312587334,0.5162020922,0.8857334852,1.250035524,0.1274219453,0
0.159168306,0.2814206163,0.1651627938,-2.085529089,1.994392276,0.1279175729,1.409631014,0
-0.02751126145,0.1836544636,0.2787157487,1.719489932,0.6305209398,-0.1024791002,-0.8165004849,0
-0.2866888661,0.0708227333,0.2042132285,-0.2421232164,1.981945515,-0.09503588825,1.443720222,0
0.05069466962,-0.3130866261,0.04872014454,-1.410232902,-0.5863848925,-0.1830569804,0.3977620602,0
-0.3554183313,-0.1583278049,0.2226228749,0.419079423,1.600619793,1.028946042,0.3306589425,0
-0.1395967408,0.1511243649,0.3088559754,2.316565752,0.1562903225,-0.3672854304,1.385075688,0
-0.3701631104,0.02571449937,0.1981016408,3.072288752,-0.6196824312,0.4918247461,0.3095469177,0
-0.1479004652,0.3631773336,0.1150987089,1.95752883,-1.093822718,1.248660445,-0.6499708295,0
-0.06534740085,-0.2781554569,0.2407007615,1.339918971,2.033230066,0.6798676848,-1.11900878,0
0.2119642739,0.01811355281,0.1356452519,0.08526033908,-0.2784956396,0.3891120553,-1.788713694,0
-0.1379138041,-0.3378375218,0.1559415431,-1.958311558,-0.6777973175,0.7781318426,-0.606375277,0
0.2561458398,-0.2781027275,0.1640220479,2.315193415,1.811378956,0.6917591095,0.8840323687,0
0.3654126014,0.02052553527,0.115698331,0.0561680086,-0.8824839592,0.3227022886,0.8639060855,0
-0.06913399738,0.3852539526,0.1254766858,1.748366117,-1.076022029,0.7327693105,0.6751087904,0
0.361873745,0.09150212017,0.1930795702,-2.893926144,1.395630479,1.206406355,0.9243859053,0
0.1293566041,-0.2265657668,0.2497619473,-1.052021265,-0.09222004563,0.6396007538,-1.255665898,0
-0.1962058575,0.2124407174,0.200123414,2.316498995,-1.445780277,1.430480838,1.713875532,0
0.08884410927,-0.177370896,0.2697972046,-1.106433272,-0.2676462829,-0.1574326456,2.094395161,0
0.1182575386,0.3733317397,0.07535815318,1.264023304,-1.034944773,0.6381149292,0.2913717031,0
-0.09895140933,0.1546490703,0.1501206827,2.14000082,0.7193514109,-0.7948462963,-0.4956521094,0
-0.1844576769,-0.3350272129,0.0824156769,1.067512751,2.097344637,0.6112444401,0.8078249097,0
-0.3176371069,-0.06364641322,0.05836246196,-2.94429636,-0.5499860048,0.001496873796,-0.05213697255,0
-0.09506645318,-0.3051272694,0.2584523239,-1.872827411,-0.3378961384,0.1600944251,0.8012571335,0
0.1324152649,0.2598487543,0.2640821254,1.099486232,0.04273285344,0.05816360563,-0.03392042592,0
-0.1611304529,-0.1278409216,0.358288889,0.6706992984,1.423108459,0.9663143158,-1.252208829,0
0.2023823792,-0.1150175064,0.2634223354,-0.515969336,0.1094034761,0.4765838385,-1.253839612,0
-0.1330617168,0.2393256263,0.401852444,2.078224182,-0.3650075793,0.9727261662,0.3103105128,0
-0.2721079266,-0.2652641942,0.1174234071,0.7726631165,2.048769712,0.547616303,0.8014732599,0
0.06848581894,-0.1499613843,0.06038617233,-1.142297745,0.3426172435,-1.367692709,0.65349406,0
-0.1804539683,0.3152710501,0.2583976733,2.090666771,-0.5921940804,0.6975717545,0.26130566,0
0.177679934,-0.1933994913,0.07047590917,-0.8276464343,-0.6163991094,0.5012088418,-1.454753995,0
-0.1694153052,-0.07619834958,0.1529090184,-2.718926907,0.5655483007,-0.5535691977,-0.832970798,0
-0.08045413603,0.1367712156,0.1714353052,2.102537632,0.7549402118,-0.5521364808,-1.026496887,0
-0.2867032933,-0.2161497776,0.1713684015,-2.495590687,-0.5896846652,0.6962251663,-0.5569809675,0
-0.2215459967,-0.2898647838,0.02626215835,-2.223391771,-0.9834894538,0.3467805088,0.3280537128,0
-0.06610049352,-0.3714616305,0.110622277,-1.746903539,-0.7674588561,0.4742680788,0.06158846617,0
-0.09201009504,0.05811703772,0.1903386524,2.578234196,0.371320188,-1.440278172,2.094395161,0
0.1288776138,0.2386681244,0.1720545195,1.075691342,-0.03143016249,-0.5696191788,0.8388001919,0
0.130931022,0.0807239262,0.0225897962,0.555262506,-0.7668414116,0.1232674569,-1.894982338,0
0.07452543894,0.2772327142,0.2882127824,1.308185577,-0.1610724628,0.02255274169,0.9177513123,0
-0.08995646901,0.352892079,0.1674125834,1.820338011,-0.7403706312,0.3519474268,0.790989995,0
-0.188571416,-0.05304204868,0.4428606134,0.2741511762,0.875048697,0.8371090889,0.7180535197,0
0.09189572962,-0.2223665823,0.07200544959,-1.178909421,-0.3297138214,0.0656542927,-1.175329447,0
0.2766551285,0.2469452721,0.2423569349,-2.41286993,1.642441273,0.7806715369,0.5552020073,0
0.1087573651,-0.08522124432,0.232544677,-0.6646308303,0.461674273,-1.136396646,1.780161023,0
-0.267509789,-0.03103989868,0.2575181511,-3.025928736,-0.1235715672,0.6860101819,-1.190661669,0
0.377207443,0.1434363685,0.1771799346,0.3633730412,-1.151368856,1.196968794,0.2810337245,0
0.1493399565,0.3368157496,0.2464897898,1.153454781,-0.7073549628,0.7299838066,0.4805325866,0
0.1164597405,0.2036841679,0.2152159955,1.051399231,0.06994314492,0.3146297932,-1.293156385,0
-0.1192813294,-0.03284895474,0.1364898317,-2.872863293,0.01305103302,-0.09075853974,-2.094395161,0
0.286114285,0.2972990814,0.08468432991,-2.337025404,1.777061939,1.469914556,-0.1392307431,0
-0.2285754771,-0.03503714769,0.3444468079,-2.989401102,-0.1615827382,0.179723978,1.362585545,0
-0.1714490655,-0.03381645866,0.1301455941,-2.946819305,-0.1957105249,-1.189690828,1.951133013,0
-0.08308546354,-0.09813612561,0.3954226009,-2.273338079,0.741628468,-0.1941939592,0.4093043804,0
0.163463604,0.02585153879,0.4544937967,0.1568494886,0.04650888592,0.6645172834,0.6505708694,0
0.05166086504,-0.08048628322,0.3843362664,2.141195059,1.186233044,0.8253847361,-1.435204387,0
-0.07817892413,0.2874518344,0.3776599918,1.836346865,-0.381056726,1.027466297,-0.07733882219,0
0.0879664795,-0.0647070946,0.4036681176,-0.6341426373,0.655177474,0.4943074286,-0.8876211643,0
0.04241436239,0.173751461,0.1813870792,1.331291914,-0.01364262588,-1.039148927,1.925073981,0
0.06901025694,0.1888252064,0.2005610944,1.220406055,0.6115578413,-0.4748727679,-0.6145329475,0
-0.03097959968,-0.0640535979,0.1321687786,-2.021279573,0.3587499261,-0.4784497321,-2.094395161,0
-0.1169906315,0.1106253067,0.3795600642,-0.7574446201,1.483049273,0.5833956003,-0.9844404459,0
0.09192573191,-0.2600933143,0.1490159775,-1.231093287,-0.2722222805,0.3855625391,-1.18998003,0
-0.388506148,0.09138841536,0.1835740712,-0.2310301363,1.700156093,1.027114272,0.3330826759,0
-0.3348196979,-0.02478491529,0.3171762893,-3.067671061,-0.513715744,1.084543705,-0.3901756108,0
-0.2524694548,0.2479570266,0.1136795044,-0.7763812542,1.917075396,1.570796371,-1.31775856,0
-0.1201483997,-0.005269000642,0.4700369417,0.04382943735,0.8108958006,0.633920908,0.6852203608,0
-0.03003502381,-0.3726786543,0.2254194671,1.490376949,1.602890968,1.409540892,-0.7106814981,0
0.01125922944,0.3432133837,0.1952004452,1.538015962,-0.3857603073,0.1524948627,0.3544303477,0
0.1139295649,0.2859676054,0.187636742,1.191586137,-0.1117351353,-0.1596561968,0.2327469289,0
0.1785952045,-0.04992890028,0.07479499622,-0.2726310194,-0.5290766358,0.2624243796,-1.919242144,0
-0.1013268177,0.08315179461,0.3478890589,-0.6872230768,1.786242962,0.07633814961,-0.8250302672,0
-0.1439181379,-0.02603389647,0.3783977422,-2.962641001,-0.7053906322,1.470164776,1.622166991,0
-0.01141928984,-0.1961952853,0.3533128337,-1.628933311,0.514197588,0.06944972277,-0.3130939007,0
0.2715206347,-0.08359096994,0.3980585203,-0.2986543179,-0.4391102791,1.229333997,-0.1402627528,0
-0.1897918019,0.2187967801,0.0932745593,-0.8562679887,1.338846803,1.521583796,1.810357451,0
0.1398078896,0.020571262,0.04865088294,0.1460909992,-0.7149600983,0.08946928382,-2.094395161,0
-0.1017378233,-0.2677421525,0.2401464367,-1.933359027,-0.11865554,-0.2344503254,0.9433148503,0
-0.2169352209,-0.2798524072,0.2904937997,0.9113755822,1.300136924,1.570796371,-0.6020379663,0
-0.004302743747,0.001536030567,0.4089463831,-0.4353286326,0.9681110978,-0.2840388417,1.180927157,0
0.06032601078,0.1760600689,0.09670963238,1.240683794,0.4734397233,-0.8310546875,-0.4820497632,0
-0.1167650186,-0.07241993383,0.4148888165,0.5551262498,1.442370653,0.2570775151,-0.2836295664,0
-0.1647197805,-0.2441842655,0.1192369804,-2.164167881,-0.1668582261,-0.3543675542,0.2196059227,0
-0.1579352802,0.1202831481,0.1716148432,2.490719795,-0.1901293695,0.4970407188,-1.950877547,0
-0.1482749581,-0.2692383799,0.2362853476,1.067252278,1.984542608,0.7911256552,-1.035772443,0
0.1782132308,0.1771419019,0.3593496143,0.7822105289,0.1314022243,0.2133976519,0.2602149844,0
0.1189803816,0.3903287591,0.139695831,-1.866670251,1.777651191,1.101908445,0.2682084739,0
0.1380163919,0.0724362613,0.2826086558,-2.658392668,1.666953683,0.6697500348,-1.850484967,0
-0.1075793131,0.0285451462,0.3122849758,2.881692171,1.194958448,-0.4908915758,-0.4192425013,0
-0.02080690811,-0.1257306109,0.300727677,-1.734797478,0.3975255489,0.6531359553,-1.855501413,0
-0.02129387488,0.2143014348,0.1663105599,1.669902802,0.5440493822,-0.8128436804,0.0588767603,0
0.09410787606,0.3639699278,0.1384736855,-1.823814631,1.801705718,1.557047367,-1.01762104,0
-0.04233631621,0.002903971996,0.4812408567,3.073107958,0.4548912048,0.5200067163,0.7004632354,0
-0.1069807554,0.3895465013,0.1448689305,1.838817596,-1.0481143,0.9490733147,0.2147513032,0
0.002915414826,-0.3220221565,0.3277090881,1.579856038,1.348189235,1.342599154,-0.6860395074,0
-0.03966880236,0.04976071771,0.05994074769,-0.8980077505,-1.253971577,-1.058600903,-1.405623674,0
-0.08408956774,-0.1827157279,0.2270811707,-2.002133846,0.6959367394,-0.808499217,0.3126761615,0
-0.2244328206,0.1398395964,0.08325768488,2.584346771,-0.3435831368,-0.6859900355,1.033649206,0
-0.1092273738,-0.01673843833,0.3843726304,0.1516729146,1.619519949,0.0408167094,-0.4900251627,0
0.1715574273,-0.199925263,0.05223739693,-0.8616128564,-0.656078577,0.4527274966,-1.372813582,0
-0.019121564,-0.2062199201,0.05555568203,-1.663224936,-0.3529348373,-0.008759059012,-1.364452958,0
-0.1893629286,-0.04262306433,0.2627105624,0.2219177336,1.807038188,-0.5791882873,1.776975989,0
0.2174660106,0.2204802677,0.1100114626,0.7922800183,-0.4411338568,-0.3204220533,0.8285568953,0
0.09208581701,0.1333259647,0.1799262384,0.9663582444,0.4512373507,-0.1727644056,-1.454056621,0
-0.1970108087,-0.143272632,0.4128983128,0.6287735701,1.254987001,0.8333755136,-0.1481456608,0
-0.230021788,0.01600797156,0.1672821721,3.072118998,0.04328180477,-0.8629867435,1.254167318,0
-0.1407975036,0.2899665337,0.3135706988,2.022829056,-0.3544897437,0.5289103389,0.4389861226,0
0.3027704239,0.2222182048,0.1550099776,0.6331228018,-0.6715264916,0.5880609155,-0.1455892622,0
-0.07134991475,0.3173463548,0.1285245194,1.791995525,-0.3386773169,-0.07920144498,0.157858327,0
-0.2621374389,-0.1343342826,0.1905171176,-2.668049574,-0.06852839887,-0.323074609,0.5333922505,0
0.0926958204,0.0376188821,0.1636998825,0.3855499923,1.506240368,-0.9735847116,-1.055361867,0
-0.160564301,-0.2202346287,0.3200027098,-2.200725555,0.1005335078,0.2496826351,-0.141700089,0
0.3746162058,-0.04518112063,0.185534482,-0.1200270951,-0.7354751229,0.9194377661,-0.4693019092,0
-0.1328609809,0.1792055649,0.2818978958,2.209001303,0.5103540421,-0.4009509683,0.1634064317,0
0.1912761322,0.1010746192,0.3002169877,0.4861952662,0.4932391644,-0.07594531775,-0.4250612557,0
-0.2525148947,-0.3245800554,0.1450911765,0.9096307755,1.678175807,1.31465888,0.06806959957,0
-0.2721502027,-0.01083554204,0.2087227358,-3.101801157,-1.254487395,1.145927548,1.94372642,0
-0.1004239097,-0.03853756943,0.4217555846,0.3662531078,1.039637327,1.001288414,-1.187120199,0
-0.1208635881,0.2835327223,0.06036055528,1.9735291,-0.4481515586,-0.1741127372,0.05395719409,0
-0.2277704651,0.05970722399,0.2094997627,2.885267019,0.1436997801,-0.7255139351,1.133420229,0
-0.002661076259,-0.1427198382,0.02797315177,1.552150607,-1.80609262,-1.177439451,-0.2399144322,0
-0.2169197534,-0.07670689985,0.2042363574,-2.801742554,0.2643744946,-0.7901313305,0.9469083548,0
0.1193050991,-0.1805142452,0.06801668321,-0.9868915677,-0.1693206429,-0.1810381114,-1.085418701,0
-0.2219338223,-0.2615191428,0.1851001122,-2.274437904,-0.6375849843,0.1914584637,1.005659938,0
0.1903613118,0.1106328172,0.1145311291,0.5264592171,-0.3643136621,0.3776737154,-1.728733182,0
-0.1122843332,0.2585375987,0.173868062,1.980522513,0.05367720872,-0.3722397387,0.1773478091,0
0.1383922085,0.1241566678,0.1422905367,0.7313331962,0.6182072163,-0.6993708014,-0.6448825002,0
-0.0826806253,-0.07870404563,0.3989824529,-2.380860806,0.5764466524,-0.2053266019,1.054988146,0
-0.2922591966,-0.09968101342,0.3634868341,-2.812894344,-0.5167390108,0.9673650265,0.4117375612,0
-0.1336870475,0.06073934011,0.3504986263,-0.4273958802,0.9997804165,0.1587815881,1.950820923,0
0.2826618427,-0.2357766341,0.02552188101,-0.6952080131,-1.019859195,0.3856571019,0.3601810336,0
0.08883257858,-0.3489785856,0.1824800433,1.820058942,1.90097785,1.188768268,-0.9581796527,0
-0.2988590311,-0.06242652073,0.02817244602,-2.935619593,-0.74250108,-0.2811318338,0.8565813899,0
0.2233291612,0.04802329851,0.177389797,0.2117320597,-0.06653579324,-0.8047098517,1.502534628,0
-0.3160497367,-0.09361525683,0.3516159971,-2.85362196,-0.7268580198,1.358356118,0.0277480185,0
0.2693182894,-0.1745462857,0.2710697475,-0.5750406384,-0.3705891371,0.2527197301,0.8018109798,0
0.2358071999,-0.05551822695,0.3496372092,-0.2312280983,-0.2797499597,0.3658903539,1.327806592,0
0.2547334911,-0.09896737986,0.267504792,2.771242142,2.02519393,0.5050388575,-0.9174325466,0
0.2294001465,0.2387119365,0.05524839085,-2.336304903,2.181661606,0.3316331804,1.489645004,0
-0.3387592009,0.1093881583,0.1449790078,-0.312530905,1.975039124,0.3911694586,1.148427963,0
0.2716610158,-0.2122199024,0.07921584415,-0.6632810235,-0.6167939901,0.07801175117,0.203431204,0
-0.2349988027,0.02623944145,0.1751336235,3.029835463,-0.345156014,-0.5999854803,1.824530959,0
-0.4020551658,0.03309013068,0.07484774707,3.059475422,-1.370292068,1.056850314,0.5066459775,0
-0.3269906851,-0.09133358189,0.2296028257,-2.869596243,-0.3308570981,0.2339591682,0.2949410677,0
0.2261321464,0.04162400798,0.3879255445,0.1820322126,-0.006535172462,0.3171027601,0.8066600561,0
0.01046216087,0.08221244901,0.02945740554,1.443036318,2.022713661,-1.679591179,-1.295382857,0
0.196368336,0.1923018101,0.04448591692,0.7749444842,-0.9728663564,-0.3157976568,1.692982554,0
-0.2567052331,-0.201369672,0.05033373656,-2.476406336,-1.220171928,0.2687055171,1.509374976,0
0.07024944403,-0.2145612924,0.3401993032,-1.254386544,0.281044513,0.3723782301,-0.6529914141,0
0.1602400116,0.1049081097,0.3791286877,0.5796676874,0.3741060495,-0.06490244716,0.6546918154,0
0.1553606886,-0.2689408583,0.06370931262,-1.046825409,-0.7195399404,0.5857830048,-1.078900933,0
0.06063853592,0.04994246249,0.2375133794,-2.452613354,1.812407017,0.05735570937,-1.975775719,0
0.3916645177,0.03290425015,0.08405015766,0.08380746841,-1.001012444,0.677275598,0.1548848003,0
0.2983844065,-0.1553091302,0.0663429141,-0.4798820317,-0.8901334405,0.02256921306,1.072189331,0
-0.3396615927,0.08295108616,0.2286727689,2.902064085,-0.419300139,0.3486429453,0.2828501761,0
-0.3083105377,0.09512215521,0.06859330306,-0.2992613018,2.181661606,0.2361813188,1.569427848,0
0.1229455929,-0.1246605601,0.3706515181,-0.7922299504,0.2803689539,0.7813426852,-1.178841114,0
0.1748758004,-0.06605092755,0.2582912375,-0.3611368239,0.3119722605,0.3354287744,-1.469497561,0
0.2787330623,0.282774869,0.1650792399,0.7925958037,-1.092734814,1.3926332,-0.5336779356,0
0.2872967237,0.01236565065,0.0505000154,0.04332372546,-0.4055758119,-0.1153433621,-0.3814952374,0
0.0002878167918,-0.1675487525,0.3610746928,-1.569080353,0.3136626482,-0.2331482917,1.277546406,0
-0.2353361721,0.1607837782,0.2998291828,2.542224884,-0.1064794064,0.05047206581,0.7833739519,0
-0.00716667905,0.2820876233,0.2551384804,1.596196771,-1.338229656,1.570796371,1.487521052,0
0.3180160721,-0.04357106453,0.1827024686,-0.1361730099,-0.2439684719,-0.104093641,0.4324301481,0
0.116315523,0.03963124354,0.1260110581,0.3283844888,2.181661606,-1.646661282,-0.5436133742,0
-0.1981868561,-0.1228572965,0.146539934,-2.586688519,-0.1901611686,0.3290300965,-1.521757603,0
0.05693338465,-0.1959908039,0.2420080268,-1.288065076,-0.06631815434,-0.5785611868,1.851722717,0
-0.04763498345,0.3140060228,0.07711468907,1.72134912,-0.5519480705,0.3041652441,-0.6852558255,0
-0.2396119402,-0.2383546871,0.1755499219,-2.358881712,-0.3382235169,0.09946992993,0.1573287696,0
0.3124211464,-0.2016560328,0.06294711176,-0.5731134415,-0.9743150473,0.3570880294,0.612446785,0
-0.2343609525,-0.09077815002,0.04518570131,-2.772134304,-0.5579589605,0.2482088357,-1.248661041,0
-0.2176115104,0.001085614043,0.2107902356,3.136640549,-0.07937116921,-0.6996851563,1.715497375,0
-0.05972263724,-0.2523363885,0.1693711616,-1.80348134,-0.1692388505,0.3770777285,-1.293674827,0
0.0276976977,-0.169253615,0.3247184511,-1.40862608,0.5005847812,0.3329231441,-1.116380334,0
0.2017585797,0.02645368627,0.1145155295,0.1304874867,0.3215130866,-0.5445017219,-0.7303262949,0
0.2407516515,-0.2301069048,0.3127112082,-0.7627949715,-0.5418759584,0.7303817272,0.5698413849,0
-0.2363811851,0.07065013686,0.4244449209,-0.2904309928,0.9772823453,1.017406225,0.3840752244,0
0.123836577,0.3617111699,0.1476981274,1.240940928,-0.9134616852,0.5741784573,0.6767575145,0
-0.01755812937,0.1108326015,0.4255490149,1.727910876,0.2856191397,0.1994670033,1.247396469,0
-0.1005484575,-0.1193609345,0.385742972,0.8706320524,1.421336889,0.6500120759,-1.02167654,0
0.1070561672,0.1896552041,0.0332318686,1.056928992,-0.0831085518,-0.8259642124,0.16230762,0
-0.2953901188,-0.08488028293,0.1152857154,0.2798109651,2.181661606,-0.02573981695,1.602322936,0
-0.02434490328,-0.1978116393,0.0984725782,-1.69325161,-0.598818779,-0.9184080362,2.094395161,0
-0.2079261093,0.2567196624,0.1962920703,2.251574278,-0.267898798,0.05162157118,0.2493478954,0
-0.2965472402,0.1221535261,0.2379664829,-0.3907434642,1.864572883,0.9989221096,-1.067909122,0
0.007266214488,0.3076308058,0.3119383253,1.547180176,-0.1792490333,0.3527876437,0.3103089333,0
-0.0788902848,-0.3799605888,0.2090360127,1.366077185,1.618420959,1.388458371,-0.5176395774,0
0.003232581705,0.315728865,0.3383207814,1.560558438,-0.4096816778,0.6941456199,0.4614353478,0
0.04435456626,0.04759347809,0.4545560197,0.8206077218,0.4787474573,0.260317117,0.9652814865,0
0.1858348925,0.08423526222,0.1358962788,0.4250213206,0.4063393176,-1.104573488,0.7226013541,0
-0.1369932861,0.3834810286,0.1589848021,-1.227689743,1.663058162,1.412790298,-0.2496550381,0
-0.1057805526,0.1030191112,0.0637551538,2.369435787,0.4535541832,-0.8921162486,-0.7850253582,0
0.1886324791,0.1194778028,0.3063339769,0.564622879,0.05373902619,-0.2647875845,1.353083372,0
0.1349797879,0.05819141955,0.3700985176,0.4070168436,-0.721937418,1.463843107,1.690235496,0
0.1087591458,-0.1842610942,0.1759250709,-1.037615299,-0.03638025001,0.3123507202,-1.60392344,0
-0.1616492773,0.1192521636,0.3743612028,2.505970478,0.148400113,0.8655205965,-1.066111207,0
0.01527055781,0.03289308391,0.3437851094,1.136054039,0.9466097951,0.4698494375,-1.600656867,0
-0.01446277309,-0.2093781962,0.08469331358,-1.639680982,-0.03665703908,-0.2489241511,-1.076167822,0
-0.2621814272,0.1744345386,0.3277781829,2.554507971,-0.4638358057,1.206225991,-0.707256496,0
-0.268759646,0.1336297148,0.1229802447,2.680175781,-0.1973404288,-0.1101841703,-0.2614556551,0
-0.05485606886,-0.3877919377,0.1302018516,-1.711294413,-0.8679673076,0.7520323992,-0.08676083386,0
0.1596648491,-0.3203834633,0.2018206001,2.03306818,2.055581093,0.3229061365,0.4940243959,0
0.1020442188,0.2333349071,0.1271141396,1.15788424,0.1125605181,-0.6739656925,0.3105434775,0
-0.251807867,0.07438628283,0.3717999682,-0.2869898081,1.424807668,0.4105969667,0.6473389864,0
0.1571219241,-0.3145530535,0.2661064674,-1.107541919,-0.6955238581,0.6967814565,0.747425735,0
0.167640655,-0.2571122389,0.07728899621,-0.9930035472,-0.9796985388,-0.03931058198,1.585871458,0
-0.07402959284,-0.2347880505,0.2082895551,-1.87632072,0.184261471,0.02664969116,-0.8717311621,0
0.007533223054,-0.02133245398,0.2028506394,1.902583361,-1.133224964,-1.734824061,-1.835778356,0
-0.2527142005,0.02294866648,0.1320741973,3.051386118,0.1507482678,-0.4867319465,-0.194013074,0
-0.2437521412,-0.2385667389,0.1766585046,-2.366944551,-1.33091712,1.116578579,1.396375418,0
0.2458499756,-0.104000566,0.2658489172,-0.4001948833,-0.1897190958,-0.1634848863,1.315556169,0
-0.10651095,-0.3421425961,0.03129991551,1.269015312,2.147805691,1.522577882,-1.172688127,0
-0.2558740529,-0.1794078768,0.1074981036,-2.529566765,-0.3270183504,-0.2409342676,0.3061209917,0
0.1472972256,-0.2929294662,0.2747167132,-1.104875565,-0.3913989663,0.8823655844,-0.6869795918,0
-0.2468936986,-0.1678357569,0.3092717416,-2.544575691,-0.1702949107,0.224563539,0.6041522622,0
-0.2909978673,0.1282634445,0.2943764073,2.726443052,-0.319158107,0.3383662999,0.6336262226,0
0.1501928645,0.2811856424,0.05701016931,-2.061382294,2.181661606,0.2768050432,1.623855233,0
-0.2895622767,-0.2122583611,0.1667764162,-2.509040117,-0.6635083556,0.2621468902,0.7358585596,0
0.052056411,0.06158545292,0.1769470364,0.8690540791,0.5666878223,-1.677051783,2.094395161,0
0.2070432328,0.1330513025,0.02171526212,0.5711755753,-2.161730528,1.567407966,2.069054604,0
0.07705278328,-0.1556025413,0.4229761498,-1.111011147,0.3842375278,0.3263312578,0.0717446357,0
-0.3359678538,-0.0701034158,0.05934773735,0.2057102174,2.176698923,0.372749716,1.350266933,0
-0.09773301812,0.1819886709,0.2441604454,2.063122034,0.02375504747,-0.6334475279,1.703707457,0
0.102391467,-0.2927759058,0.05019843535,-1.234179139,-0.5313042402,-0.2380726486,0.3614745736,0
0.1222997,0.2419074729,0.1872276038,1.102319241,-0.03737802058,0.1929581463,-0.9227513671,0
-0.04046863968,0.2399265702,0.09711921127,1.738127589,-0.5955536962,-0.6774143577,1.763673663,0
-0.02789806982,-0.377259476,0.1147790635,-1.644601703,-0.9107604623,0.4464745522,0.6650305986,0
-0.005661517029,0.4005754258,0.1500090914,1.584928751,-1.046452522,0.899720788,0.3793460131,0
0.1781760162,0.03738832986,0.1769511728,0.206815511,0.5894640684,-0.4299749434,-0.9624234438,0
0.16029744,-0.1457204109,0.4322870771,-0.7377997041,-0.09728568047,0.7273737788,0.5086070299,0
0.2336254705,-0.1117091437,0.06509367014,-0.4450642169,-0.5195291042,-0.6842617989,1.285504341,0
-0.06359814831,0.01028057572,0.1416924537,-0.1618197858,-1.467579007,-1.376623631,-1.418275356,0
0.05850489297,-0.0849038198,0.1471988051,-0.9674123526,1.72206068,-1.194215298,-0.9083794951,0
-0.293532182,-0.2494664122,0.147918131,0.7044229507,1.943282843,0.6401637793,0.6814419627,0
-0.3778692353,-0.01651147687,0.2257261991,0.04366817325,1.674301863,0.8111482859,0.5321133733,0
0.09986550633,0.3752224046,0.1717295431,1.310674191,-1.01245892,0.8163577318,0.6735448241,0
-0.2010440964,0.03495797104,0.4415244881,-0.1721651256,1.033166528,1.098137498,-0.4519273043,0
0.001846337748,0.05430124754,0.4088651537,-1.605879068,0.146290645,1.110286355,1.774677157,0
0.08549360037,0.102080039,0.07244545188,0.8734661937,-0.4519959986,-1.494639397,2.036424637,0
0.1243280666,0.01205789341,0.4391540028,0.09773658216,0.5560235381,0.4012211859,-0.2256270945,0
0.08684240936,-0.1804159862,0.1005027028,-1.122511387,0.3421488702,-1.134025216,0.5798748732,0
0.2904035726,0.03772728944,0.2152954293,0.1291892976,-0.3865384161,-0.1468661427,1.330910802,0
-0.02124141604,-0.02747955948,0.4045663254,0.9133790135,1.210221052,0.3720366955,-0.9255138636,0
0.08327267066,0.0787865443,0.257379645,0.7577342987,0.6429972649,0.1741434932,-1.753812194,0
0.2277997506,0.2468577062,0.1554455425,0.8255274892,-0.7077012658,0.1008449793,1.171039462,0
0.2138962589,-0.0879860687,0.2935754299,-0.3903295398,0.09700850397,-0.3394049108,1.226589561,0
-0.01209095536,-0.3114293387,0.3285026236,-1.609600902,-0.3343416154,0.5339159966,0.5236272812,0
-0.02698171096,0.2442760675,0.2958534146,1.680809379,0.002625791356,-0.2180214822,1.195358992,0
-0.08161694248,0.09763683164,0.3392777652,2.267105341,-0.7735794783,1.563450456,1.969734073,0
0.3093066151,-0.2743521716,0.1015841596,2.41601181,1.739503503,1.448025346,-0.09754744172,0
-0.341563659,0.1370637793,0.2660896115,-0.3816121817,1.28239429,1.244472384,0.5519154072,0
-0.05816309752,0.3788419105,0.1896398383,-1.41845727,1.81218636,0.7154679894,0.5922045112,0
-0.2994464218,0.1428597362,0.05119277627,-0.4451436698,2.181661606,1.48412025,-1.483867407,0
-0.01852854635,0.2546116451,0.08843667246,1.643440604,-0.05527790636,-0.6997073293,0.4079889655,0
-0.1353054704,0.1378755922,0.3271719576,2.346786737,0.1922584027,-0.3121668696,1.390364885,0
0.3066233301,-0.229989829,0.1792411588,-0.6435477734,-0.724452734,0.7188461423,-0.06451606005,0
0.06235439859,-0.1294964384,0.08644978323,-1.122045636,0.4715375602,-0.7349552512,-1.067629814,0
-0.2923031722,-0.1643335518,0.3163395936,0.5121641159,1.410359979,1.25914371,-0.5437972546,0
0.2296918098,0.1755034623,0.3470330671,0.6524533033,-0.2646611631,0.4698498845,0.691003859,0
0.3761981533,0.06983024851,0.1514641397,0.1835319847,-1.303849459,1.095694661,0.9197586775,0
-0.251656354,0.01969513954,0.4006601306,-0.07807839662,0.978574276,0.919895649,0.8061224818,0
0.1774548224,-0.06422385216,0.4153238543,2.794342518,1.320760369,0.25639835,0.575381875,0
-0.006651783788,-0.3880152519,0.2102346012,1.553666234,1.473038912,1.169960499,0.5722235441,0
-0.1468152579,0.1470645511,0.3889346899,2.355532169,-0.4325929582,0.84376508,1.368235946,0
0.1418327535,0.1371976271,0.4357223678,0.7687882185,0.1023715734,0.5651205182,0.3483996987,0
0.1200849613,-0.3595546796,0.1871690163,-1.248421788,-0.7052910328,0.5685415864,0.3135715723,0
-0.2561533049,-0.3101841851,0.1519757952,0.8805131912,1.80476594,0.9642069936,0.3886262178,0
0.1892043194,-0.1924807621,0.07746171638,-0.7939863801,-0.1733732224,-0.3185653389,-0.3002051115,0
-0.2640299804,-0.08390162017,0.1737247034,-2.83391118,0.05288641155,-0.4738014042,0.4205255508,0
-0.3411651465,0.01025557383,0.2639026468,3.111541748,-0.371484369,0.4287030399,0.2557556629,0
-0.3387733508,0.01758818711,0.2517777279,3.089719772,-0.4050195217,0.3159314394,0.5415940881,0
-0.301362355,-0.05142235737,0.1642253439,-2.972834587,-0.1432111859,-0.2461985648,0.3158785105,0
0.05476619495,-0.2803333517,0.08365726555,1.763727307,2.181661606,0.02005997486,1.912502289,0
-0.08078292711,0.1916936104,0.3017043191,-1.171930194,1.807996392,0.5872534513,-1.314000368,0
0.1422765868,-0.07094624576,0.1798502911,-0.4615597129,0.122649692,0.1783928573,-1.921514392,0
0.1069469165,0.07836522147,0.2618416691,0.632358551,1.117136121,-0.5321625471,-0.7035644054,0
-0.105962524,-0.3733331366,0.04161216949,1.294241309,1.988669872,1.570796371,-0.7841169834,0
-0.3431522252,-0.06315563575,0.1227351523,0.1822479665,2.084472656,0.2841122746,1.216579556,0
0.08329765668,-0.007484203952,0.1074991386,-0.08943553269,0.6075772047,-0.691606462,-1.680603623,0
-0.03000639315,0.1316145338,0.1661034795,1.794955373,1.226811886,-1.537713528,0.7237830162,0
0.07769095065,-0.03068404881,0.1545808918,2.765743971,-0.7700250745,-1.646680117,-1.539882779,0
0.1744703051,-0.3351164911,0.02363358224,-1.090788484,-1.071953416,0.5840367079,0.0667899996,0
-0.1827341203,0.001538179257,0.1699185317,3.133183241,0.6161762476,-1.200003147,0.8717619777,0
-0.142244697,0.1414419254,0.2525347798,2.359021664,0.2388674617,0.3636431992,-1.434875727,0
0.3351545989,-0.1437572744,0.2544685646,-0.4051848054,-0.7785374522,1.316467047,-0.6377907991,0
0.153789812,0.1483589636,0.3698874948,0.7674259543,-0.1482564509,1.348377466,-1.348653913,0
0.2617410824,-0.2501319858,0.07709435611,-0.7626848221,-0.7364732027,0.3377773166,-0.03307174146,0
-0.193364981,0.0431345041,0.1953254293,2.922220707,0.6092140675,-1.011360049,0.6798188686,0
-0.1568313947,0.2070142218,0.1370011436,2.219136,-0.6278178096,-0.4134153128,1.852191567,0
-0.06955639751,0.2717523848,0.3095283269,1.821372032,0.0001805797219,0.06125232577,0.5170189738,0
-0.2028952776,0.1743930833,0.2121992456,2.431595802,-0.4356362522,1.043520093,-1.682215214,0
0.2465772003,0.04705145486,0.3552998283,0.188548848,-0.7961156964,1.215429664,1.28222394,0
0.1149747723,-0.2737753956,0.3240181045,1.968390465,1.443256021,0.4828960598,0.9695215225,0
-0.3141701576,0.1683043841,0.1243149076,2.649812222,-0.8553139567,1.050650835,-1.010323644,0
0.1197986793,0.2668536115,0.05121403701,1.148833871,-0.3975813389,-0.2424717098,-0.05007907748,0
0.1872777507,-0.26116271,0.3327104728,-0.9486908317,-0.5549541116,0.8164178729,0.6255173683,0
0.07906704924,-0.05440677889,0.1382649806,-0.6027308702,0.9053313732,-0.6730325818,-1.528082371,0
-0.2601373519,0.07806356105,0.02851613041,2.850129843,-0.4059393108,-0.2664600611,-0.253418237,0
-0.1981786813,0.09682321291,0.2351892225,2.687148809,-0.01165517233,0.5959668756,-1.605924249,0
-0.07310221962,-0.1243200905,0.1403211882,-2.101987362,0.6645662189,-0.5763091445,-1.222299099,0
-0.1192315144,0.189530743,0.2461485885,2.13237834,0.01321710646,0.5997732282,-1.530786872,0
-0.2585731835,-0.1570101999,0.05075529734,-2.596177578,-0.6652926803,-0.3399282098,0.9536018968,0
0.2888066037,0.02005536966,0.2251133017,0.06896653771,-0.1506323516,0.4921983182,-0.9574686885,0
-0.02429770424,-0.09713976758,0.2367246056,1.325945973,1.829451442,0.1872636825,-2.028812647,0
-0.07764423719,-0.1275615086,0.05429981827,-2.117551327,-0.5927991867,0.0593303442,-1.983756304,0
-0.1102069954,-0.1304846362,0.1656636586,-2.271708012,-0.0007631452754,0.2201693952,-1.918740392,0
-0.09037133283,0.01583969221,0.395401451,2.967853069,0.5486098528,-0.2147638947,1.348313332,0
0.1273964012,0.327868065,0.2017376326,1.200190306,-0.4349400997,0.2784821093,0.2602017522,0
-0.2192062197,-0.3413727514,0.1475338662,-2.141615391,-1.160028577,1.354568005,-0.35207057,0
0.1112900439,0.2322786158,0.3802375137,1.123993039,-0.6804227829,1.17516613,1.010849357,0
0.2568630463,0.1920357983,0.1483743245,0.6419821382,-0.5863710046,-0.1068755314,1.16957593,0
0.2601283672,-0.02806663316,0.3769937281,-0.10747879,-0.1918754727,0.5006891489,0.7401003242,0
-0.3225020685,0.09005862617,0.02762932832,2.869279623,-1.062402964,0.9631343484,-1.102252603,0
0.1210652724,0.06796405423,0.3736432239,0.5114659667,0.4352323711,0.7278579473,-1.285128713,0
0.2256671647,0.1074171318,0.2322780045,0.4445624053,0.2152079493,-0.5533481836,0.7566854358,0
-0.1871949017,0.1822506046,0.2978798275,2.369581223,0.09304783493,0.4282661974,-0.7456037402,0
-0.1151694563,-0.01628014541,0.4580735108,-3.00116396,0.4634601474,0.6055656672,-0.2697437704,0
0.07943360419,-0.156062537,0.06463714533,-1.100841403,-0.5371804237,-1.193713665,1.903167605,0
-0.001981221437,-0.04941237349,0.2829780006,-1.610870242,0.7784385085,-1.027927518,2.094395161,0
0.1458078406,-0.2356163127,0.2382248374,-1.01664269,-0.3788839877,-0.1022595689,1.499629617,0
-0.1378587711,-0.1139085971,0.3856916224,0.6907525063,1.002696753,0.3821510971,1.497691393,0
0.04321523695,0.1112645344,0.4031289912,-1.941505909,1.171455383,0.8904385567,-1.237987041,0
-0.009947485167,-0.1781317635,0.2855832342,-1.626528025,0.6884655952,-0.1359103322,-0.7737439275,0
-0.06261320111,-0.09639442709,0.2411354913,0.994728446,1.864120483,0.2514561415,-1.973409176,0
0.05055797883,-0.3173003885,0.360690725,-1.412786722,-0.6276993155,1.297251463,-0.08141818643,0
0.05257026586,-0.1177193877,0.3924619344,-1.150796533,0.4483559132,-0.1618058085,1.200415254,0
-0.05571070223,-0.165525872,0.4000575653,-1.895447731,0.4751602709,0.06689447165,0.2748887539,0
-0.297272547,-0.2682963103,0.04842819955,-2.407382488,-1.32510376,0.9251375794,0.4149705768,0
0.03417278659,-0.04802254661,0.3747732903,2.185327053,1.611428261,-0.5376927853,0.4783607721,0
-0.2346990967,-0.2878648096,0.1109640985,-2.254801035,-1.110932708,1.399170876,-1.042501092,0
0.3291352159,0.2246150537,0.06403707011,0.5988433361,-1.260772705,0.8530925512,0.4932512045,0
0.2402024923,-0.1749065206,0.3021085371,-0.6292202473,-0.5744230747,0.5453206301,1.250400543,0
-0.08210073178,0.08640181765,0.444663497,-0.8109219074,0.9349464178,0.3441248536,0.9854428768,0
0.01812911134,0.2478801331,0.08525896993,1.497787833,0.008304134011,-0.6813192964,0.1751928329,0
0.05205667366,0.1444962214,0.2735470124,1.225014567,0.3637593985,0.4646684825,-1.726499081,0
0.04953818026,-0.1386458041,0.1740451864,-1.227876902,0.3352794051,-0.06558603793,-1.737995625,0
0.08811898687,0.04778895571,0.216136015,0.4961409569,0.5447022319,0.05720688403,-2.032961369,0
0.04590103959,0.3318201729,0.2845110999,-1.708255053,1.503149509,1.345879197,-0.8772788644,0
0.1680142635,-0.2717953504,0.2648614777,-1.017127633,-0.337852478,0.1921471804,0.7830619812,0
-0.2402212887,0.1841035969,0.3822569416,2.487683296,-0.586316824,1.258299708,0.1192677319,0
0.204832768,0.1894390803,0.2832729807,0.7467359304,-0.0464097783,0.554788053,-0.8246347308,0
-0.2468374435,-0.2171520548,0.2673876094,-2.42008853,-1.020868301,1.089890957,1.176650167,0
-0.03594361746,0.1755678803,0.3222487952,1.774163604,0.336140871,0.5709727407,-1.341679692,0
-0.2046030004,0.2498947824,0.1822784013,-0.8850655556,2.120312452,0.8648331165,-1.13172543,0
0.2888939873,0.1110974192,0.2266988139,0.3673590422,-0.1021817625,0.1946692318,-0.3156350255,0
-0.0906193905,0.183740315,0.3155573045,2.028979063,0.1738786548,0.6911666989,-1.339750767,0
-0.03467065571,0.1950505233,0.235859884,-1.394881725,2.067918062,0.4708217978,-1.65252471,0
0.1262792567,0.0154520645,0.2764550963,0.1214969084,0.4729229808,-0.9005764127,1.826743722,0
-0.1863334934,-0.2780275179,0.08977726531,0.9803528786,2.181661606,0.2031282187,1.391077518,0
0.05040881042,0.1728932597,0.2757109975,1.28710258,0.3931190968,0.3162400723,-1.388673425,0
-0.3044901943,-0.07296426015,0.1379442451,-2.90640521,-0.3782677054,0.3650420606,-0.8021056056,0
0.1900552991,0.2922992242,0.1544421877,0.9942746758,-0.964790225,1.441788435,-1.286005616,0
-0.1545574116,0.1802654255,0.2832742315,2.27961278,0.1041347235,0.5326648355,-1.160100102,0
0.3515726136,0.02442948841,0.1699470665,0.06937751174,-0.5688219666,0.1728210002,0.6623077393,0
0.343187336,0.01793775321,0.3106835898,0.05222054198,-0.7900894284,1.539163113,-0.5746116638,0
-0.2392286501,0.03926856123,0.4074644492,2.978897095,-0.1705062538,0.6571050882,0.6151313782,0
0.2694573159,-0.06150000885,0.05292623093,-0.2244830728,-1.917287827,1.356023312,1.976194978,0
0.1196448053,-0.1799529677,0.3875751184,-0.9840407372,0.1874699891,0.6465798616,-0.6044382453,0
-0.2965075301,0.0712970227,0.06710181759,2.905557871,-0.5114514232,-0.3456455469,0.6849249005,0
-0.2875915134,0.1586932218,0.1429534784,2.637372255,-0.630877912,-0.04562786594,1.121029019,0
0.2344052263,0.02340306199,0.1892634085,0.09950847924,0.02523920313,-0.7622755766,1.30370903,0
0.07916182951,-0.01418575056,0.1660363489,-0.1722517163,1.138654947,-1.82047224,1.585951924,0
-0.2424576665,0.3259245602,0.1223898088,2.210386753,-1.141666532,0.9768603444,0.2871185541,0
-0.07163901483,0.09378805237,0.2677358425,-0.9184966683,1.58147192,-0.8731223345,2.094395161,0
-0.2358263593,0.2600982993,0.18228096,2.307274342,-0.4381883144,0.4037936032,-0.2194112539,0
-0.0897738701,-0.06367241663,0.4263016268,0.6169096828,1.074657202,0.08166312426,1.065826058,0
0.01311171075,0.1335415018,0.2495976524,1.472922087,1.0919559,-0.5260775685,-0.7992686033,0
0.2017135814,0.06960534705,0.2495199279,0.3323114514,0.2619871795,-0.7058621049,1.237500429,0
-0.3154073141,0.1403201342,0.09939557169,-0.4185646474,2.129906416,1.285695314,-1.291948199,0
-0.3594687947,0.1133779977,0.2372688628,2.836064339,-0.8050379753,0.8412687778,0.4621344507,0
-0.2685760282,-0.2157504963,0.1438758024,-2.464833975,-0.6810317636,0.09620669484,0.9707069993,0
-0.3590456059,-0.106016406,0.2030607631,-2.854450941,-0.6499391794,0.5596910715,0.2898431718,0
-0.02063286087,-0.06527741101,0.1784941639,-1.87693882,0.6885115504,-1.733215332,2.094395161,0
-0.2829249644,0.1645653981,0.09669110067,-0.5264601707,2.181661606,1.258050203,-1.461983085,0
-0.1850618442,-0.2408649724,0.2454995954,-2.225953102,-0.05306327343,-0.01942420378,0.2510374486,0
-0.09435590659,0.3320368368,0.3187191022,1.847670436,-0.6873996854,1.044373035,0.3295951486,0
-0.3391441044,0.1020177538,0.09578149753,2.849400043,-0.6228276491,0.2435494214,-0.01640390605,0
0.1347343192,-0.1728555791,0.3508750461,-0.908904314,0.1003884599,0.8161324859,-1.097929358,0
0.3016897147,0.219768751,0.06245559839,0.6295724511,-1.001265407,0.8919690847,-0.6304786205,0
-0.09259015566,0.0195814671,0.1028616815,2.933178425,-0.1060448587,-1.796256304,2.094395161,0
-0.1292183297,0.03521080151,0.2458779836,2.875512123,0.8220586777,-0.1722579896,-1.301986098,0
-0.2437023611,-0.2668341683,0.2094130852,-2.310921192,-0.5804026723,0.8106654882,-0.5126110911,0
-0.3128997677,-0.0749931666,0.3180384911,0.2352348268,1.540433168,0.5844186544,0.5635892153,0
0.2213867219,0.01413906843,0.1987517539,0.06377983093,0.5342362523,-0.7271793485,0.1657733619,0
0.1116750881,-0.3135166222,0.3237423728,-1.228606701,-0.4974413514,0.7969400883,0.3332544863,0
0.08764953459,0.2350832656,0.2047210217,-1.927705765,2.063968182,0.807790637,-1.671325803,0
-0.07339982462,0.2737427432,0.3867000855,1.832763553,-0.4779008329,1.420945048,-0.547855854,0
0.1778584104,-0.2095717212,0.1574602627,-0.8670733571,-0.2631133199,0.4213224649,-1.222762465,0
-0.2220346004,0.2180062571,0.3611959309,-0.7762444019,1.2227391,1.298348784,-0.4011340737,0
-0.08301661585,-0.1088670485,0.2941005882,-2.22228241,0.8715756536,-0.120995231,-0.9971233606,0
-0.1056167477,-0.2480686626,0.2378333787,-1.973343849,0.1843472421,-0.3271582723,0.3203586042,0
-0.09105588154,0.2877836291,0.03020366395,1.877197146,-0.7176125646,0.3714284003,-0.8665671945,0
-0.1182160523,-0.3252325822,0.1768845809,-1.919434667,-0.5337680578,0.7060745955,-0.7309782505,0
0.2310605369,0.2087877514,0.1912807328,0.7348054647,-0.4812273383,0.8643450737,-1.219150543,0
0.1353950508,-0.1566596663,0.3227146401,2.283512354,2.057121038,-0.2185773998,0.0102565866,0
0.219841117,0.1914865952,0.03736814856,0.7165828943,-0.4650883079,-0.3273138702,0.2188360989,0
0.3075569765,0.04227105044,0.1397256913,0.1364560872,-0.5152751207,0.6613087058,-1.151739836,0
0.009260307298,-0.1251420364,0.1293877382,-1.49691546,0.8880039454,-0.7834019065,-1.16172111,0
-0.2978278026,0.03845450103,0.1103214804,-0.1283963919,2.170656204,-0.02631318569,1.7040838,0
-0.03882636774,-0.03254078319,0.195848719,-2.444039345,0.9064820409,-1.702541351,2.094395161,0
0.0409086766,-0.3021025429,0.349576902,-1.436195135,-0.2887759209,0.6520671844,0.2705489695,0
0.1590692075,-0.2434370958,0.2440077215,-0.9920133352,-1.262456656,1.356999636,1.57354331,0
0.2660547875,0.05257091363,0.3616092531,-2.945816517,1.141110778,1.558633685,-1.050137877,0
0.1172399943,0.2818147783,0.2896506629,-1.965530157,1.951382399,0.3108620942,-0.07638601959,0
-0.1659262864,0.007379269408,0.4374955986,3.097148657,-0.1299748272,1.570796371,-1.062633157,0
-0.02774052352,-0.1627873759,0.300526261,-1.739823103,0.3794831932,0.5041659474,-1.511316776,0
-0.167319311,0.1459341757,0.114735858,2.424319983,-0.5430614352,-0.7723013163,1.962074518,0
-0.1122594403,0.1560979532,0.4363272615,-0.9473267794,1.097611427,1.019261718,-0.5785537958,0
0.1227971191,-0.08122216921,0.2668707347,-0.5843698382,1.042379498,-0.9710714817,0.5311002731,0
0.09728194444,0.07846023593,0.2882911789,0.6787053943,0.3415855765,-0.7278916836,1.993198633,0
0.1831191759,-0.04437667114,0.02220259218,-0.2376587689,-0.9763711095,-0.8934058547,2.058043003,0
0.009924992461,-0.004268012705,0.04666177658,-0.3671405613,0.9284786582,-1.292431712,-1.644533992,0
-0.2679431286,0.1364404453,0.3200339088,-0.4706064165,1.475634933,0.4662065506,0.944829762,0
0.3471758801,-0.1487703692,0.2482452932,2.736747742,1.555760622,0.9671618938,0.3933989406,0
0.1051896121,-0.2143721521,0.3883176521,-1.114405394,-0.2110719085,1.300103545,-0.9745088816,0
-0.05396119758,-0.2431326811,0.1305897859,-1.789234996,0.1457224339,-0.7333599925,0.4005185664,0
0.0483146215,-0.3191291018,0.133072736,-1.420407534,-0.479491502,-0.1842872351,0.8600378036,0
0.3108892604,0.09684684993,0.3484151143,0.3019877672,-0.6031963825,1.061328888,0.2986661494,0
-0.3488640652,0.1949834774,0.1178409395,2.631934404,-1.089125633,0.8177855015,0.4426729679,0
-0.3028554119,0.195514628,0.06617967049,2.568330288,-0.808565557,0.2140727937,0.4052321613,0
-0.1116949896,0.2897476947,0.09303347476,1.938735127,-0.6380844116,0.6161001921,-1.128595471,0
-0.2821283342,-0.2187289374,0.05934960101,-2.482095003,-0.7617341876,0.2921812534,-0.006911592558,0
-0.1033283409,-0.1099786145,0.4512344265,-2.325080156,0.07925257832,1.247739315,-0.835824132,0
-0.2411221284,-0.1697521267,0.1486544407,-2.527973652,-0.1475433558,0.03776851296,-0.5497734547,0
-0.1584799729,0.1384650071,0.326487794,2.423505068,0.403121382,0.2312635928,-0.7114056349,0
0.05217874704,-0.2196997758,0.214223628,-1.337444663,0.07290899754,0.3374451101,-1.395545483,0
-0.2125532264,-0.2387945432,0.324549623,0.8434734941,1.015867352,1.262047648,0.8203083873,0
-0.3043331565,-0.1730581355,0.2244218881,0.517046988,1.874737263,0.9938395619,-0.7862328291,0
-0.05058818489,-0.1008717499,0.397636118,-2.035564423,0.844733417,-0.02223185077,-0.1785159558,0
0.08333118275,-0.01936888278,0.1255023242,-0.2283775508,0.1758368462,-0.3941635787,-2.094395161,0
-0.05645931662,-0.2978009367,0.05090895248,1.383432627,2.181661606,0.2574778497,1.789475083,0
0.1889172758,0.270277254,0.2608540846,0.9607490301,-0.4808153808,0.3311306238,0.8783125877,0
-0.272852515,0.008660536746,0.096232852,3.109770298,-0.2717070282,0.06037249416,-0.8683899045,0
0.2248894971,0.2093258593,0.1609789594,-2.392097473,2.12921977,-0.09726896137,1.435469985,0
-0.1567017534,0.197671878,0.02763468407,2.241099596,-0.8686205745,-0.566149056,1.601164699,0
0.2838601639,0.1902074533,0.2989836336,0.5903580785,-0.5359316468,0.6989281774,0.4744186699,0
-0.006170336529,-0.06787584538,0.04238645859,-1.661472797,0.8200756311,-1.207660794,-1.178779364,0
0.09360190179,0.03538363279,0.3752356415,0.3614221811,0.7154112458,-0.4426703751,1.169446468,0
-0.1752220169,0.2922753562,0.1400098637,2.110854626,-1.084020019,0.5114375949,1.454566479,0
-0.0130020898,0.296534096,0.1624495345,1.615053535,-0.3143194616,0.460772723,-1.046213388,0
-0.1537556661,0.2591174731,0.3121845571,2.106335402,-0.1316845715,0.5603995323,-0.3416829109,0
-0.07658152849,-0.2711229767,0.1642687612,-1.846085668,-0.1181142926,-0.5016166568,0.8369891644,0
-0.2081956018,0.1764922254,0.1536851016,2.438420057,-1.573092818,1.393636942,1.983129025,0
-0.02003719021,0.2959970314,0.1600337558,-1.503210068,2.065946817,1.126779318,-1.619114161,0
0.03334667904,0.03622526465,0.3535241088,-2.315627337,1.652245402,-0.1410471201,-0.7609263062,0
-0.2743208768,-0.2318106802,0.2144397006,-2.439987183,-1.175867081,1.118215919,1.060548544,0
-0.350628906,0.01527984654,0.2007237937,3.09804225,-0.5115232468,0.7186434269,-0.5995367169,0
-0.3640591831,0.005843404426,0.04867122589,3.125543356,-0.8703888059,0.4964613616,-0.2315801382,0
0.1284112485,-0.2774003168,0.07128148559,-1.137256384,-0.3908461034,-0.1942483485,0.03192829341,0
-0.0559679657,0.1439793109,0.2926657342,-1.200033069,1.579167008,-0.5872172117,1.870552659,0
0.02476050675,0.167866962,0.1023497188,1.424356937,0.07433221489,-1.359147668,1.450192571,0
0.2447207686,-0.3100422441,0.1076636905,-0.9026049972,-0.9798473716,0.9014673829,-0.2621591091,0
0.2569178544,-0.1368579629,0.1216569411,-0.4894226193,-0.6129870415,-0.3332550228,1.464062572,0
0.3392413021,0.08231737196,0.08698539244,-2.903541803,2.128596544,1.340242386,-1.275027394,0
0.07644897252,-0.1970323856,0.156508881,-1.200629711,0.536408782,-0.7126384377,-0.2729378045,0
0.2148944103,0.1304316314,0.3153241303,-2.596046686,1.534915209,1.112797856,-1.344897985,0
0.3842862392,0.1412243972,0.04913471405,0.3521773219,-1.458613873,1.250930786,0.1270562708,0
0.06906721484,0.2594030839,0.1710022838,1.310722351,0.05775433034,-0.07862471044,-0.6271797419,0
-0.05933996989,0.2554012471,0.3641166792,-1.342089772,0.7665511966,1.279355526,1.091397762,0
-0.1144325851,0.2721499137,0.3717644775,1.968828082,-0.3819027841,1.152967215,-0.4175943434,0
0.3974429792,-0.07840626067,0.1457501291,-0.1947756708,-1.083403945,0.9942631721,0.2412740886,0
-0.0444490562,-0.1310455256,0.350372605,1.243787646,1.927532554,-0.3617242873,0.01587038673,0
-0.1186001099,-0.07611029058,0.4479208471,0.570548296,1.119973898,0.7574446797,-0.5015721917,0
0.09741894693,0.1698740029,0.3127251543,1.049619675,0.2553509474,-0.4342985153,1.324680209,0
-0.2353529987,-0.07959235751,0.3619913434,-2.815438509,0.1590859294,0.2751787901,0.05478910729,0
-0.1105521514,0.1928611337,0.250916678,-1.05030179,1.828459024,0.8642144203,-1.747939706,0
-0.05442559309,-0.05608222528,0.03301255664,0.800319016,-0.01114094537,-1.582698941,-1.147771239,0
-0.3473333557,0.06679516467,0.1101012485,-0.1899890155,2.13219738,0.2981078923,1.143527389,0
-0.2149665926,-0.257624138,0.2868715816,0.8754228354,1.517805338,0.6405439973,0.8298051357,0
-0.3039314667,0.00213952647,0.3232076612,3.134553194,-0.151173085,0.5088608265,-0.06099834293,0
-0.1593390411,0.007960433222,0.2416151606,3.090977907,0.4916238487,-1.033302784,1.512157917,0
0.09023286228,0.09327603128,0.1403434656,0.8020039797,0.05545209721,-0.07232894003,-2.037321806,0
-0.07057375824,-0.09975198516,0.07023625962,-2.186602831,-0.5004829168,-1.555809498,2.094395161,0
-0.02470545388,-0.2916705485,0.3847113105,-1.655298114,-0.4176156521,0.9826310277,0.248747766,0
-0.002113888599,0.03641569293,0.130249648,1.630285978,1.32060194,-0.8214687705,-1.883511901,0
0.1910432708,0.2487206675,0.318980238,-2.225783348,1.417605639,0.6267855763,0.8576595783,0
-0.3406769167,-0.02668054433,0.2571469091,0.07793416083,1.142897725,1.26928246,1.039382935,0
-0.3076920582,-0.0909457427,0.08583998054,-2.85409236,-0.5532541275,-0.2193263918,0.7209819555,0
-0.2748486244,-0.08809260647,0.1826159962,0.3101558685,2.047170877,1.020568371,-1.572590709,0
-0.117138281,-0.007981787362,0.06568716956,0.06834553182,-1.099331617,-1.520747304,-0.5726609826,0
-0.3313731894,-0.04482006724,0.07980112954,-3.007385731,-0.60034585,0.3294574618,-0.5093221664,0
0.2167390226,0.2615953968,0.2730394378,0.8789016008,-0.3822736144,0.4549512267,0.3121936321,0
0.01484486136,0.285101726,0.06363547701,1.518773079,-0.4587098658,0.144255653,-0.8199733496,0
0.1937703374,0.1847777898,0.06893294602,0.7619024515,-0.1876284629,-0.3622767925,-0.2358534038,0
-0.2589874064,-0.1038355789,0.3249675631,-2.760045052,0.04090429097,0.3280889392,-0.1325586289,0
-0.3100078047,0.06106598614,0.164739018,2.946757317,-0.2171539962,-0.1686591208,0.3456871212,0
0.1909809468,0.2016129225,0.2970615101,0.8123850822,-0.1575365812,0.01995589584,1.02890408,0
-0.314752122,0.1851234122,0.1657304045,-0.5316661,1.911366105,1.251286626,-0.9753039479,0
0.0350494232,-0.1224773753,0.05701185376,-1.292079926,-0.6248093843,-1.485270381,2.094395161,0
0.02170163966,-0.04151446164,0.2413588138,-1.095128536,1.613269448,-1.535560012,1.285120249,0
-0.0009249730549,0.1224408132,0.05589072741,1.578356385,-0.607852757,-1.524743438,2.077096701,0
-0.1782107162,-0.1956324019,0.4176792318,-2.309626818,-0.4445463419,1.220705748,0.1534425765,0
0.003811459252,-0.09513841254,0.07802134285,1.610837102,0.7410331964,-1.735516667,-2.094395161,0
0.3974968724,0.03321067507,0.1657937759,-3.058229923,1.807547092,1.216595531,-0.3821958005,0
-0.1061201243,-0.2761564426,0.266557217,1.203915477,1.563780546,0.3151905239,1.416290164,0
0.1633715629,0.08414846709,0.3570822421,0.475632906,0.2160393745,0.8313844204,-1.284318566,0
-0.02604802186,-0.0791779079,0.1506989438,1.253521681,-1.016147494,-1.587750673,-1.37542212,0
-0.05117123843,-0.1421201835,0.2242921262,-1.91630888,0.1607851088,-0.9919172525,2.04909873,0
-0.1128803204,-0.1496402053,0.2261132535,-2.217202425,0.21452187,0.312458694,-1.61712718,0
-0.007134163697,-0.3196974294,0.2602529479,-1.593108416,-0.2436069697,0.5776676536,-0.5388109088,0
0.1192730325,-0.29635013,0.361481261,-1.188159466,-0.7416850328,1.53048265,-0.216172576,0
0.1295729969,0.2619891206,0.2173745112,1.111504793,-0.3223499358,-0.1892324984,1.238465428,0
0.08786256124,0.1295773984,0.0804000579,0.9747760892,0.3555243611,-0.6814330816,-1.005607128,0
0.3576938374,-0.08331082619,0.2322376809,-0.2288389206,-0.6300039291,0.5921034217,0.4145869017,0
0.2196984613,0.1128833176,0.3580345659,0.4746110737,0.07918184996,0.6379466057,-0.6272272468,0
-0.3512125607,0.08120257858,0.286961503,2.914375305,-0.7370992899,0.9639106989,0.3903259337,0
0.1683088486,0.1733612711,0.3915361398,-2.34125042,1.360520363,0.8929445744,-0.5999267697,0
-0.2746237024,-0.2017486212,0.2126549332,-2.508015871,-0.3430458903,0.4198257923,-0.2837612629,0
-0.3003071894,0.02752876275,0.2218451105,3.050180912,-0.1439981014,0.3777630031,-0.7075778842,0
-0.0872067893,0.07393138532,0.1140872043,2.438121796,-0.09630906582,-1.642326951,2.094395161,0
-0.2941429137,0.01587604231,0.2368795022,-0.05401228741,2.076700449,0.6157826781,-0.9917806387,0
-0.1437726864,0.06358231363,0.4172006134,2.725214958,0.2016822845,1.045572042,-1.056489944,0
-0.1326481895,0.1053117224,0.2472226026,-0.6708711386,1.831867933,0.6212077141,-1.94986856,0
0.3212746629,0.009012243068,0.2799838679,0.02815945446,-0.433840096,0.3478161693,0.8741041422,0
0.2270190703,0.1239898256,0.3432437387,0.4998970032,0.1254808158,0.3735428452,-0.2815312445,0
0.09113293821,0.1754410528,0.1118168689,1.091699719,-0.4164607823,0.3871370852,-1.957126141,0
0.3280724144,-0.04169590104,0.0681257499,-0.1262338758,-0.5573796034,-0.01953754574,0.1268841326,0
0.03799331118,0.09870201892,0.1451515057,-1.937716365,-1.011185408,-1.673370242,-1.078252435,0
0.04340220944,-0.1699649501,0.3643312695,-1.320830822,0.03842421621,0.04978130013,1.548537612,0
0.3410221248,-0.2177904907,0.03824417318,-0.5683482885,-1.424256802,1.093434572,0.2838081121,0
0.192070782,0.2103871498,0.1130480211,0.8308557272,-0.4304655194,0.4241155684,-1.181756496,0
0.04906826473,0.01525029112,0.4516839782,-2.841965199,1.074185371,0.1271559,0.3803635538,0
-0.116862493,0.3529340619,0.09682601016,1.890569091,-1.55922091,1.208019137,1.103776336,0
0.2622766485,0.2191993166,0.04285144963,-2.445580006,2.16981411,1.511838436,-1.379116297,0
-0.2309105549,-0.2171257103,0.03640033746,-2.38687253,-0.6501367092,0.1930190176,-0.4607013464,0
-0.388182063,-0.05334676304,0.08502778904,-3.005004883,-1.186031938,0.7411860228,0.6798863411,0
0.2280553066,-0.2824435787,0.05168006565,-0.8915678263,-1.313371539,0.600500524,1.148537874,0
-0.000406862497,-0.0422551294,0.1019029508,1.561709881,-1.985421538,-0.9661906958,-1.780063391,0
0.0988732161,0.001509670926,0.4006754866,0.0153053496,0.484507829,-0.1344478726,1.33680737,0
0.0850206332,-0.03204014208,0.3088328394,-0.3570774198,0.7750469446,0.3300436437,-1.625198483,0
0.1963118823,-0.1211988934,0.0831810892,-0.5530493259,-0.5499582887,0.4551876187,-1.709508657,0
-0.1600827543,0.1836941244,0.3399951373,-0.8533129692,1.783177733,0.4063797593,-0.5403698683,0
0.1179202595,0.2045572777,0.05748697187,1.047802448,-0.6136781573,0.4003897905,-1.573072553,0
0.1040237247,0.2881955649,0.3464738475,1.224413276,-0.2606987953,0.6917865276,0.04154941812,0
-0.1744151963,0.2805272965,0.1544767649,-1.014544368,1.167801261,1.563080192,1.362590313,0
0.0006363585816,-0.03858838442,0.3866252877,-1.553321719,1.17485559,-0.497405082,0.630789578,0
-0.1293901453,-0.2468961746,0.3779049639,-2.053511858,-0.3059763312,0.6934126616,0.5860574841,0
0.009140967017,0.05727957149,0.2881278442,-1.72904706,1.309628248,-0.9577569366,2.094395161,0
0.08816825999,0.1691564623,0.4413294619,1.090305805,0.02837522328,1.06699264,-0.5588669777,0
-0.04042507401,0.1831883752,0.07303830236,1.787968278,0.3675575852,-1.144798517,0.2874452472,0
-0.06256174309,-0.01909794223,0.02042221102,0.2962803841,1.416643262,-1.781593084,-2.094395161,0
-0.292377729,0.1824825365,0.2937248693,2.583617449,-0.574639082,0.7134147286,0.5245007873,0
0.02491330848,-0.04313904196,0.3676545502,2.095567465,1.334182978,0.3661149442,-1.255773783,0
0.04912816979,0.1382069498,0.0250347791,1.229094625,-0.5874180198,-0.07806807756,-1.709515214,0
0.3022388938,-0.1013070017,0.1419995965,-0.3236649036,-0.4368196726,0.4831617773,-0.8763203621,0
-0.2174309781,-0.01683343512,0.06983540715,-3.064345837,-0.433175385,0.1969965249,-1.531265974,0
-0.3083085205,-0.1817653893,0.08804994852,0.5327417254,1.607370853,1.192633629,1.27544713,0
0.2553790675,-0.2459447968,0.04618206075,-0.7665818334,-0.91525352,0.1720907539,0.6634657383,0
0.0102922678,0.3931276023,0.1607840238,-1.596982598,1.833861947,1.259494781,-0.557897687,0
0.01490127411,0.1325324521,0.1073856422,-1.682759762,-1.886391044,-1.351433992,-0.4497229159,0
-0.0777494948,0.1207168762,0.02662564128,2.143022299,-0.1197072491,-0.5529295802,-1.13489747,0
-0.09995033326,-0.05629112754,0.2094608857,0.5118029118,2.105223894,-1.343291402,1.972162366,0
0.1225952008,-0.01894949496,0.1293805447,-0.1533654183,0.1887485683,-1.597219229,1.868299127,0
0.04834407192,-0.02753661185,0.0556424982,-0.5158106685,1.438767672,-1.330320835,-1.438162327,0
0.1180419405,-0.1806717309,0.3354077685,-0.9925361872,0.354632467,-0.2459882796,0.6799691319,0
0.389191847,-0.09588836429,0.0232647095,-0.241566956,-1.362636805,1.045765281,0.03135477006,0
0.0699332149,-0.3800228356,0.04714989557,1.752805352,2.134843588,0.7251612544,0.7275493145,0
0.2496206358,-0.1838088176,0.1641620168,-0.63458848,-0.1938817501,0.1100670546,-0.4295557141,0
0.1076803549,-0.1288476651,0.3718434976,-0.8746501207,0.4356225133,0.5286046267,-0.9587619305,0
0.2560610484,0.07188343539,0.3568179708,0.273683697,0.02100560814,0.5503944755,-0.3069810569,0
0.08363240325,-0.05129011019,0.4299444508,2.59185648,1.266239882,-0.0073915869,0.5352649689,0
0.04828072781,-0.2126828353,0.1918741716,-1.347571373,-0.3978687227,-0.512106061,2.094395161,0
-0.2440166729,0.2693824716,0.2335429119,2.306827068,-0.6213399172,0.5493765473,0.5081427097,0
0.0639563598,-0.06072716183,0.319107446,-0.7580139637,1.289197803,-0.442258507,-0.5460088849,0
0.1175824932,0.04520841385,0.2880387411,0.3670466244,0.9712569714,-0.2105647773,-0.9871918559,0
0.1707763071,-0.2485860132,0.03833499143,-0.9688506126,-0.6824194193,-0.3330062628,0.8748858571,0
0.06601500854,-0.2505492887,0.1106663976,-1.313022614,-1.800758123,1.544285774,2.078836679,0
-0.1965271812,-0.04260827339,0.1691602245,-2.928091764,0.1629033387,0.02668931335,-1.406704664,0
0.2860875798,0.1312680718,0.1247261486,0.4302360117,-0.6146882176,0.7488530278,-1.204923153,0
0.03131321486,0.03505411781,0.3704025916,0.8388690352,-0.4044363499,1.470438719,1.990658522,0
-0.2363957819,-0.02370205974,0.3575826443,0.1004268825,0.832663238,1.00690794,1.419178367,0
-0.1500488071,-0.1692030957,0.3302574045,-2.29626894,0.3174300194,-0.2148983479,0.6233378649,0
-0.05834114971,-0.2487883474,0.2766344163,-1.801135421,-0.1176835969,-0.2028610855,1.322662115,0
0.005322284065,0.2940041683,0.2420247124,-1.588999271,1.863327026,-0.0151238516,1.303067446,0
0.3655860491,0.01324873659,0.04463931692,0.03621756658,-0.9828590751,0.3087083995,0.58064574,0
0.2999982872,0.07586923442,0.1781384396,-2.894837379,2.054700136,1.033543229,-1.404679537,0
0.2562081004,0.1237215308,0.2374754208,-2.692004204,1.144827843,1.028277755,1.764474273,0
0.2163226373,-0.02519452444,0.03572148104,-0.1159381941,-0.1018785685,-0.8966491222,0.3878088295,0
-0.1593950235,-0.171860316,0.1749192543,-2.318588495,-0.2542791963,0.5938493013,-1.716020823,0
0.04915021009,-0.2621154869,0.1224578075,-1.38575387,-0.5400680304,0.6949295402,-1.609995604,0
0.1051752334,0.02023967717,0.240026625,0.1900819838,0.6357576251,-1.235695124,1.859176755,0
-0.223360714,0.03597039921,0.3889493292,2.981918335,-0.08703133464,1.149859428,-0.9738485217,0
0.1997073696,0.2264379657,0.360697938,0.8480405807,-0.433853209,1.225495458,-0.5279268026,0
-0.07427264962,0.05910221567,0.4069540018,2.468554974,0.5090274811,0.8733919263,-1.269757628,0
-0.3137137996,-0.2378878989,0.04897813095,-2.492777109,-1.129413724,0.745010972,0.1345533878,0
0.06660447194,0.3580455216,0.2021442463,1.386876464,-0.729293406,1.095066428,-0.7728725076,0
-0.2500508248,-0.03810720868,0.11223854,-2.989953995,0.09452079982,-0.5401418805,-0.1147254035,0
0.2457917558,0.3000083653,0.05270242329,0.8844085932,-1.141938448,0.6239994764,0.4981720746,0
-0.1062375886,-0.2017307536,0.1268684167,-2.056323051,0.02613111585,-0.0974913761,-1.096488953,0
0.3874819991,0.0214818612,0.2431069674,0.05538297072,-0.9658664465,1.279402494,-0.002336218953,0
0.2875244046,0.005226412887,0.2744384626,0.01835755259,-0.1796580702,-0.03986349702,0.9968084693,0
0.2803414599,0.1611912622,0.1173313355,-2.619806767,2.165122032,1.17634058,-1.447224379,0
0.1180234278,0.2723321024,0.2682346101,1.161415935,-0.3122614622,0.931622386,-1.105775476,0
-0.3835899525,0.03799745626,0.108041564,3.042856455,-0.8813912272,0.5261462927,0.3120474517,0
0.1628670819,0.0496239773,0.06005980112,0.2957541645,-0.5419228673,-1.224550009,1.891285658,0
0.1466092557,0.001559835677,0.3983908569,0.01061726362,0.3640931845,0.8153603673,-1.104901791,0
0.2928939484,0.05983305508,0.2760157483,0.2014969587,-0.1332914531,0.0271495115,0.6676299572,0
-0.0776465269,0.1205660656,0.458622389,2.142954588,-0.186789453,0.9964703321,0.9413931966,0
-0.0003522023217,-0.2845918085,0.1732610508,1.569558978,2.132078409,-0.2552382052,1.56006372,0
0.08645030465,-0.07932456478,0.04960468881,-0.7423941493,0.2914362848,-0.8140484691,-1.131151199,0
0.02490180678,-0.271174905,0.1084051612,-1.479224801,-0.05104168132,-0.3889808357,-0.1358527094,0
0.199575561,0.07923753608,0.2800685222,0.3780759573,0.1659613252,0.5334736109,-1.350013852,0
-0.3188552114,-0.07186096002,0.1502158676,-2.919923306,-0.5035238266,0.6245330572,-0.9277756214,0
-0.04893292793,-0.3420280621,0.136464296,-1.712901711,-0.5071313381,0.04892273992,0.4494009912,0
0.2578181144,-0.1258261547,0.1713184633,-0.4543581903,-0.3230211139,0.5648443699,-1.230500102,0
-0.1476971855,0.3260214675,0.1435232517,1.996241689,-0.5848338008,0.5355546474,-0.4310548007,0
0.1906181999,-0.2664946545,0.2177431558,-0.9498886466,-0.4700886905,0.1054295897,0.9755436778,0
-0.3104132056,0.01354496624,0.3256892613,3.098018169,-0.2721204162,0.4815692306,0.4135035872,0
0.05635125792,0.1372799521,0.2815455385,1.182272315,0.7930281758,-0.1013558358,-1.052918673,0
-0.2835578665,0.1960231545,0.2846542164,-0.6048615575,1.735897183,0.7153334618,-0.08248548955,0
0.07167254292,0.1067154898,0.4569457882,0.9793813825,0.2572484612,0.4545683861,0.7185379863,0
-0.2797286534,-0.00165569986,0.3633916754,0.005918439943,0.9533219934,1.082288623,0.9646655917,0
-0.1213593194,-0.2552177515,0.04438080972,1.126871705,1.553258657,1.441422224,1.865986943,0
0.2682655857,-0.1282591552,0.1034709934,2.695613861,2.177491665,1.272478938,-1.750603199,0
0.3046239725,0.01641524827,0.08537210555,0.05463770404,-0.349332422,-0.2887280285,0.2685426176,0
0.2685789162,0.02133599336,0.3254706285,-3.062326431,1.574714661,0.9886303544,-1.039549947,0
0.3251269566,-0.2434758097,0.05875946058,-0.6427732706,-1.356652021,1.051634192,0.3220695853,0
-0.2871115886,0.1177213221,0.1231619345,-0.389113754,2.181661606,1.128699422,-1.53871572,0
-0.003448294374,0.1018004247,0.2557692662,1.604656219,1.51209867,-0.8653803468,-0.4409007132,0
-0.3227031742,0.1502777729,0.08393151354,-0.4358204007,2.117754698,1.348838687,-1.201217651,0
0.1588150714,-0.2280928423,0.3095925128,-0.9630320668,0.04424535483,0.3845697641,-0.4166417122,0
0.06115239838,0.156386401,0.2306538664,1.19860971,0.04207158834,0.6100144386,-2.05411768,0
-0.03435943611,-0.05009645841,0.2074378542,-2.17197299,0.8159373999,-1.586764693,2.094395161,0
-0.2663675701,0.09141121567,0.0408620386,2.811001062,-0.6670592427,-0.4842484593,1.113738775,0
0.3658558172,-0.04709090853,0.08766923683,-0.1279605627,-1.120059371,1.311153889,-1.031964779,0
-0.007952515105,-0.1101469005,0.2571285437,-1.642869353,0.4912327826,0.3572973013,-1.99639833,0
-0.1295460518,0.3175207383,0.03794560008,1.958174944,-1.016557217,0.129102841,0.9974948168,0
0.3546087064,0.1980158725,0.03182206367,0.5092746019,-1.467064738,1.306737781,-0.1402829587,0
0.0684413663,-0.174221052,0.3900786945,-1.196426034,0.3440825045,0.001283451915,0.6896967292,0
0.1145839416,-0.2893011176,0.03907440459,-1.193920374,-0.5630635619,-0.1729782522,0.2039572448,0
-0.249427286,-0.06587892599,0.08601265537,-2.882687092,-0.1985264421,-0.7391004562,0.8095053434,0
0.2707436324,0.03114771256,0.2139781723,-3.027050257,2.055426121,0.8027150631,-1.451129794,0
0.1277098431,-0.1066787573,0.4713393935,2.44568181,0.5913409591,1.213316679,0.4895599782,0
-0.1053509428,0.2473352321,0.400792659,1.973455548,-0.3304327726,1.228478312,-0.4320334494,0
-0.1669153842,-0.2900027623,0.2296343561,1.04839766,1.95203805,0.8497043848,-0.8276588917,0
0.03296597286,-0.07147325088,0.09748833379,-1.138577342,0.1796014607,-0.5669334531,-1.906448483,0
-0.09926024132,0.3533947602,0.2381682099,1.844617367,-0.7195597291,0.6748116016,0.5900050402,0
-0.2984867969,-0.01803132159,0.07882154947,-3.080550909,-0.3348571956,-0.329100877,0.253823489,0
-0.2578283032,-0.2743734938,0.07868135932,-2.325098038,-1.197961807,0.6166215539,0.9562678337,0
-0.06500158853,-0.2234746737,0.1124607433,-1.853862166,0.01364210993,-0.9308342338,0.9389359355,0
0.04794538403,-0.07277513585,0.2533639598,-0.988248229,1.465134621,-1.345249414,0.8797698021,0
0.04895271349,-0.02013088596,0.05288681077,2.751447201,0.08090543747,-1.411247849,-1.539740443,0
-0.2439819395,0.09451489593,0.05439905729,2.771397829,-0.5227271318,0.2460057884,-1.169303179,0
-0.20793881,0.1948945253,0.08720503739,-0.7530282736,2.181661606,-0.001065316843,1.909664631,0
-0.04265096342,0.2112919683,0.08913235091,1.769977808,-0.1594474167,-0.05522347242,-1.272937417,0
-0.1142092596,-0.1205528827,0.4589017492,-2.329179525,-0.01586130261,0.7658321857,0.6489114165,0
-0.073509803,-0.04168299405,0.3275800271,0.5159615278,1.73327136,0.04792236164,-1.163555503,0
0.0623033308,0.2032803911,0.1607694989,-1.868196249,2.181661606,-0.7062729001,2.082858562,0
0.166121722,-0.08388439025,0.3878478431,-0.4680304229,0.264121294,0.7400741577,-0.9228122234,0
0.1319146889,0.2502143774,0.1760559493,1.085733056,-0.3148876131,0.5896601677,-1.280829906,0
0.2270655732,-0.08020225513,0.27015036,-0.339440167,0.3091359138,0.05735131353,-0.6319140792,0
0.06484265761,-0.009666237183,0.4695020318,2.993857145,0.5981820822,1.410697579,-1.018127203,0
-0.1224517519,0.3730469622,0.1096967908,-1.253628492,1.995659471,0.7288287878,0.639554143,0
-0.02838725188,0.009757651066,0.3554212514,-0.3314570189,1.214168787,0.4668983221,-1.500152588,0
-0.1226867769,0.3381685679,0.2590594288,1.918835521,-0.8928077221,1.570796371,-0.7867645621,0
0.04044323993,-0.3277577701,0.3383205253,-1.4480232,-0.6961696744,1.459938765,-0.4451021254,0
-0.2301920369,-0.1870552253,0.3153621534,-2.459038019,-0.1035048813,0.2564915419,0.3644402623,0
0.1554450479,-0.08960753435,0.4623595968,-0.5229299664,-0.08588142693,0.9151608348,0.4464482069,0
0.2047953637,0.2048615004,0.04388631854,0.7854878306,-0.799461782,-0.3678074181,1.300732493,0
0.1353703463,-0.284738329,0.360251027,-1.127005339,-0.4717510939,1.057704687,-0.03896599263,0
-0.1402753755,-0.09212658449,0.115471683,-2.560482264,-0.2884948552,-1.23699832,2.019356728,0
-0.1871304206,0.00471155728,0.3635457006,-0.02512384951,1.258848786,0.06636789441,1.470941186,0
-0.01351407667,0.2575173667,0.1492360238,1.623230219,-0.0793819502,0.1132795215,-1.04383564,0
0.03909977175,-0.05919204376,0.3953983761,-0.9917804003,0.9607862234,0.1699191034,-0.6964864731,0
0.1101569571,-0.2556479984,0.109817238,-1.163916588,-0.6132912636,0.7305260897,-1.540433645,0
0.1343668493,-0.2309493112,0.3096558672,-1.043891072,0.1276244819,-0.02625067905,0.3876522779,0
-0.03348534312,-0.0001714917976,0.3504453557,-3.136686563,1.27211535,-0.7957090735,0.9788559675,0
-0.002204294837,0.2826047634,0.1184052051,-1.562996507,2.181661606,-0.1586168259,1.822912097,0
0.0312946204,-0.1485370907,0.06152371274,1.778445005,-2.181661606,-0.9115955234,-0.707079649,0
-0.1444931938,-0.3692778171,0.09964843879,-1.943753242,-1.069439411,1.068311214,-0.4263256192,0
-0.2323847825,0.098962743,0.1155006929,2.73899579,-0.4966093004,-0.6424310207,1.643556833,0
0.10313686,0.2638737122,0.332503593,1.198191047,-0.2865958512,1.110750318,-0.949881196,0
-0.2217443621,-0.04650021709,0.383373361,-2.934718132,-0.09896892309,0.3531327248,1.045880914,0
-0.2281716256,0.2416973843,0.2319682181,2.327415943,-0.4719051123,0.1986233592,0.8866146207,0
0.152114397,-0.3796946753,0.1629559401,-1.189753056,-1.252431393,1.433547974,-0.06281521916,0
-0.3450482352,-0.05197353304,0.3137459051,0.1495029926,1.351043344,1.052330852,0.2913284302,0
0.3507300128,-0.02404885835,0.2335784968,-0.06846152246,-0.6536720395,0.4722705781,0.8419660926,0
0.05027168726,-0.1623637155,0.3562310319,-1.270611048,0.2498626709,-0.2131577283,1.385348678,0
0.202001492,0.02877678621,0.3024333631,0.1415062249,0.2816744149,0.4659188092,-1.213897467,0
0.3678584209,-0.1145870593,0.2253737572,2.839621067,1.377885818,1.28532505,0.5021909475,0
0.3039337199,-0.213080862,0.2505470241,-0.611446619,-1.067890167,1.227285147,0.6390152574,0
-0.3897794279,-0.02837679095,0.03908692916,-3.068943024,-1.186617374,0.9883284569,-0.3603587747,0
-0.283600961,0.2575371777,0.03204330624,2.404321671,-1.114005446,0.5880057216,0.2921423018,0
0.2903048289,-0.1456393674,0.3377557575,-0.4649884403,-0.5702792406,1.298021674,-0.4951842725,0
0.2406234185,0.1752777871,0.2539199753,0.6295539141,-0.205630824,-0.06697246432,0.9234704971,0
-0.342389152,-0.03581995386,0.2286692255,-3.037383556,-0.36813429,0.2890710235,0.2671416402,0
-0.1741607104,-0.1969889617,0.3546524343,0.8468298316,1.556472421,0.791680634,-0.6768305302,0
0.1191415129,0.2641800774,0.3052006064,1.147168159,-0.01299425215,0.1504295468,0.2724927664,0
-0.1778215605,-0.167965117,0.1589103374,-2.384691238,0.2351991385,-0.3530782163,-0.4955303967,0
0.07089407842,-0.3479390191,0.0302906942,-1.369418263,-0.9983456135,0.7728811502,-0.7010070086,0
-0.1354536363,-0.2513488219,0.2949678061,1.076806903,1.664802313,0.1411617845,1.131620049,0
-0.2783451524,0.1535195232,0.2608643463,2.637565136,-0.728339076,1.570796371,-1.300500512,0
0.05564548599,-0.1699120115,0.1696243148,-1.254311919,-0.1076475903,-1.043844819,2.005248785,0
-0.07527122296,-0.05696431619,0.0808639399,-2.493016005,-0.2850363255,-1.78977704,2.0492661,0
0.1519103606,0.2838184438,0.3064127692,1.079391956,-0.300055027,0.4637745023,0.350392282,0
-0.2463154341,0.006086558864,0.1323980107,3.116894007,0.2053010315,-0.6792301536,0.1523390263,0
-0.179384079,0.3004513532,0.05171326184,2.109042883,-0.776473105,0.1252441406,0.3620868921,0
-0.1796620424,0.040268942,0.3065020101,2.921104193,-0.9664749503,1.474509001,1.964666724,0
-0.03134765288,0.008293751867,0.04541089584,2.885788202,1.543809772,-1.392826915,-1.648906469,0
-0.3121256885,0.01731008032,0.0920831608,3.086190462,-0.4970452487,-0.2953522801,0.7721651196,0
-0.09996102948,-0.3118020361,0.236595282,-1.881082654,-0.2174105942,0.1995591521,0.09883862734,0
-0.00302239537,-0.4063422615,0.04981855665,1.563358903,1.865128994,1.552978277,-0.3545194268,0
0.02388039698,-0.03057887938,0.3330645863,2.233809471,0.9541838765,-0.5281117558,2.094395161,0
0.07484547131,0.3555043632,0.2706146374,1.363293529,-0.6371238232,1.015291929,-0.2579609752,0
-0.1002191782,-0.2039530961,0.2285472007,1.114109278,1.976369023,0.7541173697,-1.72586453,0
-0.06179912383,0.08237416243,0.04395372999,2.214016914,2.13359952,-1.717740774,-1.122471452,0
0.1983893866,0.1448095157,0.0559528165,0.6305366158,-0.1697654873,-0.362195313,-0.4978808761,0
0.3043205032,-0.09271197966,0.2590473276,-0.2957472503,-0.1730473191,0.382943213,-0.2812742889,0
0.03755976981,0.1573641321,0.1796553922,1.336499572,0.8753033876,-1.306371689,0.7890945077,0
0.09533591996,0.01143761965,0.4614127367,0.1194033772,0.3362800479,0.4118185341,0.8426638842,0
-0.1147324106,-0.04557521249,0.2342144173,-2.763475895,0.3280412853,-1.091411114,2.094395161,0
0.2798215299,0.1585973638,0.3232258643,-2.625956774,1.202020645,0.9762276411,0.8327324986,0
-0.2376980211,-0.203799439,0.3595253424,0.7087675929,1.140810013,1.457082272,-0.464033097,0
-0.03063740004,-0.2034227084,0.1288263367,-1.720282435,-0.4932670891,-0.8361831903,2.094395161,0
0.170661425,-0.04945858443,0.2992987989,-0.2822929919,0.8091652989,-0.5160912275,0.05138760805,0
0.1052261203,0.2902452769,0.03626372491,1.222990751,-0.5824000835,0.05590848252,-0.3472031951,0
0.1568333868,-0.2120561383,0.1809490382,-0.9338729978,-0.2647152841,-0.5143481493,1.440202117,0
0.2586087649,-0.07043126931,0.1589510765,-0.2658995688,0.1115065664,-0.5263407826,0.2638741732,0
0.1756084203,-0.1773845982,0.3891874168,2.351116896,1.213934183,1.223085523,-0.8211761117,0
0.09381623903,-0.2334853155,0.1048167054,-1.188732266,-0.1100429595,-0.7912550569,0.8750325441,0
-0.2795689249,0.1271062934,0.0437570079,2.714892149,-0.516444087,-0.07880480587,-0.1367482394,0
-0.3054717893,-0.037617528,0.37060077,-3.019063711,-0.5372075438,1.067137957,0.298114419,0
-0.03863100544,0.1525342564,0.2670889291,1.819517732,0.2003270239,-0.7330539227,1.930944681,0
-0.1577825115,0.2021307279,0.2307380929,2.233609915,-0.2256269902,-0.3503928781,1.526379108,0
-0.1534760285,0.05616000123,0.1907633685,2.790798903,1.042800188,-0.9185913801,-0.3287365139,0
-0.05231772423,0.2003012459,0.44024503,1.82620883,-0.1150227785,0.7848237753,0.5491793156,0
-0.1050450168,-0.2851023111,0.3068312871,-1.923809171,-0.3264575005,0.3270657361,0.8521872163,0
-0.2895909103,-0.08296239909,0.19517493,-2.862586498,-0.2935716212,0.5701719522,-1.032420516,0
5.536562837e-05,0.2857455371,0.05050980978,1.570601463,-0.3841519654,-0.1697907448,-0.3062392771,0
-0.2355246565,0.05361629008,0.02641742401,2.917773247,-0.4920661449,-0.781470716,1.011592746,0
0.1362032857,0.2298758815,0.1222792401,1.035905004,-0.4154449701,0.4886636138,-1.409361243,0
0.2506622435,-0.1769306424,0.3495636001,2.526984692,1.284427404,0.7987420559,0.663556993,0
-0.1127946399,0.272966623,0.1967996037,1.962872148,-0.1059118435,0.2232061028,-0.6747760773,0
0.0869356019,0.2938727853,0.1168084055,1.283170223,-0.6273872256,0.7496359348,-1.291239858,0
-0.281222236,-0.2103472554,0.06542180584,0.6422039866,2.181661606,0.3794570863,1.234280109,0
0.0396974103,-0.1151042709,0.1986885074,-1.240313888,0.802287519,-0.3159928918,-1.495789289,0
0.1530913996,0.3002003583,0.2385907932,1.099220514,-0.5165329576,0.2906709015,0.8733075261,0
0.2407275102,0.2765579045,0.09148996994,-2.287038088,2.048144579,1.393042088,-1.099500418,0
0.001364490294,0.1434769122,0.1438594246,1.56151104,0.3925748169,-1.486708879,1.569268346,0
-0.1972488711,-0.2781034233,0.2847069478,-2.187713146,-0.5535517931,0.6035134792,0.6537104249,0
0.1819779284,-0.08948260083,0.444405583,-0.4572094679,-0.1266076118,0.8228530288,0.5534140468,0
-0.3096657054,-0.1562228305,0.1723618643,0.4672448039,2.018498898,0.2367721051,1.058392167,0
0.1625934917,-0.319229064,0.2067978844,2.041879892,2.083316565,0.3747005761,0.2355073243,0
0.06049125835,0.1145889097,0.4085289714,-2.056435823,1.292032599,0.6671197414,-0.9408486485,0
0.3339760738,-0.1887763711,0.2074953662,-0.5144680738,-0.8217861652,0.7610573769,0.4387924671,0
0.1642645422,0.1813987459,0.371872705,-2.306420803,1.456488729,0.8657974005,-0.759164691,0
-0.08676657767,-0.3267953242,0.2782475548,-1.830314994,-0.3747481704,0.4698546827,0.2995372713,0
-0.07651168582,0.212287364,0.3570296763,1.916935921,-0.08599995822,1.141617656,-1.253398538,0
0.3774153023,-0.03043691245,0.05226745401,-0.08048497885,-1.352802873,1.50232172,-0.9439573884,0
0.09696529009,-0.2047260383,0.08961331884,-1.128122568,-0.3555232882,-0.9212682843,1.497059584,0
-0.09125755818,0.2821569808,0.1264155495,1.883610845,-0.2478843182,-0.4212718904,0.6585403681,0
0.2335792155,0.08806255236,0.222453557,0.3605441153,0.259380281,-0.0875601843,-0.6098886728,0
-0.372691927,0.1374310475,0.1976517592,2.788310289,-1.164654136,1.56754303,-0.3937277794,0
0.07703810718,-0.1315763379,0.1639394681,-1.041122317,0.02297909185,-1.262686253,2.033168554,0
-0.02852474749,0.2069501187,0.2955237245,1.707790375,0.09902724624,0.7351911664,-1.483546376,0
0.03644642313,-0.2444344484,0.3044872185,-1.422795892,0.096937567,-0.2127694339,0.960113883,0
-0.163426871,-0.1603059337,0.2590646726,-2.365832806,0.4804711938,-0.4946117997,0.252114445,0
0.1876448546,0.228622973,0.3115904597,0.88352108,-0.07843598723,0.235892117,0.3051360548,0
0.1353852817,-0.3013728046,0.1741524449,1.993013859,2.063775778,0.0840497762,1.188572884,0
0.1869837619,0.20690658,0.3308556836,-2.305668592,1.713196516,0.633456111,-0.5510988832,0
-0.2420264778,0.2461789584,0.08482544496,-0.7939007878,2.176774263,0.2820962965,1.281797767,0
-0.1678785536,-0.1897803359,0.2039165115,-2.294969797,-1.462466955,1.548683167,1.945465446,0
-0.0132704983,-0.2128589039,0.2507854644,-1.633143187,0.61533463,-0.5777577758,0.1079351455,0
0.1847679905,0.2133255643,0.2868821617,0.8570099473,-0.2507298589,0.05490015447,1.153156877,0
0.06189220768,-0.1537876212,0.465223569,1.953415513,0.9487092495,0.7866751552,0.2254990041,0
0.2224954135,0.1091690515,0.04142762916,0.4568646848,-0.2087575644,-0.472361058,-0.2296748608,0
0.1388242192,0.11886198,0.4571654919,0.7080852389,-0.06696822494,1.244552135,-0.4988126755,0
0.2825858864,0.0283093648,0.2347985681,0.09986058623,0.0923878774,-0.207749486,0.2293707132,0
-0.1477270518,-0.1129125941,0.3609285324,-2.488972902,0.3571275771,-0.2175291926,0.9729090333,0
0.1221323459,0.1923122716,0.06921607667,1.004982114,-0.3526590168,0.08708721399,-1.315216064,0
0.07867608475,-0.2278744748,0.413269043,-1.238349915,-0.2214626074,0.7521713376,0.6162664294,0
0.1393155002,0.2223938916,0.3555600056,-2.130430937,1.44934094,1.016428351,-0.8827431202,0
-0.1104921613,-0.1515041029,0.34580492,-2.200917482,0.5909713507,-0.2849825621,0.3438750803,0
0.03427623321,0.07994429634,0.3145050414,1.165895462,0.7502424717,-0.8434467316,1.668462515,0
0.1837087894,-0.3207778678,0.2230719168,-1.050657034,-0.5848314166,0.6939427257,-0.08334446698,0
0.1887299727,-0.1590044738,0.3929589801,-0.6999650002,-0.02152493596,0.8076608181,-0.4274181724,0
-0.3750352298,0.01146564674,0.2021467906,3.111030102,-0.6660845876,0.5737267733,0.3033901155,0
-0.317136299,-0.2050391345,0.07970828725,-2.567672491,-1.146449685,0.569175303,0.8886666894,0
-0.01509186997,-0.2656440852,0.123195464,-1.627492547,-1.773296237,1.569829583,1.994129896,0
0.05674565276,0.05048447798,0.06591646189,0.7260057926,1.730608582,-1.402311802,-1.306708217,0
0.06161462213,-0.2198471953,0.1447111017,-1.29754293,-0.4864067137,0.7471542358,-1.979776025,0
0.07664834422,0.3712548363,0.1482805499,1.367145061,-0.8018960953,0.4699546993,0.5365124345,0
-0.2509735978,-0.1466589756,0.1294578838,0.5288401246,2.181661606,1.103401065,-1.699114084,0
0.1351644235,-0.3049229679,0.06815416001,-1.153544307,-0.8042949438,0.7131058574,-0.9652222395,0
-0.07266799893,-0.2808193736,0.0298681874,-1.824067235,-0.8657304645,0.6688458323,-1.296205521,0
0.264007254,0.08967848014,0.04262662055,0.3273139298,-0.4752835631,-0.5267270803,0.7035664916,0
-0.1325145027,0.1905658477,0.1149221792,2.17840147,0.1234996542,-0.9181891084,0.703742981,0
0.1804862183,-0.08487123024,0.1288196021,-0.4395546317,-0.4560121596,-0.8999887109,2.094395161,0
0.07135618656,-0.1256549388,0.07268076125,2.087347984,-2.109674931,-1.006211519,-0.6908844709,0
-0.2038354328,0.002009959702,0.3975946171,3.13173008,0.3205378652,0.3248019814,-0.07784932852,0
0.1357945806,-0.3193057373,0.08141816599,-1.168080807,-1.021559596,1.177598357,-1.207331896,0
-0.2392166164,0.1944899367,0.3347774982,2.458957911,-0.3655565977,0.5739328861,0.6043927073,0
-0.1864593771,-0.03340050835,0.10914515,-2.964369535,0.4459227026,-0.7009922862,-0.6492186785,0
0.3656269035,0.09544390911,0.2032392053,0.2553450763,-0.8227892518,0.6788125634,0.6160707474,0
0.1410629953,0.04839715934,0.1801274286,0.330485642,0.605681777,-1.373579264,1.391558886,0
-0.1106427693,-0.07296906245,0.478758453,-2.55856657,0.08757258952,0.8274744153,0.4757047296,0
0.05446488081,0.1672691668,0.2398027934,1.255945683,0.6769446731,-0.2319870144,-0.9714303613,0
0.1880484858,-0.159493823,0.2509989386,-0.7034169436,0.3324235082,-0.1256979555,-0.4131291509,0
0.3343140909,-0.001294580107,0.0724044586,-0.003877608571,-0.8538879752,0.8367697597,-1.076098442,0
-0.02678689835,-0.1347484445,0.3787736611,-1.767049074,0.7361547947,0.1227369532,-0.5397189856,0
0.3796902862,0.07365754381,0.07633465221,0.1916175187,-1.124622226,0.6184161901,0.6653783321,0
-0.1205340958,0.1509776286,0.04073741462,2.243218422,-0.1752548516,-0.3508042097,-1.01949656,0
0.2999960273,-0.1335637437,0.1953923052,2.722723484,2.009769201,0.9840179682,-1.133346558,0
0.07314213913,0.3651321297,0.1623361107,1.373099923,-0.8139829636,0.4562799633,0.7475948334,0
-0.1046782392,0.1711190759,0.2525480201,2.119597197,0.3417125046,0.2031919509,-1.257451415,0
-0.0332306383,-0.2844029178,0.102649214,-1.687113643,-0.1912786514,-0.1576857716,-0.3828711212,0
0.07173166551,0.1709585085,0.3638189443,-1.967956781,1.657056332,-0.2177194059,0.7891251445,0
-0.2860685253,0.009514958059,0.03078746325,3.108388186,-0.4922935069,-0.4018469751,0.3927659392,0
-0.06345399412,-0.02393957344,0.2506060848,-2.781456232,1.696842313,-0.7721504569,-0.8252217174,0
-0.1405717673,0.1196675896,0.2182132392,2.43636179,0.424665004,-1.019947052,1.311391711,0
-0.1972334785,-0.1357838064,0.1617331055,-2.538471699,0.219170481,-0.255199492,-0.7009263635,0
-0.05025083878,0.0658483621,0.4837641187,-0.9190819263,0.8362927437,0.6219710112,0.257301569,0
0.1876175927,-0.1154157757,0.02737743136,-0.5514956117,-1.093042135,-0.5566317439,2.094395161,0
0.02503028328,-0.1262102849,0.1082461054,-1.375024438,0.3151240945,-0.4570044279,-1.559638023,0
0.14229812,-0.1938850265,0.3818794299,-0.9376593828,0.1328074932,0.3501721025,0.1448794156,0
0.301960367,-0.2223990946,0.2130468102,-0.6348300576,-0.8932660222,0.7756469846,0.7390966415,0
0.3532559531,-0.04281260347,0.04789503402,-0.1206049025,-0.7983207107,0.287076205,0.0215854235,0
-0.09599796891,-0.08834982027,0.3706254311,-2.397480011,0.5847861171,0.5063393712,-1.132911205,0
-0.3262143371,-0.03593753937,0.3285495538,0.1097232103,1.303069115,0.9102457762,0.6007035971,0
0.07823076501,-0.2892992484,0.3515922897,-1.30662024,-0.2169340998,0.6790776849,-0.01018251106,0
0.2537438894,0.3132887994,0.0977436324,0.8900260925,-1.18480134,1.227402449,-0.4055232406,0
-0.05386954509,0.06647205164,0.2260875197,-0.8897409439,2.181661606,-0.2157686651,-1.666306138,0
-0.2356353961,-0.2553807833,0.1247966202,-2.315976858,-0.7841919661,0.9533935189,-1.035200238,0
-0.001065616625,-0.1176565533,0.4486555267,1.56176734,1.106229424,0.2604760528,0.5657299161,0
-0.1682678759,-0.06794643137,0.2897869317,0.3839571774,1.944632173,-0.6781929135,1.3064574,0
0.2730071039,0.28684902,0.05841714313,0.8101168275,-1.221459031,1.15512383,-0.4631019235,0
-0.1113951618,0.129769223,0.4614948425,2.280152321,0.01263982058,0.7879961133,0.4585981965,0
0.01861351443,0.1429837131,0.2955317792,1.441518784,0.4637144208,0.4577276111,-1.617927313,0
0.1046601396,0.003175395156,0.4217279135,0.03014611639,0.7656869888,0.02801677212,0.1173160821,0
0.08583067759,-0.2883097343,0.2736765704,1.860187292,2.021492958,0.04303512722,0.4380682409,0
-0.1557433407,-0.1635858495,0.2673393382,0.810336411,2.135811806,0.2598182261,-1.045080304,0
0.1425956116,0.05398754984,0.2750179907,0.3617613912,0.434140116,-0.8471949697,1.632186174,0
0.0158825447,0.02072062295,0.08043303949,0.9256060719,1.171729326,-1.109178543,-1.815063238,0
0.1673018124,0.03979311397,0.06422966827,0.233564198,-0.4045906067,-1.26013577,1.742483139,0
-0.229786962,-0.2749913971,0.2188474337,-2.266762495,-0.7170745134,1.172077179,-0.8426663876,0
-0.1591477479,0.1315213607,0.3535700943,2.451135159,0.1829479784,0.743124783,-1.096002221,0
-0.07048820191,-0.021856963,0.4442606884,0.3006518781,1.159040928,0.08834447712,0.4103054702,0
-0.1244691947,0.0865954082,0.4653667191,2.533742666,0.1002131626,0.703058064,0.5215713382,0
0.05627674163,0.2358776086,0.377813127,1.336633325,-0.7397869825,1.266448021,1.138240099,0
0.1479873099,0.1225155184,0.3512443942,0.6915396452,0.321449995,0.5687243342,-1.034994006,0
0.01312578245,0.3963495317,0.02750705775,-1.603901148,1.96337378,1.570323348,-0.5530965328,0
-0.08029224792,-0.3138359097,0.1251588093,-1.821266651,-1.541553259,1.166810036,1.635349035,0
0.04480261324,0.13606183,0.04545832455,1.253590941,0.5774859786,-1.216929674,-0.2882085443,0
0.1617765511,0.1091820255,0.06699372267,0.5936924219,0.2904027104,-1.024621606,0.1076128557,0
0.1202282184,-0.2321458241,0.2037529281,2.048716784,1.779179335,-0.04734104499,1.935338259,0
-0.05645568538,0.243899845,0.06602529441,1.798504233,-0.6740325689,0.5597668886,-1.620107174,0
-0.01698061588,-0.2655405675,0.1201445083,-1.634592772,-0.5159093738,-0.5431827307,1.5680933,0
-0.3338874398,0.1391097395,0.03255009849,2.746829271,-1.823702812,1.351914287,1.0960325,0
0.1626796899,-0.3089718999,0.2361467355,-1.086109638,-0.4152039886,0.3769500852,0.2672518194,0
0.1989886497,-0.1831049661,0.4027039563,2.397740364,1.039380312,1.38171196,-0.4604449868,0
0.3169069361,0.2128243898,0.05730860582,0.5913878083,-1.028115153,0.5032969713,0.4170674086,0
-0.3091220296,0.2191715457,0.1018912605,2.52489233,-0.9759899974,0.4705116451,0.7185686231,0
0.1649377732,-0.01593878133,0.111915633,-0.09562026709,-0.3551779687,0.2110235393,-2.093123674,0
-0.1649577679,0.1400688792,0.08472923925,2.43763423,-0.0912591815,-0.1801432818,-1.104516268,0
-0.1449117997,0.26406143,0.06116104477,2.072547674,-0.8321221471,0.7954520583,-1.359991074,0
0.2671655397,0.1672434054,0.02173425704,-2.582280636,2.181661606,0.4533490539,1.654468179,0
-0.1523399392,0.07990640482,0.3727144431,2.658521891,-0.01220047381,1.349170923,-1.566541791,0
0.1761921359,0.1163976804,0.02983160938,0.5838095546,-0.3887489736,-0.1219921112,-1.123213053,0
0.2845977679,0.2258941459,0.2187005883,0.6709020734,-0.6440327168,0.4857438803,0.6092619896,0
-0.2051005172,-0.2452246025,0.02418628509,-2.26732707,-1.169738889,0.1020760834,1.393947601,0
-0.3544548028,0.1074677273,0.1204366949,2.847211599,-0.7178813219,0.3243164122,0.3429615498,0
0.01956547371,0.2076170892,0.1964192706,-1.664615273,2.158959627,0.5713346601,-1.847817898,0
-0.05732405604,0.2486804905,0.08592288659,1.797360778,-0.02985906042,-0.6272861362,0.1558620632,0
0.2764073705,0.05406246675,0.3594522246,0.1931569725,-0.1215913072,0.4723121524,0.3169015348,0
0.098834333,-0.2983364027,0.1779149948,-1.250892639,-0.654209733,0.03075907752,1.409125209,0
0.01924868306,0.1323857913,0.04266059367,1.426417112,0.3707968891,-1.568918467,0.7818740606,0
-0.2390882969,0.01814422946,0.0380964259,3.065879583,-0.1796841174,-0.7020716667,0.2099752426,0
-0.290249742,0.03081565538,0.2296768934,3.035898447,-0.02834752202,0.221836552,-0.5679965019,0
-0.1552483533,0.2902403128,0.0918449128,2.061971903,-1.743458271,1.362025023,1.517950416,0
0.01228849231,0.3478707082,0.2294615229,-1.606117368,1.72723186,0.4883503914,0.9819173217,0
-0.3572825206,-0.0690913893,0.086923596,0.191020444,2.09211278,1.346684456,-1.109090686,0
0.0343960117,0.2175629338,0.06201987564,1.414039731,-0.5845373273,0.3594510555,-1.679623485,0
0.1177356617,0.09115299995,0.4554171717,-2.482772112,0.93843472,0.5607845187,0.6971977353,0
-0.1469890665,-0.2061547512,0.3648113256,-2.190192699,0.0965089798,0.2737890184,0.2575267851,0
-0.1703987788,-0.1484688045,0.2668497472,0.7167389393,1.74612987,-0.3237787783,1.692398667,0
-0.01367799252,0.298883068,0.1889357588,1.61651504,-0.3353514969,0.6297690272,-1.131420851,0
-0.0009436923608,0.145027825,0.1444418278,1.577254772,1.328669548,-1.359424472,-0.05857823044,0
-0.003570393387,-0.1634342912,0.316951527,-1.590803385,0.4343405664,-0.5821279287,1.378579855,0
0.3135701227,0.1429081594,0.09413871854,0.4276216924,-1.193206906,1.570796371,-1.420766473,0
-0.02335085451,-0.384887189,0.1183907407,1.510202408,1.932045341,1.369815588,-0.8251945972,0
-0.3020450358,-0.1008730098,0.3302734728,-2.81927228,-0.4542458057,0.6804839373,0.5809304118,0
0.2855582774,-0.2230336438,0.08829634342,-0.6630780697,-0.9345680475,0.2777601779,0.8861149549,0
0.1918960006,0.04016953134,0.3626605008,0.2063541561,0.4674589038,-0.1435917318,0.423027426,0
-0.0006662429066,0.2781636485,0.1381253924,1.573195815,0.004073881544,-0.4282139242,0.1087922677,0
-0.2087102203,0.03804611411,0.4383309595,2.961281061,-0.4657452106,1.253576517,0.6700651646,0
-0.201940819,-0.142220945,0.3039904359,0.6138256192,1.425314188,0.1701533794,1.599091172,0
0.02911408847,-0.06816392147,0.4501374464,1.974211574,0.8445255756,0.2658762038,1.041970849,0
-0.07154680257,0.3790428598,0.2412483529,-1.384235263,1.57492888,1.174973249,-0.1057741418,0
-0.1693338894,-0.1833747269,0.1572231426,-2.316300392,-0.3133476377,0.5592572689,-1.593164444,0
0.1973754805,-0.302261786,0.177321022,-0.9923356175,-0.5120340586,0.4179210961,-0.05684216693,0
0.2324347809,-0.157772823,0.3700061411,-0.5965231061,-0.3163025677,1.184298754,-0.6792618036,0
-0.05372351623,-0.2503435807,0.3571158141,-1.782257795,-0.006483197212,0.2095674574,0.6798937321,0
-0.05065230073,0.0004803846175,0.2595929197,-3.141592741,0.8472088575,-1.232029796,2.08551693,0
0.2040096356,-0.3141269688,0.09534463346,-0.9948075414,-0.8102474213,0.3769619763,0.3036366701,0
0.1489755364,-0.180199399,0.3384573602,-0.8795335889,0.2287909389,-0.1099021584,0.6626393199,0
0.01185645618,-0.2135773407,0.3648580518,1.626182556,1.743574023,0.1728483438,-0.1771186441,0
-0.1681727787,0.2163138129,0.09431216771,2.231930256,-0.1238372847,-0.5242389441,0.2526518106,0
0.3174181944,0.0948830771,0.1235646789,0.2904611528,-0.4147136509,-0.07834625244,0.3417869806,0
0.1138455701,0.2736523837,0.2963814083,1.176553726,-0.07179480791,0.1280305833,0.4144370556,0
-0.05714673323,-0.1022488648,0.140043756,-2.08174777,1.280746341,-1.767341375,0.9700183272,0
0.2330562321,-0.2390078947,0.1420809305,-0.7980044484,-0.3640101254,0.116260238,-0.1159119979,0
-0.3387994078,-0.05654532971,0.3065864105,0.1653747857,1.464725971,0.8262957931,0.4536080658,0
0.08501939757,0.02151324583,0.25661687,0.24796924,0.9003629684,-1.257632494,1.680993795,0
0.2398027081,-0.10337072,0.2380407722,-0.40700984,0.2369787544,-0.1023751944,-0.3665430248,0
-0.0598086483,0.1939542462,0.3699930254,1.869913697,0.4374561906,0.1119410992,-0.1011220515,0
0.2639766214,0.1109844013,0.17786148,0.3979885876,-0.4353803098,0.8025480509,-1.43663156,0
0.3612930085,-0.07733547084,0.1533135022,-0.2107894421,-0.6438644528,0.3508240581,0.3290411234,0
-0.1955866065,0.2308692838,0.1323599174,2.273567677,-0.4204691947,0.4668572843,-1.040046334,0
0.1308158595,-0.06412853557,0.03141445367,2.685767174,-1.824974298,-1.305598617,0.07050061226,0
0.1744010403,0.0289406532,0.4685446369,0.1644451618,-0.119824782,1.304371119,-0.3452349007,0
0.2528666374,0.03520338434,0.1254195739,0.1383453906,-0.009019456804,-0.7477222085,0.7421792746,0
0.2508479144,0.08975335391,0.366706525,0.3437387347,-0.1619713008,0.9955004454,-0.7207012773,0
-0.203138169,0.2677782202,0.1426785538,-0.9218225479,2.14436841,0.09871681035,1.203926563,0
0.2068388736,0.03309003266,0.06118760369,0.1587324739,-0.6846401691,0.4587448239,-1.883540869,0
-0.104713241,0.05246977987,0.2223302608,2.677079916,0.5635940433,-1.29095912,1.853048921,0
0.1657108188,0.02574136397,0.3637839204,-2.987465382,0.3183266521,1.525314093,1.609664679,0
0.009694369561,-0.05747300218,0.09311369398,1.73819232,-2.0471735,-0.8955081701,-1.686837912,0
0.004159525276,0.06289314401,0.0820954529,1.504903674,0.2577973306,-0.7373670936,-1.795528173,0
0.1156612921,0.04020749377,0.1392584198,0.3345605731,0.859510839,-0.6938707232,-1.271971822,0
-0.1182502558,-0.1518571965,0.2352297238,-2.232409954,-0.07103472203,-0.6408466697,1.97055769,0
-0.2974183372,-0.0006988469327,0.2047657004,-3.139242887,-0.7663348913,1.515060186,-1.698815703,0
0.1147246851,0.1190349687,0.3337265867,0.8038550615,0.7955072522,-0.2968510687,-0.1305515617,0
-0.03294203492,-0.3398635368,0.1242861637,-1.667470932,-0.7346385121,0.05870644376,1.043902516,0
-0.3881148952,-0.07475435305,0.08481679818,0.1902743429,2.035191536,0.7807545662,0.6008452177,0
0.324191793,-0.163125283,0.0889874108,2.675356388,2.149913788,0.3982087374,1.061167002,0
0.2655695442,0.0368821061,0.2760025518,0.1380063593,0.1863882542,-0.1663904786,0.2666932344,0
0.05862675406,0.07578390357,0.4713634934,0.9123650193,0.4770680666,0.5071758032,0.1532418132,0
0.04991923689,0.09820657864,0.4774266191,-2.041120768,0.8206664324,1.05553484,-0.5108411312,0
-0.08377278475,-0.2408221726,0.05719683041,-1.905569673,-0.8693443537,-0.4963259399,1.796459913,0
0.2410291521,0.03224229592,0.06242936773,0.1329799443,-1.020071507,-0.3747950494,2.094395161,0
-0.2770832914,-0.1931448608,0.07888789228,0.6087531447,2.181661606,0.259745568,1.380214214,0
-0.1707878302,-0.168169601,0.4058383078,-2.363736153,0.009340271354,0.7250704169,-0.1933353245,0
-0.03132793286,0.3638344743,0.1364748533,-1.48490572,1.964181781,0.4846597314,1.064045429,0
-0.2189657109,-0.1246956248,0.2988775429,-2.62413311,0.285515219,-0.1266419888,0.1371385455,0
-0.01523593569,-0.1633729688,0.3508078304,-1.663786054,0.2672936916,0.8458915949,-1.45345068,0
0.1759910225,0.09486823697,0.4141875373,0.4944776595,0.02717833221,1.088458657,-0.862139225,0
-0.1630992784,-0.0731193263,0.3318761776,-2.720234632,0.2104475945,0.8182151318,-1.495045304,0
-0.2697121677,-0.2096235003,0.1470364504,0.6608411074,2.058500051,1.161081553,-1.225961328,0
-0.01746870837,0.2488100649,0.1427344627,-1.500665426,2.083619118,1.139747858,-2.081807375,0
-0.06527945953,0.2066877571,0.1358269239,1.876713276,0.07503371686,-1.022647977,1.200608373,0
-0.008453238126,0.03516002949,0.4434064563,1.806080341,0.6916405559,0.05262412131,0.9688122272,0
0.24922149,-0.3034810317,0.05719523961,2.258336782,1.976440191,1.503709912,-0.7198914886,0
0.08978544215,-0.2846531325,0.3765978137,1.876340389,1.244138241,0.9397643209,0.2292203009,0
0.1759580774,0.1623627313,0.0485876252,0.74523592,-0.1184958369,-0.5642805696,-0.1829259247,0
0.049382034,-0.2023080613,0.09052214163,-1.331238031,-0.5178536177,0.4106550813,-1.878945947,0
0.2598551967,-0.06667511659,0.2287999022,-0.2519592941,0.09138068557,0.1534197927,-0.7359614372,0
-0.05384253208,0.1041559368,0.4406539703,-1.09367156,1.129327416,0.7337662578,-0.6990032792,0
-0.3632644074,0.1848172379,0.1185627012,2.67095542,-1.186765432,1.027752399,0.2941831946,0
0.3200378069,0.2296495577,0.113880327,-2.519172907,1.87558639,0.8629876971,0.7221261263,0
-0.1988446834,0.02960003101,0.2318872658,-0.1477748901,2.181661606,0.3311631978,-1.504598975,0
-0.1859843387,0.06290921012,0.02781392682,2.815666676,0.006025103852,-0.8371539116,-0.144676581,0
0.2480154043,0.1330673692,0.40466765,0.492441684,-0.5361503959,1.355332375,-0.02970539033,0
0.3666992041,0.09213534515,0.1764152873,0.2461601496,-0.9991065264,0.7458605766,0.8586903811,0
-0.3063585085,0.2191908854,0.1718207654,2.520643711,-0.7081742883,0.7995026708,-0.3936561644,0
0.3949703897,-0.01787083747,0.1728611686,-0.04520326853,-0.9300348759,1.099374294,-0.3354828358,0
-0.04858920522,-0.1542134536,0.4214915955,1.265562654,0.4163078964,1.28582108,1.239268303,0
0.1411646168,0.1978218872,0.2744102176,0.9509999156,-0.3613653779,1.312018037,-1.762624383,0
0.1842780974,-0.3326920966,0.1909970897,-1.064963698,-0.8264480829,0.650024116,0.5825677514,0
0.143979577,-0.01178395026,0.03347550174,-0.08155573159,-0.7074227929,-1.333245635,1.943049908,0
-0.01569910589,0.01723454892,0.4036415822,2.304994106,1.124235988,0.1565719545,-0.6673565507,0
0.05246167853,0.1533663467,0.1367249738,1.241593003,-0.01079007611,0.03588759527,-1.856092811,0
-0.09745658461,-0.2332155139,0.03980501829,-1.966762781,-0.4601606131,0.0466170758,-0.9808926582,0
-0.1483608121,-0.1416526802,0.2184674031,0.7623358369,1.855283499,0.8979209661,-2.070070267,0
-0.1577445416,-0.04170028766,0.4309240468,0.2584229708,0.6670935154,0.8800523281,1.200952291,0
0.2439455137,0.08047269349,0.1023218178,0.3186351955,0.02535593882,-0.6223298907,0.1671901047,0
0.2058358514,-0.1741179026,0.1539569007,-0.7021414042,-0.5743798018,0.9412408471,-1.745502591,0
-0.05744567737,0.1411385941,0.03324708485,1.957390428,-0.7032881379,-1.282987356,1.917521477,0
0.2011302225,-0.1780507156,0.2534516569,-0.7246621251,0.06564021111,0.302013427,-0.7979582548,0
-0.139134288,-0.3558981068,0.03365245571,1.198124409,2.042844534,1.551164389,-0.8592874408,0
-0.2074702314,-0.101277384,0.1065330267,-2.687729359,-0.1168766618,-0.9396325946,1.176935315,0
0.1317888236,0.3117527643,0.1530753765,-1.97083056,2.040068388,1.167981505,-1.253768206,0
0.2426053047,0.006804720091,0.2863224651,0.02803593688,-0.172550112,-0.1363043338,1.521782041,0
0.2766639352,0.1578691412,0.1334231095,0.5189909935,-0.6680247784,-0.1058247834,1.280723572,0
0.1504830155,-0.2762731558,0.07990374617,2.069552898,1.368321061,1.569890618,1.546062946,0
0.1441608216,-0.1763192528,0.07578996884,-0.8854168653,-0.1741679609,-0.1340539455,-1.048945546,0
0.1743496757,0.09393068202,0.4334193016,0.4941637218,-0.02416241542,1.151534438,-0.6824510098,0
-0.1007745589,0.3600871711,0.2233519843,1.843676567,-0.7816709876,0.7095447183,0.5820654631,0
-0.09075028061,0.3337610792,0.2904745905,-1.305313587,1.372601151,1.497674704,-0.7388243079,0
0.2328241947,-0.05673132158,0.3769215191,2.902583122,1.313238263,1.119240999,-0.9622206688,0
-0.04726757977,-0.2262255091,0.02904384822,-1.776884675,-0.8152061701,-0.7290049195,1.678236961,0
0.125858447,-0.07672802361,0.3174085736,-0.5477263927,0.4186833501,-0.5951112509,1.56876111,0
-0.1392860495,0.07190672707,0.159332534,2.665028334,0.1769173443,-0.006941910833,-1.784877539,0
0.3709527045,-0.1026743641,0.2139730765,-0.2700256109,-0.8614610434,0.8447514176,0.4351164699,0
0.2340438026,0.1071431533,0.1622040895,0.4293098152,0.1261310875,-0.1969733536,-0.5914959311,0
-0.04491327341,-0.1247896937,0.02347284262,-1.916262507,-0.8585317731,0.08043643087,-2.046370983,0
0.1303912261,-0.02686234435,0.3102829614,-0.2031462789,0.5340617299,0.4603278339,-1.566924572,0
-0.0504179889,0.3892763029,0.06118072273,1.699596405,-1.093139887,0.6815071106,0.2674438357,0
-0.1317926006,0.1549132362,0.3023411123,2.275739193,-0.2877066135,0.08875878155,1.953100324,0
0.02749763858,0.07727438027,0.2992111671,-1.91238606,1.479083538,-0.9037038684,1.864761829,0
0.08439649322,0.3205488443,0.1227022041,1.313351154,-0.6743120551,0.792370379,-1.073167324,0
-0.01247903474,0.2958173275,0.1498120784,1.612915993,-0.5666928291,-0.2511609197,1.446715474,0
-0.04447606564,0.1775538292,0.06213766731,1.816325307,-0.5261906981,-1.148335576,1.825819492,0
0.1674165185,-0.3037000654,0.05418320288,-1.067006469,-0.8684431911,0.07981523871,0.7779603004,0
-0.2277369926,0.004825173504,0.1005990502,3.120404005,-0.4588014781,-0.8439098001,1.715898752,0
-0.07763238355,-0.1857003826,0.2523939685,-1.966133595,-0.0896076709,0.8715711236,-1.904101968,0
0.001323821953,0.2694689437,0.05310986735,1.565748334,-0.652919054,-0.5678045154,1.319626808,0
0.234357869,-0.03552642043,0.3534997922,-0.1504379213,0.1839529723,0.02256313711,0.5833315849,0
0.1760777605,-0.1094788058,0.09391563993,-0.5562209487,0.344961375,-0.9752083421,0.1617628187,0
-0.3353825998,-0.1583648922,0.1949104583,-2.700465679,-0.7610780001,0.5256988406,0.6984211206,0
-0.03427722362,-0.1027314423,0.4405164368,-1.89283967,0.3390893936,0.2503654659,1.031258345,0
0.162201814,0.002675603317,0.2150642858,0.01654623635,0.362639457,-1.110579848,1.655926347,0
0.01273437958,0.305315324,0.2641876272,-1.612481236,1.67959106,0.2403733581,1.230327845,0
0.1526789175,-0.2075887003,0.3590925268,-0.9366521835,-0.1473711431,1.040788531,-0.9135608077,0
0.1562155585,-0.2695565036,0.3605533014,-1.045565605,-0.4726863503,0.9274845719,0.3092737496,0
0.05577072157,0.1560822787,0.3995536369,1.227438688,0.2786013484,0.03761257231,1.034610987,0
-0.2448284395,-0.2710101038,0.1710498369,0.836101234,1.925556898,1.191028237,-0.9251198769,0
-0.3680343917,0.001995764634,0.1372204647,-0.005426391959,2.026843309,0.4354353249,0.9454992414,0
-0.1648688117,-0.1704795305,0.1323440667,-2.339463234,0.1004293635,-0.2175495178,-0.8369840384,0
0.3037752042,-0.003169809554,0.08443638169,-0.01043259073,-0.7643740773,0.8113857508,-1.369229198,0
-0.2719059521,0.0432013912,0.3664284616,-0.1575664878,1.392632484,1.028864026,-0.6539099216,0
0.1914278426,0.06032887738,0.04177753707,0.3053195179,-0.7312485576,0.383512646,-1.840791702,0
0.1819211153,-0.2008127617,0.1522444994,2.307047844,2.180976152,-0.3339225054,1.747810483,0
-0.01694078705,0.1150758518,0.3913639752,1.716985941,0.8527994752,-0.2174817026,0.2220876515,0
0.05452477177,-0.3229940405,0.02882788735,-1.40356338,-1.260086894,0.2646349669,1.430068254,0
-0.01189529128,0.05183182865,0.04450020523,1.796384573,2.181661606,-1.531553388,-1.743486166,0
0.1540221534,0.2672079406,0.3358205582,1.047900319,-0.3216500878,0.9524143338,-0.4908194244,0
0.08050108838,-0.1241596089,0.4215050099,-0.995446682,0.2228237987,1.061437488,-1.070232511,0
0.08816859206,0.2342861453,0.1340971714,-1.930731177,2.181661606,-0.3868829012,2.011636496,0
0.04110289073,-0.03485559498,0.4143870138,-0.7031689882,0.8821794391,-0.2512306571,0.82683599,0
0.3605255818,0.09777608949,0.1499222872,0.264833957,-1.03858614,0.6509348154,0.9872469902,0
0.03116977618,0.2918680119,0.1880349118,-1.677187204,2.181661606,-0.2590242624,1.29176259,0
0.3011756175,-0.116751593,0.04628064449,-0.3701732755,-1.899062395,1.386880875,1.52546072,0
0.08061811057,-0.1644608147,0.1521552326,-1.115643501,0.7385699749,-0.8098965883,-0.4706271589,0
-0.2057850751,0.2869733509,0.2559824849,2.19289875,-0.5271694064,0.5236363411,0.462482959,0
0.2543323588,0.02799054358,0.2316052279,0.109608613,0.06649775058,-0.5058916211,1.020030379,0
-0.002090491751,-0.4096071395,0.1291874501,-1.575900197,-1.149041295,1.125302672,0.008285351098,0
-0.2532929832,-0.1354695053,0.3130600157,-2.650478363,-0.03999931365,0.4981917143,-0.4337776303,0
0.2799412773,-0.3028393976,0.08110971006,-0.8246690035,-1.381395936,1.260032296,0.1067027524,0
-0.1385394828,-0.3225427095,0.08464153072,1.16512084,2.174658298,0.3163258135,1.2099756,0
0.1977731821,-0.03824620755,0.2096857394,2.950559855,2.17752862,0.4526106417,-1.732416153,0
0.2956370917,-0.1206209419,0.3011854273,-0.3873867989,-0.5784116983,0.6133272648,0.9636178613,0
-0.08665776993,0.1791309632,0.3966699518,2.021362066,0.1343520135,0.9012364745,-0.9006125331,0
-0.2174379013,-0.3437717898,0.1313430074,-2.1347754,-1.128334999,1.008226514,0.2417028695,0
0.3290454298,0.02449113862,0.1563956826,0.07423873991,-0.3094837964,-0.008349224925,0.1570679247,0
-0.2851514428,0.2469802589,0.1076776129,2.427803755,-0.9130665064,0.9493764043,-0.6559736133,0
-0.2309677389,-0.03409673178,0.184882197,-2.995091677,0.02227621526,-0.787750423,1.321742773,0
0.1456581786,-0.291984132,0.1017006196,-1.108049512,-0.5193890929,0.3587690592,-0.6632581353,0
0.07574441766,0.05306355667,0.13044547,0.6111923456,0.9832566381,-1.888701439,1.4803617,0
-0.1733514064,-0.2866501458,0.06654225839,-2.114698887,-0.6841076612,-0.06855273247,0.6237968802,0
-0.1098289539,0.1716717301,0.3362977664,-1.001651883,1.955796361,-0.04026638344,-0.2409885526,0
0.07055533346,0.3094252495,0.02114696163,1.345913291,-1.072142601,0.9755470157,-1.277263403,0
-0.1071536097,0.002702301678,0.06599818857,-0.02521774918,-0.3420704305,-1.656037331,-1.068281889,0
0.09061827182,-0.06363915351,0.1035092497,-0.6122529507,-0.1695678234,-0.2296188027,-2.094395161,0
0.07103802731,-0.1948809639,0.2060752906,-1.220343828,0.192945838,0.1759086996,-1.402270198,0
0.03838434314,0.07618574332,0.2169212017,1.104029059,0.9661020041,-1.509620309,1.697438478,0
0.1156198752,-0.1201795013,0.4439898568,2.336773872,1.192128301,0.6286948323,-0.1805039942,0
-0.1222195446,-0.3282273997,0.02476151305,-1.92735672,-0.9607067108,0.6677564979,-0.6300519705,0
-0.0206637145,-0.3728741494,0.2796383872,1.515435457,1.327158213,1.352071881,0.01849907637,0
-0.009598987966,0.3726046387,0.2091959538,-1.545050144,1.636733413,1.462957978,-0.8346394897,0
0.2038400771,0.2407870243,0.1171367483,0.8683022857,-0.549757123,0.5770516992,-1.03539288,0
-0.3014667452,-0.1589845897,0.2697151966,-2.6562922,-0.6899235845,0.6493765116,0.9186652303,0
-0.198415597,0.348874235,0.08691058457,-1.0536865,1.899112105,1.447368622,-0.5673164129,0
0.1540560706,-0.2519281503,0.2038567109,-1.02196455,-0.0790688172,0.1951514184,-0.6075567007,0
-0.1352607937,0.0782194123,0.1784913566,2.617707729,0.164116621,-1.235176921,1.887684822,0
0.2217536259,-0.2867454357,0.2125340934,-0.9125202298,-0.6919901967,1.065756083,-0.7308712006,0
0.04903304561,0.02525693688,0.0680443635,0.47554636,2.181661606,-1.414314866,-1.706385016,0
-0.1372158499,-0.253028502,0.2747669928,1.073918343,1.675298214,0.1315551847,1.301354051,0
0.3629870713,0.1348304725,0.06308337613,-2.78592658,1.710640073,1.279557586,0.8285132647,0
0.05854058863,-0.3803074177,0.1823767858,-1.418067336,-0.7716604471,0.6477030516,0.3060246408,0
-0.2951095581,-0.2631773448,0.08459229762,-2.413326025,-1.033650756,0.8683146238,-0.1944620907,0
0.04847938346,-0.003823647745,0.04408120647,3.062883139,-1.316996574,-0.8990209699,-1.535167336,0
-0.0392527102,0.2136688466,0.09781002898,1.752014875,0.291426748,-0.891410172,0.1205946058,0
0.0349255114,0.0405489798,0.3887734216,0.8604105115,0.6384598613,0.9002422094,-1.553591013,0
0.163302547,-0.3460127461,0.07187584911,-1.129835844,-0.9557400346,0.501457572,0.3012101352,0
-0.3401608337,0.03344765464,0.2558323335,-0.09801384062,1.636459231,1.275987148,-0.933227241,0
0.2357871296,0.1883626131,0.276876355,0.6741372943,-0.2807989419,0.8612621427,-0.9478568435,0
-0.02282854147,-0.1458339042,0.3849071971,-1.726075768,-0.4687418044,1.053111672,1.717252731,0
-0.1639597342,0.05860670398,0.2348242165,2.798600912,0.3412115574,0.2282882929,-1.577377558,0
0.3696481892,0.1769563024,0.09350227511,0.4464748204,-1.376443982,1.203506351,0.3408261836,0
0.0903462686,-0.2594865989,0.2166178508,-1.235592246,0.04999609292,0.1381545365,-0.7037986517,0
-0.007353324464,-0.09660999456,0.4521667584,1.495616794,0.3605380654,1.054922819,1.239758015,0
-0.3175928254,-0.0248548297,0.1994193598,-3.063491583,-1.337574482,1.227049112,1.531623721,0
-0.1388980743,-0.06367157162,0.3450464731,-2.711204052,0.7996324897,-0.1224472076,-0.4293653369,0
0.3812588373,0.004032416581,0.1523074515,0.01057177223,-0.836135447,0.5229683518,0.5662915707,0
0.1719807025,-0.2711840378,0.03445054041,-1.00577116,-0.6518675089,0.1305240244,-0.2907081246,0
-0.1364568629,-0.3011164624,0.1346070792,1.14530921,1.225652575,1.559494495,1.387323856,0
0.3253584199,-0.141029839,0.2456785465,2.732578516,1.589760423,0.6906077266,0.8833709955,0
-0.09098151414,-0.2583416961,0.3157649739,-1.909782171,0.0554843545,0.4070694447,-0.4413657784,0
-0.2509929443,-0.2769533216,0.1850515472,0.8345557451,1.391525745,1.240585804,0.9370230436,0
0.02355423101,-0.1113076673,0.3140120301,1.7793262,1.48889482,-0.6927236915,1.776265264,0
0.04386114111,-0.2408813066,0.3861859155,1.75090909,1.187275529,1.29795146,-0.9393321276,0
0.2680234234,-0.2533948875,0.241889025,2.384244442,1.660235524,0.7421501279,0.5803313255,0
-0.07457065219,0.2587221592,0.3088261259,1.851413608,0.1118862331,-0.01683846116,0.3977345824,0
0.1286856241,-0.004121690754,0.4822746185,3.109577179,0.6670200229,1.353341341,-0.5176157355,0
0.2869583166,0.1404629265,0.02146231311,0.4552028179,-0.7468757033,0.2878021598,-0.5246656537,0
-0.1454893653,0.1478606137,0.344753227,2.348017931,0.3954799771,0.2831884027,-0.6438994408,0
-0.1606436404,0.3425851663,0.1045520075,-1.132392526,1.997053862,0.6228441,0.9381527901,0
-0.1887113008,0.05616496198,0.09211416934,2.852168083,-0.5263645649,0.3959830999,-1.976701379,0
0.0974153327,-0.3753713321,0.1260072457,-1.316880584,-0.9051540494,0.5748637319,0.4424490333,0
0.1567894245,-0.01688166738,0.1655439699,-0.1074763015,0.2370181233,-1.307487965,1.729195476,0
-0.2675971245,-0.1033601438,0.2897796336,-2.772497654,-0.1006994694,0.6261227131,-0.7846339941,0
0.01261100118,0.2457893007,0.3277420216,1.518960357,0.1334936768,0.5189599991,-0.7697793245,0
-0.05294374803,0.1788398909,0.3485169741,1.858618975,0.5435315967,-0.3113337159,0.5607473254,0
-0.3719725564,0.1526081983,0.04645848424,-0.389326036,1.932279825,1.131040096,0.4779180586,0
-0.02240192999,-0.1068229832,0.2337879468,1.364081144,1.812468886,-1.179051995,2.094395161,0
0.1943744903,0.1072401034,0.1752640877,0.5042691231,0.04996697605,0.1699343622,-1.377344489,0
0.22897707,0.01765687799,0.3241834752,-3.064596415,1.60172224,-0.1042920426,1.284418225,0
-0.1606552041,-0.02305443394,0.4222154178,0.1425428241,1.287500143,0.676127851,-0.6257099509,0
0.1262905282,-0.005745063274,0.3883897143,3.096917391,1.088750362,1.140421867,-1.526798248,0
0.1068614339,-0.1787045744,0.2007831942,-1.031853318,0.6289180517,-0.8529433608,0.3073898256,0
0.1920313944,-0.2282696742,0.09056474117,2.270187378,2.181661606,0.034920834,1.774386048,0
0.01760369904,0.2822924869,0.1247857584,1.508517742,-0.1317580044,-0.08147696406,-0.5425620079,0
-0.1472755839,0.1389675222,0.2325224666,2.384929895,0.7101151943,-0.6885237694,0.03670464456,0
0.2543370183,-0.0107377841,0.04724214474,-0.04278346151,-0.8035231829,-0.5738361478,1.640666246,0
0.08980377477,0.01447362308,0.4888684142,0.1597938091,0.1426818967,0.8571495414,0.5964755416,0
0.1404204137,-0.131803657,0.1086160084,-0.7537553906,0.5343719125,-1.111156702,0.2471987158,0
0.05700968508,-0.01660839878,0.03433093766,-0.2816761434,-0.8231849074,-0.4370672107,-2.001551151,0
0.07224477747,0.1306761218,0.1330784755,1.065771461,0.1990723014,-1.446558833,1.681146026,0
-0.02339773715,0.2068687394,0.4471288573,-1.458169222,0.7479474545,1.570796371,-0.5484264493,0
0.1962926509,-0.202431143,0.1687909212,-0.8012203574,-0.2743311822,0.4816942811,-1.197818041,0
-0.1357049968,0.1823740428,0.1252758901,2.211986542,0.3233599663,-0.6905725598,-0.1722599119,0
-0.2114400871,-0.1007869226,0.3153944828,0.4447519779,1.990145206,0.1528845131,-0.484502852,0
0.190958951,0.1000850141,0.4447512657,-2.658837557,0.6975405216,1.262212276,0.488896817,0
-0.1823358483,0.2737850642,0.3282953501,2.158314705,-0.5844697952,0.863237679,0.5467357039,0
-0.03857937605,-0.07714576711,0.05739654611,-2.032376051,1.652437568,-1.463912606,-1.124520898,0
-0.29620931,-0.1005736777,0.34321486,0.3273223639,1.165488958,1.570796371,-0.7337112427,0
-0.1101567399,-0.2365046873,0.2451774908,-2.006878853,0.07282844186,-0.421705991,0.9266694188,0
-0.2719622919,0.2098633212,0.2810654274,-0.6573568583,1.490480661,0.72875458,0.8052489161,0
-0.3769019515,0.1302287853,0.1905226794,2.808912277,-0.9602863789,1.019356728,0.1339002252,0
-0.2608662026,-0.2518394937,0.09354681163,0.7677932978,2.13687253,0.3970610797,1.065946698,0
-0.1155081022,-0.2083292667,0.1131872744,-2.077049732,0.1795874536,-0.5546465516,-0.298853457,0
-0.2050997955,0.09063228667,0.2013106849,2.725529909,-0.2764226794,-0.5667530298,1.904842138,0
-0.1350447284,-0.001706384182,0.4414591141,0.01252366696,1.198292613,0.2511738539,0.4517091513,0
-0.04082071203,0.088608878,0.1963285007,-1.139092922,2.181661606,-1.506955266,1.980220437,0
0.12695731,-0.08442631928,0.09203994969,-0.5868386626,-0.4024517536,-1.349638939,2.06849885,0
0.3100405529,0.2080729322,0.05305433981,-2.550514221,2.160529613,0.5808647871,0.9395795465,0
0.1660985797,-0.1007324341,0.1223525254,-0.5456213951,0.5187748671,-0.7513300776,-0.5032485723,0
-0.1587315037,0.2732250595,0.229424621,2.09719038,-1.235199809,1.218843818,1.457095504,0
-0.09572561194,-0.02999818272,0.4187012289,0.3036833405,0.05467211455,1.570796371,1.374958992,0
-0.1600911369,0.05033336014,0.3544977219,-0.3048088849,1.638926506,-0.3568264842,1.037924767,0
-0.06918598766,0.08085583286,0.2205823356,2.278533697,0.6839064956,-1.367867589,1.810874701,0
-0.08456904281,0.3342264056,0.2298394481,-1.322961211,1.95039773,0.8076185584,-0.6535071731,0
0.209876282,-0.1489081067,0.1011856966,-0.6170741916,-0.06821735948,-0.2347257137,-0.6149379611,0
0.268344602,0.2792637635,0.1169895275,0.80533427,-1.370027781,1.068545938,0.8931362629,0
-0.1852275811,-0.277967904,0.2550516816,-2.158590078,-0.2812264562,0.3231195807,0.1523266435,0
0.1850730092,-0.2164248793,0.1955899292,-0.8632572889,-1.458649755,1.430586219,1.765948296,0
-0.117200234,-0.07889983967,0.1430762165,-2.549084902,1.289466023,-1.536810637,0.4197595716,0
-0.01896135867,-0.3121228858,0.06620717874,-1.631445646,-0.4530837834,-0.1421851516,0.05547497422,0
0.2243511564,0.09207294181,0.09511587608,0.3894743919,-0.6781901717,0.7327674031,-1.872338414,0
0.3442775745,-0.0851025247,0.1989593974,-0.2423166186,-0.4653012455,0.2951154709,0.2915436625,0
-0.2785313274,0.2890606136,0.1950801888,2.337645769,-1.116275668,1.402223587,-0.1966713071,0
0.100822591,-0.3332976658,0.1677879163,-1.277072072,-0.4439573884,0.1460103691,0.30391559,0
0.1226527969,0.09077131664,0.4372815291,0.6371105909,0.2412935495,0.9523625374,-0.7805172205,0
-0.1083864417,-0.1459608049,0.2370001342,0.9320657849,1.966757536,0.5379593372,-1.836457372,0
-0.1186686716,-0.1701601718,0.3569159244,-2.179707289,0.1480715573,0.8081647754,-1.120377302,0
0.03209323046,-0.4078270082,0.1182428486,-1.492264867,-1.226914287,1.094166994,0.276832521,0
-0.00913387811,-0.2765235227,0.2170785929,-1.603816628,0.09605762362,-0.3787576556,0.4794233441,0
-0.3142441358,0.1951111683,0.1104419952,2.585958004,-0.802585423,0.3058095276,0.5808591247,0
0.2220584388,0.0849938581,0.2379085885,0.3655532598,-0.01068363525,-0.5354657173,1.410185933,0
-0.240527422,-0.05947563468,0.08292290466,-2.899183035,-0.573758781,0.5057384968,-1.604617,0
-0.3216734405,-0.2151687489,0.2065808452,-2.552042484,-0.7843818069,0.8314029574,0.1153462529,0
0.1001392072,-0.07786255893,0.4580430783,2.480695486,0.6513332129,0.7870804071,1.016128302,0
-0.04655619206,-0.3104642168,0.1677788785,-1.719638228,-0.2758070827,0.3092419505,-0.6639624238,0
-0.04269175065,0.1427871702,0.1146862183,1.861324906,0.2860056162,-0.3853504956,-1.461067557,0
-0.0368858698,-0.2639109836,0.3468251452,-1.709663272,-0.1540631056,0.2750874162,0.8921756148,0
-0.3778621585,0.00600787742,0.05810090313,-0.01589835994,1.916837335,0.9128286242,1.009233713,0
-0.2521718563,-0.2233409589,0.03623495036,0.7248409986,2.181661606,0.4453683496,1.425563216,0
-0.160697128,0.1087651048,0.4375540026,2.546584845,0.1287938952,0.7935321331,-0.2783931196,0
0.1289341392,-0.3542329262,0.05835498064,-1.221724629,-1.110749483,0.4905000031,0.7416313887,0
0.1067581374,-0.2625438531,0.1779459163,-1.184561849,-0.3758725822,-0.3547624648,1.379686832,0
0.0003281009062,-0.3003080176,0.3139280338,-1.569681525,-0.1339668334,0.2804940939,0.3803699911,0
-0.1406279607,0.1825713829,0.3605494172,-0.9144530296,0.5532827377,1.468941808,1.287369847,0
0.1086516904,-0.07657941263,0.1421487682,-0.6151575446,0.8722977638,-0.7214544415,-1.141313195,0
0.0613354923,0.06963277667,0.3176938513,-2.292894125,1.453329206,0.5332471132,-1.752425194,0
-0.03668744611,0.3783160217,0.1008408649,1.667471528,-0.9352084398,0.4566213489,0.5982860327,0
0.1949038241,-0.1475000664,0.03284602159,-0.6479235291,-0.7596228123,0.48571226,-1.53876555,0
0.149709129,-0.0164506908,0.4049131458,-0.1118019521,0.2365438789,1.03404367,-1.202780485,0
-0.06643110389,0.05377044996,0.1713359217,-0.6801739931,-1.707587481,-1.552057266,-0.9154171944,0
0.1522699156,0.2962070973,0.1060674207,1.095963359,-0.9129698873,0.1181985959,1.338348627,0
0.1792658575,-0.1345561006,0.1764757621,-0.6439077854,-0.2591273785,0.620354116,-1.82634306,0
-0.2714561202,-0.06249786837,0.04790546324,-2.91542697,-0.6077621579,0.33210814,-1.095264912,0
-0.06425506228,0.3074703488,0.298168147,-1.364881396,1.457287788,1.384454966,-1.05107379,0
-0.2758603081,0.2978770644,0.04954013259,2.317838907,-1.354087234,1.055440545,0.2192984074,0
0.1980794357,0.1771930448,0.02440631092,0.7296345234,-1.219331741,-0.1383791268,1.921551108,0
-0.09889299869,0.364474634,0.1930027547,-1.305848837,1.731134653,1.364841819,-0.7814999819,0
-0.111696601,0.1315101939,0.07283511758,2.274697065,-0.224945575,-0.1103054732,-1.579389453,0
0.3547386354,0.04346005301,0.1797680513,0.1219910532,-0.4790486991,0.402151227,-0.1041762382,0
-0.005680858984,0.3007137985,0.2661716405,1.589742541,-0.4626775384,0.2115105689,1.262571454,0
0.0544205458,0.225078773,0.382502521,-1.808016658,1.299100399,0.3413317204,0.9595440626,0
0.2562245042,-0.0141212437,0.2394718271,-0.0550560765,0.2342112213,-0.455933094,0.5352102518,0
0.2517803425,0.1365625806,0.1037734257,0.4970267117,-0.4379123151,0.3763061166,-1.116992354,0
0.08381008736,0.1022965052,0.4610918912,0.8844058514,0.3299534321,0.4866757989,0.3711071908,0
-0.1014824381,-0.01069799344,0.03242176451,-3.03656292,2.165383339,-1.770289898,-1.154542923,0
-0.02243230865,0.2028331284,0.4408648784,1.680948734,-0.4046120644,1.167743206,0.7308535576,0
-0.3525428139,0.06880437579,0.261914798,-0.1927424222,1.752130866,0.8522712588,-0.2349404246,0
0.2664544856,0.2669806273,0.2313628478,0.7863843441,-0.8671529889,0.8698316813,0.5701431036,0
-0.2555350991,0.1874372611,0.02867329182,-0.6328629851,1.653710485,1.351790667,1.562945962,0
0.142431996,0.355519253,0.2076768017,1.18977499,-0.7305756211,0.7481908202,0.1421040595,0
-0.006076432517,0.0243966347,0.3637026385,1.812875509,1.249293923,-0.7026119232,0.9477806091,0
-0.3866449235,-0.08658801209,0.1220756751,0.2203219831,1.803421736,1.507664442,-0.6942381859,0
-0.3076121484,0.009340272111,0.2697887128,-0.03016821854,1.836583376,0.8485029936,-0.9183371663,0
0.1453967106,-0.2087836369,0.1080657371,-0.9624916911,-0.1952216327,0.06236206368,-1.055904388,0
0.2400861629,-0.3251762423,0.1360930857,-0.9348083138,-1.113149762,0.9596995711,0.3495137691,0
-0.03122286399,-0.05469744826,0.04451901723,-2.093749046,0.4960329533,-1.04628098,-1.327628613,0
0.3151034253,-0.2441028824,0.0385537289,-0.6591073275,-1.354369164,0.9264510274,0.4279834628,0
-0.2882598064,-0.07628258855,0.1904290721,-2.882893562,-1.475595117,1.42163682,1.664603591,0
-0.1568370086,0.1525859664,0.2294802669,2.369903803,-0.001040806994,0.5545853972,-1.606728315,0
0.3480595499,0.1093682271,0.1590805444,0.3043468595,-1.450738788,1.30485785,1.103095531,0
-0.06130164486,-0.06642771241,0.4245533548,-2.316271782,0.8008426428,0.2011098266,-0.2958981395,0
-0.08213663168,0.051205727,0.4242743945,-0.5576876998,1.243105888,0.5205634236,-0.7356759906,0
0.1415123163,-0.1012941215,0.08305803289,-0.6212755442,0.4377342165,-0.8170318007,-0.6381880045,0
-0.01832652771,0.1174995079,0.2592158188,1.725520849,0.4174178839,-0.9845271707,2.011139154,0
0.1408765167,-0.3191369965,0.2721729274,-1.155039787,-0.5878827572,0.6093331575,0.6265935898,0
0.04692983364,0.1117307575,0.08551201988,1.173733234,0.65212816,-1.748266459,1.134720206,0
0.1195130102,-0.2932530604,0.2632000699,1.957781076,1.268918157,0.8862085342,1.355241537,0
-0.04559762092,-0.1596156366,0.3743712639,1.292536378,1.358743906,0.8708117604,-1.271567702,0
0.1282883096,0.2957310281,0.3313651217,1.161495447,-0.5002514124,0.7583035231,0.5487964153,0
0.03478029347,-0.3845108324,0.1285356521,-1.480588555,-0.9168480039,0.5623662472,0.5374529958,0
-0.3713382689,-0.1229416658,0.2270041849,-2.821873903,-0.9557224512,1.125073552,0.1944513619,0
-0.1907335005,-0.1865194934,0.3875235556,0.7742282152,1.134640813,1.371719837,-0.7413668633,0
-0.02772346495,0.1393600193,0.252163249,-1.374604464,1.849328756,0.4227325916,-1.905468464,0
-0.291853415,0.06363562126,0.1538249091,-0.2146801949,2.158091068,0.9973363876,-1.523347139,0
0.05254755607,0.09626543862,0.4321916748,1.071150064,0.4335683882,0.1130780652,0.9783890843,0
0.2500991538,0.1206326407,0.3094527013,0.4494193792,-0.1320330352,0.07689009607,0.9196532369,0
0.2743069281,-0.02729932003,0.2131193862,-0.09920284152,-0.2546842694,-0.3320999444,1.337314487,0
-0.240533477,-0.03232130072,0.1028814113,-3.008120298,-0.3636512756,0.3111100197,-1.45515275,0
0.1915357468,-0.3114372805,0.2705007217,-1.019422531,-0.7528284788,1.256915689,-0.4411624074,0
0.2149140841,-0.2325903404,0.3268513407,2.316851616,1.570473075,0.8913184404,-0.4017390609,0
0.01788193843,-0.002781724604,0.342112192,-0.1543232352,0.6699363589,1.001366138,-2.094395161,0
0.2291578164,-0.3019771029,0.2391834618,2.219946861,1.544178843,1.377008319,-0.5027529001,0
-0.004672174846,0.05659786412,0.4541780137,1.653311014,0.3981220126,0.3486598432,1.128434181,0
-0.1099969772,-0.3532585736,0.2205965498,-1.872655749,-0.6266407967,0.5735918283,0.3386883736,0
-0.2231624839,0.03338984935,0.09826630039,2.993138552,-0.6160969734,-0.7551897764,1.936678886,0
0.1323327365,-0.1954470135,0.03351244795,-0.9745531678,-0.5495346189,0.1566185653,-1.256547689,0
0.008014384761,0.06229240207,0.05732712745,1.442822933,1.711842775,-1.40438962,-1.43424511,0
-0.03697572793,0.3428223995,0.2751820519,1.678238273,-0.6454629302,0.6559439898,0.7669379711,0
0.0489897072,0.301841273,0.1496722032,-1.731688976,2.152420044,1.029044628,-1.48658824,0
-0.1804932815,0.2756610958,0.03247309831,2.150571108,-0.7013659477,-0.01212394238,0.2310539782,0
0.2357702856,0.1884427577,0.2454542801,0.6742839813,-0.3227188587,0.842459619,-1.093773603,0
-0.06982118739,0.01997058553,0.1568425135,2.863006115,0.5449613333,-0.3765362501,-2.094395161,0
0.3522179854,0.1899153013,0.1530703397,0.4945127368,-0.9910542369,0.8725260496,0.2701096833,0
-0.3319545935,0.003089658021,0.1777414971,3.13229084,-0.2986893654,0.2162540406,-0.2369958162,0
0.2666160988,0.2862871748,0.1403218258,0.8209674954,-0.9730224609,0.6849012375,0.5513510704,0
0.3566821139,-0.005791265844,0.09252472327,-0.01635133848,-1.665513635,1.311518192,1.249984026,0
-0.1429847388,0.1281742903,0.0834347904,2.410729408,0.423073411,-1.046732068,0.05932275206,0
0.07310958573,0.09472461627,0.3006404887,0.9132997394,0.6132326126,-0.8389121294,1.622256517,0
0.3503501383,-0.02387309858,0.2511941069,-0.0680501461,-0.5609841347,0.4886006415,0.6304134727,0
-0.2542285488,0.05553133391,0.05504604404,2.92653966,-1.94260335,1.411005855,2.094395161,0
0.1348738181,-0.1562218227,0.2690610329,-0.8586659431,0.6306967139,-0.5977280736,0.2993103564,0
-0.006577346812,0.1975478646,0.05188329554,1.604817033,-0.4028730094,-1.105374813,1.476508856,0
-0.2927261733,-0.01817533462,0.1588195349,-3.079583406,-0.05844856054,-0.3260551095,0.2243169546,0
0.03123616482,-0.08348234369,0.03104805213,-1.21277523,-0.6829507947,-1.685638547,1.923574209,0
0.134756932,-0.2316077414,0.04084981053,-1.044498205,-0.3164353371,-0.4993946552,0.185763374,0
-0.0981552602,-0.1887772666,0.07051456558,-2.05003643,-0.4956302047,0.2758207321,-1.669191003,0
0.09477079279,-0.03811139641,0.02628197683,-0.3823485374,0.2822223008,-1.733303428,0.9525997639,0
-0.2254704973,0.2051325905,0.257466598,2.403446913,-0.4163109064,0.1339079142,1.174631,0
0.0393563124,0.2887349597,0.2806881455,1.43532753,-1.054000854,1.196486473,1.451685309,0
-0.07315476994,-0.09363768581,0.2492378266,-2.233964205,1.223494172,-0.5898857713,-0.8134213686,0
-0.1223450697,-0.04290287289,0.3404178458,0.3372599483,1.871509194,-0.04495671019,-0.7355753183,0
-0.05162228245,-0.0764304667,0.2674546654,0.9767619371,1.542409778,-1.010745168,2.094395161,0
-0.2541018981,-0.2277271059,0.1841915308,0.7306999564,1.955720901,1.132113338,-1.135507226,0
0.1020461437,0.1401521886,0.2178516559,-2.200152397,2.019194365,-0.9027958512,1.965525508,0
0.2246271004,0.1158311237,0.03357701914,0.4760940969,-0.5237867832,0.1126630902,-1.048654437,0
-0.09153625279,0.2574720542,0.3796512578,1.912380219,-0.2391969562,0.6205401421,0.5660741925,0
-0.2092369759,0.1837753246,0.1617943643,2.420922995,-1.508117199,1.317042947,1.953007579,0
-0.2311909597,-0.06803972335,0.1817493101,0.2862082422,2.135040283,-0.5334221721,1.822308064,0
0.04222066278,0.1310391178,0.4514044196,-1.883196831,0.9527236223,1.096429348,-0.8031634688,0
0.1679137278,-0.1223787987,0.1773456994,2.511414766,2.180664539,-0.7724540234,1.982691884,0
0.05615010227,-0.09290406203,0.3903792782,-1.027157307,0.6449076533,-0.302074194,1.069272995,0
-0.2576243631,0.1833835699,0.07868318598,-0.6186161041,2.177384138,1.391331196,-1.625905514,0
-0.09453301834,-0.04350542272,0.1321314055,-2.71026516,1.295635819,-0.9854897857,-1.138649702,0
0.3607311161,-0.01866749927,0.1821041812,-0.05166272447,-1.05510354,0.7570489645,1.147842288,0
-0.1675460561,-0.3477741337,0.1416011002,-2.019750595,-0.9658049941,1.164356112,-0.6660239697,0
-0.1561675396,-0.2083148304,0.04979478933,-2.214086771,-1.951136827,1.389587879,2.094395161,0
0.009191716234,0.1255939911,0.1773543451,1.497728944,1.560972214,-1.216704965,-0.3986885548,0
-0.2042292977,-0.1589307219,0.3301773918,-2.48028779,-0.04909105226,0.06402626634,0.9408951998,0
0.2297622065,0.02028880941,0.07360823456,0.08791010082,0.008434895426,-0.8888796568,0.5073463917,0
0.1225608512,-0.002691039581,0.2745708236,-0.02149580792,0.3671136498,-0.84163481,2.019947767,0
0.1369208132,-0.3612558049,0.1080455946,-1.208515525,-0.8935438395,0.538028717,0.3263158798,0
-0.1611479214,0.3460038331,0.1282535848,2.006664515,-0.9597119689,0.5476306081,0.7249559164,0
-0.3003032702,-0.01363123141,0.3747331934,-3.096232176,-0.3893563747,1.019439697,-0.06305272877,0
-0.1589423139,0.07449372868,0.2125112318,2.703284264,-0.02263679728,-0.8680803776,2.047217846,0
-0.04939017811,-0.03492712191,0.4733050524,0.61547786,0.7691379786,0.4386193156,0.7434617281,0
0.2584280579,-0.05227306736,0.1492211506,-0.1990287453,-0.1266866326,0.1746358275,-1.064605474,0
0.08234802304,-0.002493789535,0.3026461899,-0.03027467243,1.014779806,0.03259976581,-1.366512656,0
-0.1503051392,-0.277408444,0.2692077734,-2.067367792,-0.3784607649,0.9434283376,-0.920979619,0
0.1248856542,-0.347481391,0.107771458,-1.225830793,-0.7568564415,0.6382756233,-0.4279018044,0
-0.3148386797,-0.1854471759,0.02615275069,-2.609297276,-1.028581619,0.3419263363,0.4925044775,0
0.2322154176,0.03072998857,0.3251485678,0.1315515786,-0.02846795321,0.91968292,-1.266521096,0
0.09127266852,0.06316048086,0.4590679358,0.6053468585,0.4170817435,0.3608479202,0.5421373844,0
-0.3382646593,-0.1212780308,0.2279764469,0.3441776633,1.73646307,1.213370204,-0.8144814968,0
0.2951127397,0.06049375612,0.2846077202,-2.939408064,1.795816064,0.1344919354,0.874771297,0
-0.2308210796,0.111151804,0.3872587622,-0.4487788379,0.902385056,1.027043343,0.958640039,0
-0.09050243975,0.189084989,0.2901036442,-1.124921441,1.742435098,-0.4013719559,1.541916251,0
0.344948322,-0.04242841648,0.08698991524,-0.1223843098,-0.6901616454,0.04510195926,0.5861403942,0
0.04200239813,-0.2995247673,0.0693214834,-1.431474686,-0.8645246029,-0.2017608881,1.444131613,0
-0.2878844835,-0.09859846355,0.2144298553,0.3299681246,2.014250517,-0.07381403446,1.229091287,0
0.001211145068,-0.1937172352,0.3232465764,1.577055693,1.348774433,-0.05534057692,1.760264039,0
0.2486468032,0.3231998662,0.03536807856,0.9150395393,-1.568941712,1.467734337,-0.1229030341,0
-0.3493775711,-0.002727774511,0.105765164,0.007823185064,2.157934904,0.2562132478,1.189492345,0
-0.2426204475,-0.1541058369,0.03324920441,-2.575603724,-1.48274672,0.4263795018,1.967001319,0
0.2875703825,0.0526105374,0.2347312472,0.180640474,-0.3948950469,-0.05074381083,1.344773173,0
-0.1974951905,-0.1671977828,0.2665101267,-2.43909359,-0.3104820549,-0.06967582554,1.569844723,0
0.2484421618,0.2623241649,0.1682166363,-2.329028368,1.989087105,0.3730119467,0.9185699224,0
-0.1199586988,-0.332192735,0.05106731674,-1.917322159,-1.169451594,1.262296438,-1.153595448,0
0.1907355662,-0.1843567275,0.05281000272,-0.768383801,-0.9970678687,1.023975372,-1.849462748,0
-0.2887495209,-0.2246634688,0.03574916307,0.6612167358,1.695525169,1.347913623,1.053189039,0
-0.2614838769,0.1325649312,0.3580968713,2.67238307,-0.272346437,0.5966846347,0.4723931551,0
-0.03216772393,0.1140289917,0.1460628403,1.845750451,0.7401532531,-0.5502157211,-1.4618994,0
0.2521452291,0.2356973677,0.1182358361,0.7516931295,-1.136657596,0.5065044761,1.418156147,0
-0.0239523762,-0.2415751122,0.2229834432,-1.669610381,0.348002553,-0.5946388245,0.4584181607,0
-0.1832778999,-0.1793269576,0.1168077985,-2.367585659,-0.4717492759,0.5569638014,-1.579484344,0
-0.006350414094,-0.2496464829,0.1027101135,-1.596228004,-0.8036217093,-0.4242367446,2.01021409,0
0.1780887228,0.07834403332,0.4542007213,0.4144361317,-0.1279625893,0.9131707549,0.4490548372,0
-0.1319449154,0.1023328354,0.4585301949,2.481932402,0.06329408288,0.6979646087,0.5131413937,0
-0.1529809174,0.06942127048,0.4493649689,2.715591431,0.1639818698,0.5373390913,0.4911049008,0
-0.08764354858,-0.007014895901,0.1238417709,0.07984611392,-0.6151934266,-1.572752118,-1.504329801,0
-0.2538727833,-0.08999369647,0.06487732382,-2.800934076,-0.9311714768,-0.331305176,1.807254195,0
0.3498975894,0.1328134816,0.06388230863,-2.778969049,1.590475917,1.419680834,0.9666618705,0
-0.1120967926,0.04659691663,0.2313682519,2.747638464,0.3414885402,0.3218453228,-2.094395161,0
0.1743274318,-0.0038126958,0.3819254335,-0.02110331133,0.5522606969,0.1626265645,-0.3166439533,0
-0.3590653822,-0.1133843928,0.08261359759,-2.835731268,-1.160524726,1.321223497,-0.9317542911,0
0.1900725328,0.1549815095,0.3998370163,0.6840493083,-0.2278881222,1.262241244,-0.7623411417,0
-0.05069627049,-0.06073269797,0.173517035,-2.263560295,0.5968050361,-1.709126592,2.071869612,0
-0.0980441418,-0.1655082801,0.144761698,-2.105595827,0.4728324413,-1.184265256,0.8534507155,0
0.1820983872,0.2777711242,0.1682833616,-2.151026964,2.060101986,1.051248908,-1.212961793,0
0.0131506562,-0.0601502254,0.09092576387,-1.355598569,1.817966819,-1.248334885,-1.520083308,0
-0.2359828005,0.192814301,0.02373619264,-0.6852538586,1.610733747,1.454511881,1.617772937,0
-0.1138726859,-0.02967983834,0.3133646253,0.2549937367,1.809606791,0.1587961018,-1.286720037,0
-0.08604026151,-0.004617884528,0.1818197071,0.05361991003,2.181661606,-0.1804633886,-2.088051796,0
-0.1921459078,-0.148800074,0.3199082833,0.6594058871,1.362854362,1.390722156,-1.535195351,0
-0.07840207486,-0.190037052,0.1798373747,-1.962251186,-0.2203232199,-0.8002904058,1.955932021,0
-0.06450287142,-0.2108193207,0.2954697533,1.273637652,1.46122086,-0.0367067121,1.788482785,0
-0.07781499915,0.2620189271,0.3328389971,-1.28204143,1.555139422,0.974935472,-0.9392411113,0
0.190343834,-0.1731220582,0.1543365608,-0.7380535007,-0.3688337803,0.6190100312,-1.584300637,0
-0.1469889967,-0.07120659773,0.4740558038,-2.690475225,-0.02491700649,0.9644477367,0.2786734104,0
0.2044166906,-0.2940481419,0.1988906572,-0.9633064866,-0.7281193733,1.126401544,-0.8892315626,0
-0.2509130322,0.02341656452,0.3380048191,-0.09311635792,1.585157752,0.08480741084,0.9932239056,0
-0.1525896137,0.1550990508,0.2610330588,2.348030329,0.2169294059,-0.6170883775,1.256023884,0
0.3612031476,-0.1502478315,0.03411451825,-0.3941908479,-1.236227155,0.7335466743,0.4117689431,0
-0.2423256738,0.2555938778,0.2147004162,-0.8120391369,1.87244308,0.3823168874,0.8560201526,0
-0.01960191641,-0.3028137971,0.07212571795,-1.635465264,-1.798912525,1.29559195,1.779227376,0
0.1406157588,-0.2277649765,0.0451517923,-1.017700911,-1.997350216,1.446913362,1.996988177,0
0.174994636,-0.03446476403,0.3973251972,-0.1944591701,0.1458984613,1.025994897,-1.122744679,0
0.07445879311,-0.3452642255,0.04065754576,-1.358381033,-0.9048065543,0.6417071819,-0.5995931029,0
-0.2648962303,0.1043155672,0.3003723687,2.766392946,0.03697184846,0.08555271477,0.2519063652,0
-0.05815338699,-0.1275341093,0.4621456421,-1.998666763,-0.2979977429,1.210316777,0.8826656342,0
-0.09542127787,-0.1020711121,0.1052908749,-2.322582483,0.1812561303,-0.3560031354,-1.58943212,0
0.3296904121,-0.2050850093,0.02870958613,-0.5564763546,-1.289474368,1.173323035,-0.5470011234,0
-0.2326752871,-0.2205602505,0.2904997125,0.7587062716,1.323946714,0.7840393782,1.120666504,0
-0.2241099189,0.1261071143,0.2110696287,2.62886095,-1.393071771,1.455632806,1.938944817,0
0.03374761284,0.07878243474,0.480853764,1.166084766,0.374768734,0.5815308094,0.4463230073,0
-0.2505671006,-0.01274094167,0.4101521373,0.05078846216,1.071062684,1.309105158,-0.5913569927,0
0.06941826219,0.02965327635,0.2088627113,0.403935194,0.9824342728,-0.2713705599,-1.786112189,0
0.09675932234,-0.05063378821,0.4331158516,-0.4806465209,0.5716203451,0.5851042867,-0.65982759,0
-0.1083770331,0.2596123716,0.02866477606,1.966247916,-0.5514445305,-0.4797817767,0.6893165708,0
0.287786374,0.1690995319,0.1294072236,0.5312691927,-0.6391735673,-0.0414314419,1.005638003,0
-0.2625077345,0.01751156906,0.1761315875,3.075027227,-0.5102060437,-0.3331920207,1.781110764,0
0.08812118016,-0.264836022,0.04596561584,1.892010093,1.513718486,1.507565737,1.865059733,0
0.00938820674,-0.2035508876,0.3068600112,-1.524800181,0.608099401,-0.2675789595,-0.1283409745,0
0.2304249175,0.3164943827,0.1583598805,-2.200082779,1.615294933,1.080677032,0.7477477789,0
-0.1080929143,0.1063433028,0.4619282608,-0.7772055864,0.8087496161,0.7499798536,0.718800962,0
0.08248278311,0.08297636217,0.4093092201,0.7883823514,0.4643373191,-0.06626708806,1.122356772,0
0.2779536035,-0.1862418486,0.1825305233,-0.5903435946,-0.6290602684,0.9999508262,-1.116170049,0
-0.1737740955,-0.004162212386,0.0356776497,-3.117645264,-0.8784456849,-1.048172712,2.094395161,0
0.09406700216,0.04979630126,0.1513024494,0.4868673086,-2.124263048,-1.883598208,-2.094395161,0
0.3304264426,-0.02949805216,0.1465128156,-0.08919811249,-0.8546416759,1.265312314,-1.39008534,0
0.04012433621,-0.2095404626,0.3643681266,-1.381526351,0.1070266664,0.02027691901,1.063413501,0
-0.1024415983,0.1322023469,0.3807732423,2.230094194,0.3041236997,-0.1010558456,1.143911123,0
0.02586791095,0.2494638105,0.3409804524,-1.673591137,0.6514607072,1.437043786,1.304912806,0
0.0735734177,-0.365283919,0.1724427453,-1.372153997,-0.6777023077,0.7757200003,-0.4362197816,0
-0.3003057765,0.07683446545,0.05502654235,2.891282558,-0.5639740229,0.1951985955,-0.5973085165,0
0.1387168912,-0.3300226634,0.2349698088,1.968703747,1.801909089,1.029638171,-0.6558125615,0
0.3366367431,0.1499230327,0.03577799144,0.4189569354,-0.969853282,0.3681030571,0.3230912387,0
0.2143541947,-0.277910987,0.2940074702,-0.913839519,-0.5871766806,1.074464679,-0.3479349017,0
0.3846546266,-0.09948638571,0.06406270889,-0.2530925572,-1.128606081,0.772772193,0.2044983953,0
-0.0425506034,3.799551947e-06,0.2582826405,-3.141592741,0.9634622335,0.1308200806,-2.017564297,0
-0.2662357242,0.1492535332,0.2612081439,-0.5112649202,0.9446345568,1.40552783,1.345615268,0
-0.1004262706,-0.2139769144,0.3975073286,-2.009612083,-0.08318224549,0.4722433686,0.7254382372,0
0.1782447532,0.1632967468,0.3470798045,0.7417131662,-0.1214061975,0.1707768589,1.181090355,0
0.08237112837,0.3381631981,0.3009094111,1.331868172,-0.5592978597,0.813262403,0.2694416046,0
-0.2944556827,0.2327897442,0.08367716276,2.472637653,-1.07333982,0.4867528379,0.8541936874,0
-0.1244959274,-0.09347398995,0.3360339018,0.6439884901,1.532747865,-0.4339801967,1.481699705,0
0.0679060412,-0.2131865023,0.3156968972,-1.262060523,0.1385740936,0.6461410522,-1.16798687,0
0.08923713082,0.1554704521,0.4243807119,-2.091881752,1.103301883,0.3903213441,0.8943017125,0
0.3333403826,-0.1745240248,0.07012894374,-0.4824864566,-0.8814499378,0.5761963129,-0.1703213453,0
0.09399660775,-0.1367535209,0.1610954301,-0.9686251879,0.3160524964,-0.1429548115,-1.52522409,0
0.05343004188,-0.1819672753,0.03472360099,-1.284752607,-0.2842986286,-0.2479597479,-1.167619228,0
-0.2164393755,0.07028809002,0.2805188181,2.827523232,-0.02542510442,-0.3379112482,1.501743674,0
0.2418589855,-0.224492852,0.04719603953,-0.7480173111,-1.018338203,0.05444143713,1.233435512,0
0.08934767491,0.2957314756,0.02858705532,1.277388334,-0.5972007513,-0.01759760641,-0.1791403145,0
-0.07457562309,-0.0270381569,0.4950184695,0.3505989909,0.5319582224,1.374655247,-0.5448367596,0
0.1318462895,0.3829903507,0.1746784868,-1.902343869,1.661078691,1.179832339,0.1921603382,0
-0.009823818877,-0.302639727,0.04274553667,-1.603188157,-0.8470834494,-0.2559608221,1.237005591,0
-0.07167621073,0.2508473506,0.145731422,1.84911716,-0.3674725592,0.5602373481,-1.510915995,0
0.2937837896,0.2769528016,0.09238541061,0.7559169531,-1.168899536,0.8892347217,0.32894063,0
-0.1113796473,-0.2511431678,0.3032193898,1.153920174,0.9803234339,1.052189708,1.504104018,0
0.2679377423,-0.1629982918,0.1849856227,-0.5465434194,-0.6230813861,0.02680755779,1.38505435,0
0.0002177525454,-0.3466882793,0.1310385017,1.571454167,2.075031519,1.207912326,-1.218223214,0
0.140649764,0.3374815462,0.1710627216,1.175945759,-1.355610728,1.203901052,1.101806641,0
0.1145378397,-0.2601583671,0.3347743624,1.985690236,1.512097597,0.3488286138,0.8770609498,0
-0.2301507421,-0.01293444051,0.16088444,-3.085465908,0.3822700977,-0.5435274839,-0.3282450736,0
-0.2670770108,-0.2582320637,0.2749578226,-2.373030424,-0.8915817142,1.420113683,-0.3056716025,0
-0.02530430823,0.07068371653,0.4661802269,-1.226588011,1.014820457,0.5359836221,-0.2122702897,0
0.007471908349,0.07355402258,0.2513023502,-1.672248006,1.988775015,-0.1408039033,-1.613557339,0
0.2630705777,0.2385477185,0.05349256018,0.736433506,-0.8475949764,0.5915629864,-0.541362226,0
-0.03172803316,0.08104863173,0.3305233135,1.944348454,1.134049773,-0.1613322794,-0.8559764624,0
0.3629947483,-0.0463949897,0.2112093412,-0.1271129996,-0.9078588486,1.456469297,-0.9226617813,0
-0.183921229,0.1658746673,0.3600003239,2.407845497,0.1724993885,0.266125977,0.02304702066,0
-0.07342204386,0.2538702156,0.3354211891,1.852324486,-0.2068372965,1.091930628,-1.086837173,0
-0.188061361,-0.02754141802,0.1102108196,-2.996177197,-0.4449777007,0.3883297443,-2.038272142,0
-0.04550722676,-0.0004688096419,0.1631598703,-3.13962698,1.288191438,-0.6251549125,-1.842504501,0
0.26886607,0.1784589986,0.3573548988,0.585978508,-0.6344450712,1.191019654,0.1758253574,0
-0.1082772501,0.2755586669,0.3767801144,1.945199132,-0.4756110311,0.963044405,0.4384236038,0
-0.3099825317,0.115333066,0.2996883608,2.785414696,-0.5384849906,0.6167439222,0.7371013165,0
-0.2490597335,-0.068206012,0.2703064643,-2.8743577,0.1038769111,-0.3329513073,0.8740884066,0
-0.2672499915,-0.1880796468,0.02668689426,-2.52848196,-0.826746583,-0.08461592346,0.7246748805,0
0.3845752416,-0.06940288884,0.09985055201,-0.1785447299,-1.160375118,1.316192865,-0.71832937,0
0.2662727137,-0.03447122624,0.2401536098,-0.1288043708,0.07970157266,0.2229121476,-0.7680706382,0
-0.06598321552,0.1948944873,0.448178817,-1.244350314,0.8615585566,0.9703806639,0.4961391091,0
-0.07533055165,0.1265341811,0.4416794234,-1.033131719,0.5550531745,0.9930748343,1.158474565,0
0.2488046431,-0.02008264766,0.06863933453,-0.08056336641,-0.5731416941,0.4185297489,-1.486394882,0
0.0349435901,0.1853983257,0.1902322376,1.384567499,0.5648998618,-0.3612259924,-0.9450381994,0
-0.2379081446,-0.1745988132,0.3258654852,-2.508479118,-0.2560783029,0.3497958481,0.7501504421,0
-0.1715240269,-0.1724172102,0.14871833,-2.353556395,-0.3439894617,-0.6823023558,1.66590631,0
0.2487621483,0.1574816412,0.2231928915,0.5643764734,-0.3669488132,-0.1199118346,1.281936288,0
-0.1365140758,-0.2882420769,0.3149438861,-2.01310873,-0.3413960338,0.4982053638,0.4930385649,0
-0.08931472931,-0.1281550585,0.4513004745,-2.179776192,-0.04200515151,1.440752745,-0.9056868553,0
-0.1937338893,0.1440393636,0.04999701173,2.502302647,-0.20176588,-0.3280104697,-0.5888003707,0
0.09723059667,-0.1001142153,0.3207509446,-0.8000398874,0.8635631204,-0.7251597643,0.7870953679,0
0.2976811053,-0.159894799,0.1745195158,-0.4934775829,-0.6776944399,0.1533820629,1.136235595,0
-0.3151072473,-0.00414285322,0.06558389901,0.01314935647,1.457825065,1.490712643,1.572811246,0
0.2057650826,-0.05922647915,0.159220786,-0.2802526951,0.5385411382,-0.787586987,-0.05924602598,0
-0.08609156488,0.3524242288,0.105437832,-1.331204772,1.954778671,0.5796015263,1.196217775,0
-0.01409644237,-0.1245036679,0.138496267,-1.683537364,0.01704515144,-0.07506124675,-2.094395161,0
0.1052156375,-0.1488747998,0.1024868393,-0.955514431,0.6228384972,-1.054567337,-0.1179399118,0
-0.1204445555,-0.1832316083,0.1064690147,-2.152320862,0.005820902996,-0.1803798974,-1.082600355,0
0.3492168023,-0.06922065117,0.05066492771,-0.1956827641,-0.8178926706,0.4625034332,-0.3312405646,0
-0.2134427095,0.05722723537,0.424196999,-0.2619291246,1.094385624,0.6686296463,0.6080306172,0
-0.1208762513,0.0274503174,0.04486493757,2.918285847,-0.2760244012,-1.575226903,1.617822528,0
0.2609258356,-0.03885420895,0.2392357099,-0.1478200108,-0.006997515447,-0.4079131186,1.057284474,0
-0.07190753583,-0.04990277396,0.4251145047,-2.535163641,0.5781542659,0.7614065409,-1.011387944,0
0.2223957836,0.2374899736,0.2159956607,0.8182041049,-0.2707575858,0.436688602,-0.5230127573,0
0.149876133,-0.3241765149,0.212753375,-1.137729645,-0.4911288023,0.3658487499,0.3274726868,0
-0.2588647718,-0.2143982421,0.1725512456,0.6917090416,2.048232555,0.1374704242,1.152643919,0
0.0977870149,0.1961405211,0.1668347889,1.108299375,-0.2655380964,0.5705037713,-1.85018754,0
0.3560505659,0.1312898799,0.02226820155,0.3532549143,-1.225787044,0.5879673362,0.5950886011,0
-0.06526888677,0.05849115368,0.12634215,2.410905361,0.1689428389,-1.82258141,2.094395161,0
0.116934392,-0.1480684622,0.3121951167,-0.9023487568,0.7011578679,-0.3431746662,-0.06455785036,0
0.05721940868,0.05745327274,0.4217513201,0.7874820232,0.7992427349,0.3377372324,-0.5830091834,0
-0.08043475633,0.1237664734,0.1347104461,2.146201134,0.7342059016,-1.523861527,1.06353128,0
-0.05957945267,-0.05221433655,0.454693262,-2.421791315,0.4317086041,0.2863553464,0.9358003736,0
-0.07513280355,-0.2059800602,0.1597614741,-1.92055738,-0.4735649228,-0.6245444417,2.094395161,0
0.003472688785,0.3058634659,0.08023345239,1.559443116,-0.370416373,-0.08236861974,-0.2267717123,0
-0.1909918066,-0.1152905275,0.04276601162,-2.599261045,-0.5669227839,-0.8981564045,1.473438144,0
-0.020844294,-0.313525907,0.3037637246,-1.637181878,-0.4052782059,0.4274210632,0.8189925551,0
0.1801888693,-0.3437199421,0.04686956512,-1.087950826,-1.073300481,0.7352570295,-0.07286702096,0
-0.0123771913,0.003253751581,0.49691568,-0.2568923533,0.3702970147,1.423101902,-0.6881833076,0
0.268261032,0.1114639478,0.3729300584,-2.747791529,1.231129646,1.261146545,-0.5589706898,0
-0.177372289,-0.2451210125,0.06232772912,-2.197189808,-0.5857820511,-0.3601702154,0.8769011497,0
0.1568993755,-0.3433657949,0.1099724962,-1.142211914,-0.8994547129,0.421397686,0.6395640969,0
0.09726573929,-0.1206791124,0.1511105198,-0.8924164772,-0.05533967167,-1.275493622,2.043754101,0
0.1534006633,-0.1096609262,0.2760148836,-0.6206336021,-0.1962673813,-0.2128445059,2.094395161,0
0.1845736035,0.2536650594,0.02049055795,0.9418625236,-0.6945329905,-0.1662718207,0.4210810959,0
0.2058835265,-0.2421752474,0.02526542952,-0.8662693501,-0.6685471535,0.09579366446,-0.2439112961,0
-0.06713784933,0.02921804412,0.4106139749,2.731107235,0.5789626837,-0.1249515265,1.293265224,0
0.1724452285,0.1712321472,0.3560823566,0.7819187641,0.02727657557,0.1190811694,0.8489187956,0
-0.3229598902,-0.03864774996,0.2193931426,0.1190986335,1.634148717,0.4711137116,1.400218487,0
0.1111075464,-0.1924084018,0.2919663262,-1.04711771,-1.126051903,1.529659748,1.779533505,0
-0.2650685899,0.0956175138,0.04786196586,2.796327829,-0.5265516043,0.1734977514,-0.8731288314,0
-0.09780136373,-0.1914979077,0.153316181,-2.042978525,0.5144488215,-0.8524104357,0.09433332831,0
-0.08367077184,0.03574164703,0.06092541532,2.737886429,1.972846985,-1.551497698,-1.193773866,0
0.1524906622,-0.07608687214,0.3422531128,-0.4628211856,-0.8590250015,1.49294281,1.77820611,0
0.3134398922,-0.09394008405,0.2661853795,-0.2911935747,-0.2588949203,0.2746572495,0.3117497861,0
-0.310132844,-0.00780903373,0.1309287818,-3.116576672,-0.5559972525,0.6886504292,-1.192248583,0
-0.2162288896,0.09472306663,0.0721556943,2.728657484,-0.2300350517,-0.8948457837,1.029429793,0
0.1492521173,-0.1138914758,0.1069874833,-0.6518189907,-0.3857493103,-1.097181916,1.954180598,0
-0.2767168215,-0.2567891761,0.2286190876,0.7480630875,1.669026732,0.8111673594,0.5240345597,0
-0.08227391907,0.1550903872,0.09969020559,2.058537483,-0.4775667489,0.3019313216,-2.094395161,0
-0.3059108882,-0.1114550415,0.3430285791,-2.792201996,-0.5954523087,0.984269619,0.4202585816,0
-0.2512857157,-0.06369349535,0.07748941865,-2.892986059,-0.4267050028,0.2385780811,-1.213347316,0
0.2080047403,0.06650477292,0.29421028,0.3094547689,0.06766830385,-0.3563421071,1.429014087,0
0.08364471492,-0.3511715129,0.1922291437,-1.336973548,-0.5787215829,0.744319737,-0.5149158835,0
-0.06220093328,0.1629395385,0.1925753432,1.935463667,0.90241611,-0.7838605046,-0.4286023676,0
0.03538822792,0.0337376868,0.08319605781,0.7572135329,1.857126594,-1.255030513,-1.66528523,0
-0.08472615225,0.2102812588,0.04759828467,1.953820825,-0.042211622,-0.7640506029,0.08380226791,0
-0.1043350789,0.1195618989,0.1170061554,2.288095474,0.6358923316,-0.7389644384,-0.9157494903,0
-0.06602819469,-0.1112861397,0.1477975928,-2.10628891,0.137351349,-0.08313342184,-1.995781422,0
0.1468404843,-0.08608558464,0.05755007334,-0.5302522182,0.2776759565,-0.8036843538,-0.6489034891,0
-0.2455213663,0.03704885767,0.2711720446,2.991820812,0.108107917,0.4188885093,-1.020887971,0
0.2188259751,-0.03313323901,0.4232401354,-0.1502510458,-0.5508564115,1.269485831,0.8099720478,0
-0.2705641501,-0.2421875932,0.05861951021,-2.411520958,-1.425752878,0.7843809724,1.218129635,0
0.00356904288,0.338618062,0.3364982037,-1.581336021,1.22157526,1.20490706,0.1735063791,0
-0.005296023185,0.2894866869,0.1830452551,1.589402437,-0.2440563291,0.4707619846,-1.078725696,0
-0.2506980352,-0.2293809476,0.1021300017,0.7410185933,2.162074089,0.2101888955,1.315923333,0
-0.0330754275,-0.3114762716,0.1120642428,1.46500051,2.181566954,1.194085598,-1.556717396,0
-0.1692390718,0.3168349047,0.0560992476,2.061390638,-0.827291131,0.217226401,0.3670643866,0
-0.1641508163,-0.3055562813,0.3151447724,-2.063774347,-0.716750741,1.056964874,0.3723899424,0
0.07640312105,-0.185131643,0.3303525048,1.962233901,1.491535068,0.9739797115,-1.500168085,0
0.1220392701,0.2092433524,0.3451967966,1.042787671,-0.9496350288,1.446318507,1.333013654,0
0.2511612326,-0.1056738212,0.2093306629,-0.39825809,-0.2589880228,-0.3599094152,1.379237413,0
0.3924636001,-0.07515659639,0.03027014375,-0.1892086864,-1.391332626,0.9774009585,0.3670381606,0
-0.172348073,-0.1860849562,0.1829370593,-2.317885399,-0.01426393539,-0.6680206656,1.12213397,0
0.1916410735,0.2570571273,0.3484095948,0.9301688671,-0.5336972475,0.9376541376,0.3715651333,0
-0.09958448451,-0.2244302078,0.3778480093,-1.988248229,-0.1135285497,1.063500285,-0.8636203408,0
0.02679843909,0.05017317971,0.292602667,1.072650671,0.9871903658,0.1843370348,-1.711642385,0
-0.1453464,-0.05100601917,0.3683909928,0.3384290338,1.614323854,0.3686586618,-0.8858359456,0
0.06798801734,0.2628196169,0.02281128258,1.317671418,-0.8487261534,-0.465028435,1.378704309,0
-0.1337585019,0.111595386,0.3356074752,2.446279764,0.04539536685,-0.1340616196,1.727555275,0
0.06241367016,-0.06923436872,0.3754020247,-0.8371138573,0.8188615441,0.3274115026,-1.032295346,0
0.0284181343,-0.3693518209,0.2200593317,-1.494010925,-0.6800834537,0.5835687518,0.498005867,0
-0.05119343333,-0.04303389132,0.3234340451,-2.442370415,0.8573079705,0.3844526112,-1.632753015,0
-0.2207613488,-0.1829313682,0.2956929526,-2.449681997,-0.2074014693,0.08704107255,0.9874569774,0
0.1996531372,0.3580195374,0.09137274393,1.062091112,-1.287213326,1.101535797,0.2388313562,0
-0.09847528497,0.1861214448,0.2558238738,2.05742836,0.5735006332,-0.2808167338,-0.4968467951,0
-0.05564593028,-0.220669802,0.1317499642,-1.817587972,0.1268496066,-0.9563619494,0.9272174239,0
-0.008097898788,-0.03530351891,0.4201325806,-1.799750328,0.5385208726,1.167591333,-1.471750021,0
0.2869345533,-0.1641619298,0.3307378763,-0.519669652,-0.6672511101,0.9942743778,0.5453186631,0
0.1511635438,0.057435626,0.1925141652,0.3631963432,0.0710895583,-1.096230268,2.00337863,0
-0.01917305323,-0.05622019236,0.3809725169,-1.899896383,1.186847806,-0.2201426327,-0.2771874368,0
-0.3048992058,-0.1008064862,0.3191332301,-2.822282553,-0.3171104193,0.7766603231,-0.2561456561,0
-0.3276645847,0.1743671897,0.1669279975,-0.4890365303,1.883870721,1.269557834,-0.9040477872,0
-0.316807592,0.1229366021,0.2254828058,2.77148056,-0.5595169663,1.007342219,-0.9196890593,0
0.04672820756,0.3185214646,0.1298849872,1.425133109,-0.5371485353,0.6011665463,-0.9830515981,0
0.02618015532,-0.08138016807,0.0970412977,-1.259569407,2.181661606,-1.431122065,-1.304893374,0
0.01357411046,0.2977170263,0.2937670687,1.525237679,-0.064066194,0.14486292,0.3226870596,0
-0.04984182611,-0.1316954216,0.2112542342,-1.932362914,0.2668732405,-1.164074779,1.988396406,0
0.04224168518,0.03845175334,0.4541862505,0.738176465,0.483971715,1.062808156,-1.015428066,0
-0.366005734,-0.0004473533446,0.04047121821,0.00126348203,2.153316259,0.5968780518,1.065732479,0
0.2066525874,-0.3345970726,0.1934784904,-1.017524362,-0.9426953793,0.9053916931,0.3858768344,0
0.01524820136,-0.2999027327,0.1344193102,1.621596336,2.181661606,-0.124528572,1.584665418,0
-0.1018216247,-0.3374606746,0.2487466701,-1.863832831,-0.439718008,0.6048567295,-0.105896391,0
0.0177103525,-0.2494330897,0.1888327798,-1.500267982,-0.1723961979,-0.6031579971,1.46680665,0
0.06841172932,0.1293800087,0.06085200601,1.084414244,0.2561778426,-0.7049823999,-1.034074068,0
-0.2594350372,0.05280253994,0.3573128941,-0.2008989155,1.656987071,0.4389179051,-0.1198617741,0
0.1056592182,0.3737061034,0.2314046773,1.295254707,-0.8958680034,1.065067291,0.1652891338,0
0.008901524527,0.059052628,0.1676756445,-1.720526457,-1.496468663,-1.508665323,-1.360952854,0
-0.1353853212,-0.1215023274,0.1078077265,-2.410253048,-0.3893174529,0.2850221097,-2.003019094,0
-0.147704069,-0.2209985653,0.3618089701,0.9816288352,0.7809947729,1.279999375,1.075406909,0
-0.3623470034,0.06582675984,0.06519961196,2.961893082,-0.8481692672,0.324531585,0.2777638435,0
-0.1227686762,-0.331872131,0.1908218078,-1.925225496,-0.7962619662,0.4280638099,1.056106806,0
-0.3622883428,0.1461348362,0.2042144738,2.758188009,-1.109598517,1.570796371,-0.540821135,0
0.1021625617,-0.2946935263,0.2143707185,-1.237086773,-0.3261370063,-0.09008295834,0.955132544,0
0.117272046,0.2354626445,0.1029375977,1.108554959,-0.3672396243,0.2972220778,-1.252803445,0
0.2077613492,-0.2394637783,0.2523763011,-0.8561923504,-0.294010371,0.7030759454,-0.7674110532,0
-0.0776288283,0.2741321736,0.1335207675,1.846753716,-0.3280512989,0.3644560874,-1.100632191,0
0.3278995281,-0.07257752716,0.2524589333,-0.2177382261,-0.3026563823,0.3145285845,0.2170876414,0
-0.05805808428,-0.1491122129,0.4306673371,-1.942100048,0.3665521741,0.2546659708,0.4471801221,0
-0.1937066472,-0.03362749681,0.1905322779,-2.970630646,0.253856957,0.03898688778,-1.390295267,0
0.02350310009,-0.2489567638,0.1331682405,-1.477077365,0.1882462651,-0.5750410557,-0.0530885756,0
-0.2512290602,-0.04735274075,0.253140057,-2.954694748,0.2978236377,-0.3374707997,0.2116434425,0
-0.2189713735,0.1010669001,0.385226546,-0.4325474799,0.8466510773,1.009749889,1.132268548,0
0.3333674707,-0.02409501164,0.03426398971,-0.07217188925,-1.87867105,1.33048892,1.413860917,0
-0.0433420572,0.1269964117,0.1254883147,1.899683595,0.3006545007,-1.569543481,1.647572994,0
0.3233953109,0.1877245843,0.1926886248,-2.6156497,1.859491348,0.5797771811,0.6965329647,0
0.1517976455,0.3158657715,0.1103335086,1.122806072,-0.745467782,0.1024427637,0.8505714536,0
-0.131902212,0.08186124855,0.1847164634,-0.5554438829,2.181661606,-1.139991522,2.091811419,0
-0.1351671654,0.1036437448,0.3866692791,2.48743701,0.2506564856,0.8774359822,-1.147160292,0
0.03860331987,-0.005302176779,0.2310129974,-0.1339848638,1.003352404,-1.487335682,2.083057404,0
-0.352143579,-0.05155731006,0.3070697526,-2.996215582,-0.7577507496,1.145753264,0.2007068396,0
-0.1240866892,-0.0884595009,0.09663996993,-2.522088528,-0.05824027956,-0.1788300574,-1.702542424,0
0.2472623076,0.104228682,0.1397696674,0.3989634812,0.06928707659,-0.5285124779,0.1958647817,0
0.2361623594,-0.2682325151,0.1970542481,2.292698622,1.85080862,0.4483480155,0.9569472075,0
0.3325996664,-0.0606793253,0.1437235237,-0.1806577444,-0.6797334552,0.05132935196,1.06905067,0
0.02654088208,-0.04775282653,0.1523681485,-1.058242083,2.045383453,-1.047549367,-1.428941011,0
0.07220909426,-0.0811902777,0.4473919351,-0.8438248634,-0.4521535337,1.481597662,1.102072001,0
-0.005087270461,-0.1046578531,0.2567275119,1.522246242,1.827885628,-1.138262749,1.854712367,0
-0.2521383418,0.07988578777,0.2898618697,2.834621191,-0.1201162636,0.819185853,-1.175600171,0
-0.005097734772,-0.3235496454,0.2794251973,1.555041313,1.09723711,1.187957525,1.140471697,0
0.1902586443,-0.1819444211,0.1063283201,-0.7628314495,0.006163265556,-0.520191133,0.01278046705,0
0.2845813135,0.2387008279,0.1621143356,0.6979435682,-0.681966126,0.3821623325,0.4612705708,0
-0.123218905,-0.215390426,0.281003485,-2.090377331,0.3415182829,-0.1878353059,-0.006545383483,0
-0.2063857961,-0.1196561029,0.2222658334,-2.616291046,0.4013284743,-0.5967981219,0.3383250237,0
0.2282807524,0.1244458661,0.1983771044,0.4991094768,0.2424098551,-0.4834132791,0.2042719722,0
0.3159049858,0.00250530099,0.2664330702,0.008093610406,-0.1946675777,0.1412084103,0.4577733576,0
-0.3270122954,-0.1665853043,0.2664397235,-2.670440674,-0.7441583872,0.8796896935,0.4267043471,0
-0.08445067898,-0.04087575091,0.4005148291,-2.690812349,0.7820695639,0.3539387584,-0.8090322614,0
-0.2249657883,0.2261213625,0.13251878,2.353625059,-0.2835342884,-0.02386438102,-0.1119978726,0
0.003070244242,-0.03147465461,0.1703913601,1.668034673,1.959437966,-0.4905448556,-2.094395161,0
0.06873461872,-0.3836810869,0.2272010106,1.748060703,1.506009102,1.153989315,0.3382671475,0
0.2184408037,-0.2197141552,0.05750328862,-0.7882955074,-0.4826422036,-0.2159248888,0.2339998484,0
-0.06073307229,-0.1396673011,0.2388134384,1.160592556,1.860738277,-0.9128807187,2.012554646,0
0.1046160913,0.06701393716,0.3139020986,-2.571916342,2.040155172,-0.1902469844,-0.8041009903,0
-0.2063957706,0.307573211,0.244191837,2.161811113,-0.6440622211,0.7231711745,0.2420210689,0
0.1425596945,0.02160958107,0.1534578143,0.1504331231,0.4439253211,-1.463360429,1.549724817,0
0.241140542,0.2891377557,0.1641444283,0.8756656647,-1.488210201,1.458280087,0.8638861775,0
-0.1065184164,0.04765214038,0.2502697078,2.72089839,1.215749264,-1.242769003,0.8608650565,0
-0.03570826125,0.02174579832,0.433384042,2.594874382,0.5834286809,0.06231065094,1.237566948,0
-0.3327616735,-0.1525212373,0.1084041488,0.4297806919,2.108025074,0.4069012403,0.9999386072,0
-0.04136186821,0.2071618276,0.09054368507,1.767864704,-0.6116428971,-0.8664503694,1.984054327,0
-0.0549210728,0.1443850577,0.1566247329,1.934351325,0.0062498888,0.1320618242,-2.001672506,0
-0.2824843694,0.2649040491,0.2191814866,2.388300419,-0.8294990063,1.069971561,-0.1996912211,0
0.0005106246757,-0.1972858596,0.4594545996,1.573381305,0.795314312,1.356999397,-0.334582746,0
0.2921893867,0.1621588882,0.08768865432,-2.634935141,2.181661606,0.2079354674,1.402253509,0
-0.110395315,0.07817161712,0.2785874248,-0.6161447763,1.744003534,0.4559054375,-1.789795995,0
0.3380608345,0.1264868452,0.2930758267,0.358028084,-0.8740669489,1.189638972,0.3946500421,0
0.00683917478,0.003613462998,0.06258149163,-2.70239377,0.3946691751,-1.188996911,-1.776118636,0
0.0861015514,-0.04115375906,0.05600005399,-0.4458667934,2.181661606,-1.63737464,-1.258392215,0
-0.2554708627,-0.1505153359,0.02456016784,-2.609178543,-0.6802403331,-0.352211535,0.7753136158,0
-0.2115116922,-0.3508790882,0.1135069914,-2.113275766,-1.279485583,1.148079395,0.2970785201,0
-0.1768437666,0.006436717106,0.3811125045,-0.03676864132,1.542137265,0.4973594546,-0.782789588,0
0.09562567549,-0.02151634803,0.1471315817,2.919656515,-1.108012557,-1.621359348,-1.128303885,0
0.2605173985,0.2731445114,0.04463382872,0.80905509,-1.154015422,0.5191152692,0.7019900084,0
-0.0577337526,-0.2763938918,0.02269524926,-1.776724577,-0.7965539694,0.5017979741,-1.185925961,0
0.3405029031,-0.08476845947,0.2131309379,-0.2439835519,-0.6071196795,0.3346045315,0.8157257438,0
0.1939032779,-0.000998210568,0.1022939001,-0.00514800474,-0.5522434115,0.4736282825,-2.094395161,0
-0.01058294949,0.1565830548,0.4353959907,-1.503429174,1.250576258,0.6019955277,-0.3850084245,0
-0.101893425,-0.3190298507,0.2454845114,-1.880060196,-0.7418875694,1.454904914,-1.156466842,0
0.06490430491,-0.2707378362,0.2421318292,-1.335687518,0.06365216523,-0.2974869311,0.5989809632,0
0.05625831712,0.2228580811,0.2821403965,1.323605061,0.1753196865,0.4424919784,-1.131323934,0
0.2167845677,-0.1169151053,0.4028594898,-0.4946024418,-0.02153363824,0.7130913734,-0.1145753637,0
0.1420510953,0.1297328105,0.06832183714,0.7401059866,-0.3690638542,-1.143752456,1.607421994,0
-0.2010483161,-0.02952152874,0.02975838206,-2.995801926,-0.2742300332,-0.2921769321,-0.970582068,0
-0.01378648354,-0.06414999715,0.2143994092,-1.782487154,0.7733318806,-1.519838572,2.094395161,0
-0.3555506265,-0.1892799834,0.1766281505,-2.652395725,-1.07885623,1.096118927,0.2549604774,0
0.05570183312,-0.1588350328,0.1273368893,-1.233507752,0.7667281032,-0.8866740465,-0.5876122117,0
-0.1983495702,0.1741561046,0.4125906704,-0.7205421925,1.022241116,1.04474473,0.3403442502,0
-0.1062009665,0.274779917,0.1217526603,1.939615011,-0.4088068604,-0.4275295734,1.065897584,0
-0.2172972055,-0.1743330562,0.2864341297,-2.4654634,-0.1085345894,-0.05990339443,0.9573146105,0
-0.3095780093,-0.1188309626,0.1230349382,0.3665027618,2.150610447,0.1133983135,1.346922517,0
-0.09284670552,0.2516922611,0.2719013359,-1.217356324,1.754521608,-0.07109838724,1.381724596,0
0.1241881986,0.1383493597,0.2369669716,-2.302177429,1.856807828,-0.6855197549,1.973943472,0
-0.02252302265,-0.02778537519,0.2653066731,-2.253936052,1.161622047,0.01170769706,-1.803285956,0
0.01565359295,0.08415633318,0.195139195,-1.75470078,2.055422544,-1.549068332,2.094395161,0
-0.2429150737,0.02802477676,0.4289636912,-0.1148607731,0.9058798552,1.122806668,0.3504471779,0
0.3357677321,-0.05942438584,0.1489379563,-0.1751598716,-0.701354146,0.9466943145,-1.074139833,0
-0.1368656317,0.2586283325,0.07083793311,2.057516575,-0.6398331523,0.5191839933,-1.194502115,0
-0.2264323261,-0.09401077878,0.05723401107,-2.747276306,-0.4567290843,-0.7938331366,1.233871698,0
-0.1211052088,0.08224386997,0.1102316226,-0.5965682268,-2.181661606,-1.542772055,0.4155665338,0
0.03355013872,0.1639543175,0.4430692719,1.36905396,0.06899829954,1.175532103,-0.7960374951,0
0.07147685481,0.3352729022,0.1747742006,1.360751033,-0.9486205578,0.4934705198,1.343193531,0
0.1282610201,-0.0381528838,0.4601157667,-0.2891234457,0.1884615272,1.11430943,-0.7136686444,0
-0.1596730798,-0.0504645047,0.360652178,0.3061046302,1.379657745,-0.1721953303,1.4055053,0
-0.0720143331,0.2109173141,0.08397174184,1.9004035,-0.01995621249,-0.3062067032,-0.8722248077,0
0.1060671044,-0.1229265986,0.2772160277,2.282674789,1.730430365,-0.6929802895,1.808975577,0
0.2340303674,0.280202589,0.07266009564,0.8749104142,-0.9252360463,0.2743993998,0.7185037732,0
-0.3341647376,0.03052894939,0.02359833264,-0.09110616148,2.181661606,0.5043480992,1.431571484,0
0.01643109773,0.1383653674,0.439721281,1.452598572,0.1698857397,0.4003056884,0.9986854196,0
-0.06717675018,-0.1881432224,0.2167179312,-1.913783312,0.15792647,0.3051035404,-1.559003949,0
-0.2024072633,0.1006979539,0.2235379577,2.679951668,0.05639452487,-0.6853970885,1.430696011,0
0.3176357921,-0.1589106454,0.1275216459,2.67771101,2.070204973,1.208156228,-1.126821399,0
-0.1378720505,0.2190532905,0.2990574418,-1.009084225,1.543624878,1.206230879,-1.447746515,0
0.1769162103,-0.2075103055,0.08735040536,-0.8648141026,-0.1617535651,-0.5635686517,0.3745758533,0
-0.09647374768,0.1745727106,0.1414707337,2.076045275,0.4419659674,-0.5202672482,-0.7720857859,0
0.1654367443,0.1802541725,0.06942381642,0.8282427788,-0.03939387575,-0.6911247373,0.1550191343,0
0.1142079628,-0.3423608587,0.08482978605,-1.24881041,-0.7273340821,0.2231151164,0.2855070233,0
0.3287869688,0.02123748168,0.03552850553,0.06453108042,-0.6942930222,-0.02516388334,0.2674894333,0
0.2454877735,-0.1664212441,0.1844331986,-0.5952050686,-0.2129070759,-0.3347620368,0.9043893814,0
-0.2871438843,0.0395699105,0.2864893897,-0.1367719173,0.8856753707,1.353541732,1.374076605,0
-0.1857954964,0.04571104704,0.33242341,2.90032959,0.1515244693,-0.252001822,1.445435405,0
0.06565710392,0.1176355042,0.2555827792,1.06164968,1.185402632,-0.6807186007,-0.5062426925,0
0.1137686035,-0.2699463017,0.230776327,1.969749689,1.434965372,0.5736811757,1.736021757,0
-0.1309208114,-0.0273656797,0.1193694722,-2.935545683,1.394088507,-1.333589435,-0.4446846247,0
-0.006600430282,0.3268995388,0.1303552846,-1.550330043,2.115740061,1.185261846,-1.409515262,0
-0.2715795424,0.08977043594,0.02849387346,-0.3192267716,1.582308173,1.484488606,1.780700326,0
-0.005465128458,0.1837843295,0.4399090803,1.600546598,0.0103597641,0.5959131718,0.729825139,0
0.1489412138,-0.07111288095,0.2481546897,-0.4454624653,0.5998679399,-1.006838441,1.264268279,0
0.06201675553,-0.1157155787,0.1369238376,-1.078808784,0.2024935782,-1.536581039,1.847020745,0
-0.1049304831,-0.07919749354,0.368410237,0.6465448737,1.625875115,-0.426718384,0.8613213897,0
-0.187296403,0.02125941283,0.4472716554,-0.1130227819,0.7786550522,1.538645267,-0.7559778094,0
0.1136182711,0.05406261419,0.1045131853,0.4441303313,-0.1524585485,-0.155920282,-2.021596432,0
-0.1361625543,-0.3170847668,0.2702139841,-1.97640717,-0.4334798753,0.7688490152,-0.3299617171,0
-0.1791170272,0.2140723055,0.3040848701,-0.87406528,1.493986249,0.2859989405,1.297621131,0
-0.2741511399,0.1781101813,0.2270586236,-0.5758073926,2.016322613,0.7541598082,-0.8340470791,0
0.1877309636,-0.02272974888,0.1723638847,-0.1208423525,0.2009462267,0.02086128108,-1.493621588,0
-0.2483871627,-0.3016427804,0.2190115185,-2.259672165,-0.945828855,1.03707099,0.3061112463,0
-0.07839037759,0.3529584299,0.1272834948,-1.352306008,2.005265713,0.4380351901,1.11196208,0
0.2206742385,-0.1701517377,0.2152598345,2.484774828,2.029960394,-0.2486233711,1.42896831,0
0.2910432968,0.02852049514,0.08879024634,0.09766919911,-1.823856473,1.429958582,1.831204414,0
-0.1697361473,0.04899300185,0.3418554846,-0.2809859514,0.3955074251,1.486887336,1.750944853,0
0.07878308503,-0.3050370441,0.2079537135,-1.31783843,-0.1611207724,0.2104807496,-0.3597706258,0
0.2725699251,-0.08754204431,0.2687744413,2.830837011,1.850204706,0.8423410654,-1.123661995,0
0.09280769369,-0.1993101054,0.3370233131,-1.13536346,-0.01800876856,-0.03139095753,1.354423165,0
-0.02762698051,0.09482540146,0.4699701107,1.854294419,0.352575928,0.4839407504,0.6143931746,0
0.1289393798,-0.02859803522,0.3861553492,-0.2182393372,-0.1200973168,0.494671464,1.789973974,0
0.2238761181,-0.2537659336,0.06431852312,-0.8475833535,-1.018015504,0.1395953447,1.228398561,0
-0.3094839213,-0.09540765795,0.1161739026,-2.842210531,-0.8710100055,0.0586085245,1.431082726,0
-0.06439923235,0.1939346987,0.4577260264,-1.250186324,0.8036270142,1.136142254,0.2486595958,0
-0.2506410775,0.2260837871,0.2289441082,2.407659531,-0.3274178803,0.4866629541,-0.3490265012,0
0.279502048,-0.04031842883,0.2634970657,-0.1432629973,0.09585149586,-0.1119653583,0.2456327677,0
-0.1884482597,-0.0993589634,0.0961038118,-2.656350374,-0.3218024373,0.2031196654,-1.604725003,0
0.2879995527,0.2230808372,0.07674938913,0.6590964794,-1.263789296,0.6187939644,1.178681374,0
-0.1283175863,-0.243284054,0.3837325359,-2.056153774,-0.2559321225,0.6880706549,0.479629457,0
-0.1733898048,-0.2250533931,0.2073161035,-2.227191925,0.08234341443,-0.2816596329,0.1871650517,0
-0.1834031998,0.01958762659,0.03538127944,3.035195112,-0.06351281703,-1.190304995,0.8127675056,0
-0.1166701196,0.06370351261,0.288818612,2.641828299,0.5752080679,0.3236162066,-1.58680737,0
0.01324453113,-0.07018609589,0.3014136694,-1.384282827,0.7580072284,-0.923093617,1.856818199,0
-0.1930668147,-0.2820067216,0.3323424284,-2.171123981,-0.7213827372,1.219783783,0.1444028169,0
0.2917455028,-0.2396025528,0.2365397874,-0.6875613928,-0.7064403296,0.9374091029,-0.1468315721,0
0.1753605215,-0.3142978995,0.02938949563,-1.061573029,-1.103498101,0.3156690001,0.8268517256,0
0.1461849042,-0.1401408255,0.4548785743,-0.7642922997,-0.1526784301,1.218064427,-0.2748883665,0
-0.1492986694,0.04874456004,0.1173435766,2.826538086,-0.266120404,-1.306126356,2.073193789,0
-0.156049959,-0.08256598084,0.391594516,0.4867020547,1.05973649,0.3049454689,1.397215128,0
-0.03113187194,-0.2420111157,0.08413383443,-1.69869411,0.03190340102,-0.5680835247,-0.1839047372,0
-0.2622062679,-0.1592376795,0.3130738319,-2.595820665,-0.3000915945,0.3654571176,0.7064644098,0
-0.04129284149,0.3271551398,0.0857719642,1.69635725,-1.091037154,1.376995921,-1.49269557,0
0.399538075,0.009424598303,0.09886671458,0.02358445153,-1.093015552,0.7881723046,0.3552854061,0
0.08876951707,-0.1046732453,0.1040879792,-0.8674278855,-0.2790460885,-1.46678865,2.094395161,0
0.03237822438,0.05567748749,0.3768899826,1.048030138,0.6173448563,0.8672468066,-1.615017772,0
-0.2526302433,0.07711395978,0.1014920191,2.846177816,-0.2179544568,-0.6993147731,0.9197615385,0
-0.1642799405,0.3073391577,0.1804465268,2.061674118,-0.5674848557,0.1686802506,0.7687000036,0
-0.01816470327,-0.373012206,0.07943917883,-1.619454026,-0.8430329561,0.5949469805,-0.272205621,0
-0.2087904002,-0.1950247161,0.0385947069,-2.390396595,-0.9047939181,0.7946165204,-1.466079831,0
0.230352053,-0.2047838847,0.144867827,-0.7265299559,-0.4064800143,0.4896775782,-0.99132967,0
-0.02300611441,0.226885343,0.3887081049,1.671560407,0.1744993478,0.521615088,-0.3013035059,0
0.3468963843,-0.1039873097,0.272489615,2.85035181,1.531701922,0.8578625917,0.4880503416,0
-0.2223709753,-0.336839069,0.1488760201,0.9873095751,1.746115923,1.393193722,-0.4285913408,0
0.04837677496,-0.157103539,0.2943486733,-1.272080064,0.3845148087,-0.6840555072,1.531233311,0
-0.3862283459,-0.01225072173,0.0909441155,-3.109884262,-0.9574493766,0.5392175913,0.3925936222,0
0.1146099693,0.1507189845,0.2187263958,0.9206165671,-0.01958086342,-0.7932450771,1.921781778,0
0.3847825196,-0.09050805006,0.2042616888,-0.2310193181,-0.9677548409,1.035134554,0.2517773211,0
0.2607762873,0.03250618042,0.2164114245,0.1240293682,-0.2894143164,-0.344584465,1.542752624,0
-0.08292677079,-0.05542611025,0.3650918946,0.5848350525,1.481915116,0.3958809674,-1.184605837,0
0.2604135147,0.00681227405,0.1314544977,0.0259547513,-0.06274334341,-0.03916978464,-0.8470548987,0
0.1358410922,-0.1377330801,0.3174179079,-0.7923101187,0.2308719009,-0.3958240449,1.370765567,0
0.3199440863,0.1461960329,0.1513180247,-2.712980032,2.095254898,0.2315278649,1.015355468,0
-0.07708915514,-0.3098126528,0.165953089,1.326705098,2.097117662,1.017780185,-1.325389862,0
-0.1822543679,0.1176693693,0.2496569473,-0.5733504295,2.021287918,-0.6075892448,1.507145524,0
0.1732721849,0.2057449431,0.3839600505,0.8708662987,-0.2812022865,0.6677238345,0.6617159843,0
0.1185453002,-0.1593751165,0.2296894596,2.210547209,1.898488164,-0.6386852264,1.944570899,0
-0.08623053936,0.1141820244,0.4508471877,2.21762538,0.3366625309,0.4031736553,0.4191031754,0
0.1454077679,0.2365394873,0.380862091,-2.121972322,1.236126304,0.7307090163,0.6055278778,0
-0.06176067494,-0.02243984968,0.4299698617,0.3450817466,1.210084081,-0.08607530594,0.5946816206,0
-0.02230162633,-0.0859128174,0.2470123027,-1.827072978,0.9008279443,-0.0532990247,-1.694006801,0
-0.2184586313,0.1890754219,0.1903607226,2.427596331,-1.393525124,1.272387266,1.814800501,0
0.2636679852,0.06743642295,0.3294764457,-2.891253233,1.581783175,0.9458752871,-0.9515327811,0
-0.02941873099,0.06802486359,0.09429661177,-1.162616014,-0.8712864518,-1.354806185,-1.417294741,0
0.1455890004,0.1182766027,0.3328730432,-2.459053278,1.602130175,0.7171587348,-1.350245953,0
-0.3189113395,0.07434716831,0.02869688553,2.912128925,-0.8149696589,0.4792078733,-0.7066914439,0
-0.09588469808,-0.2491182841,0.1241373851,-1.938251138,-0.1794192642,0.09999182075,-0.9715067744,0
0.1070268619,-0.04037382513,0.0346684609,2.780870676,-1.606517196,-1.083029389,-0.7736211419,0
-0.2362575067,0.07894556711,0.1106656293,2.819195986,-0.516685605,-0.6620209813,1.67862916,0
0.2715065887,0.2568015313,0.1713278595,0.7575697303,-0.6699196696,0.7276984453,-0.3514861465,0
-0.1168803456,-0.1951591972,0.0800831043,-2.110416412,-0.1869795918,-0.08517715335,-1.118499637,0
0.2921080188,-0.038325994,0.3003918657,-0.1304619759,-0.2235756367,0.1678524464,0.8598611951,0
0.07116513366,0.001404329473,0.4608934356,0.01958290115,0.5856422782,0.7138320804,-0.5740234852,0
-0.1382645586,0.2587480173,0.06141429085,2.061637878,-0.9765695333,-0.1639619321,1.634597182,0
-0.02925969648,-0.157779717,0.1791356957,-1.754159808,-0.03010658547,-1.117859602,2.094395161,0
0.2530683899,-0.2248978551,0.1145464838,-0.7265191078,-0.4722821414,0.01214904152,0.2248726487,0
0.1397404495,0.01551433841,0.209008091,0.1093252897,0.5056963563,-0.01560560241,-1.680654407,0
0.3208262294,-0.2066336549,0.2402747208,-0.5721931458,-0.8699604869,0.9849952459,0.3625695109,0
0.06296559371,0.07582787487,0.4562091965,0.8778192401,0.4360073805,0.8711093664,-0.7137396336,0
0.1478932011,-0.01737326472,0.3460492849,3.024668217,1.705097914,0.3154883683,-1.048665166,0
0.2311976459,0.103002008,0.4055206071,0.4191175103,-0.2252385914,0.7387775779,0.5303910375,0
0.1423982915,-0.2463657417,0.02667353637,-1.046837211,-2.041284561,1.437752604,1.814023972,0
-0.1335268944,-0.1871728786,0.2183733187,0.951141417,0.8207952976,1.570796371,2.072921991,0
0.1836466094,0.1963382084,0.2982515849,0.8180349469,-0.02668107674,0.6292527914,-0.905982852,0
0.1395088565,0.2261131257,0.1575240168,-2.12376976,2.178430796,0.9228246212,-1.760147691,0
0.3254083098,-0.03920025247,0.1977527424,-0.1205024868,-0.6200710535,1.086090565,-1.210355282,0
-0.2986021247,-0.05647775191,0.2377879173,0.1869789958,0.9803509116,1.418848157,1.45471859,0
-0.2593079899,0.04694976053,0.06078728275,2.962483883,-0.9398530126,-0.3668497503,1.841353178,0
0.02019579987,-0.2549390976,0.02978085917,-1.491875052,-0.3323089182,-0.6148394942,0.3572266996,0
-0.04100461569,-0.2738255516,0.04447790238,-1.719524384,-0.47785604,0.06241193041,-0.7675905824,0
0.3005583047,-0.08720177261,0.1415141516,2.859177589,2.14217782,1.090591788,-1.472591758,0
0.1046566305,0.1657090579,0.4065600373,1.007445216,0.2850885689,0.5460642576,-0.4090594947,0
0.1933521262,0.0824240365,0.1482871307,0.4027424455,0.4342602193,-0.5340524316,-0.6215873957,0
0.1029091205,0.03810688554,0.2872177093,0.3547932506,1.104087234,-0.2955241203,-0.9644643068,0
0.1101114195,0.1273360138,0.1769133321,0.8578107357,0.6160358191,-0.4006015956,-1.122097611,0
0.06406313905,-0.3722487313,0.2278520597,1.741224647,1.580817342,0.908149302,0.6234710813,0
-0.01910812481,-0.3411918554,0.02835743462,-1.626741767,-0.8696992397,0.5267520547,-0.5804521441,0
0.1358190408,0.1025878048,0.3768232648,0.6470956206,0.3394329548,-0.1448130757,1.081215262,0
0.2377218241,-0.3054284901,0.07567890419,-0.9094090462,-0.9872704148,0.8052118421,-0.2999615967,0
-0.005417809308,-0.1192059957,0.3471292027,-1.616250277,-0.730835259,1.554899931,1.943653584,0
-0.03003655926,-0.06700227076,0.2488096784,1.149363756,1.615382552,0.2059068084,-2.094395161,0
-0.07408772361,-0.3589005565,0.02487453364,1.367225885,2.108075857,1.570796371,-1.067911506,0
0.3185807561,0.04393847363,0.2750318097,0.1370556206,-0.3671685755,0.8857504725,-0.7652458549,0
-0.179978253,-0.1090818393,0.030528368,-2.596488714,-0.301200211,-0.2466477603,-0.9695016742,0
-0.007555580008,0.3095198149,0.1337154896,-1.546390533,1.25084281,1.461945415,1.643324375,0
-0.2283876402,0.2942877188,0.1921437342,2.230766535,-0.6651082635,0.4866434336,0.4245138168,0
0.002872794992,0.2168937208,0.09610390863,1.55768311,-0.1136114374,-1.038102508,1.239413381,0
-0.2083667548,-0.210554339,0.2425926278,-2.350676775,-0.2520825267,-0.104300417,1.056522846,0
0.230430329,0.3386928423,0.07116157805,-2.168213606,1.821267247,1.512970448,-0.2879095376,0
0.08379132007,0.3883724199,0.156972898,1.35830307,-0.969150722,0.821542263,0.3526202142,0
-0.1363880586,-0.006687444416,0.3548433272,0.04868108779,1.123928547,1.246320367,-1.824601769,0
-0.1223855952,0.2964802713,0.02272850439,1.962290406,-0.7412041426,0.2764929831,-0.4955376983,0
0.05739638894,0.1832770023,0.2441263893,1.267314315,0.3524778187,-0.8521069288,1.35064888,0
0.05875502304,-0.1610258458,0.4290820756,-1.220928073,0.04331321269,0.4633111656,0.9796037674,0
0.02199620902,0.164703407,0.4146799378,-1.703477144,1.119052291,0.2568526864,1.075823069,0
0.1666521614,0.2198384213,0.2139984786,-2.219414234,2.001943111,0.9011471272,-1.501574039,0
0.3133059369,-0.005593921745,0.2997177376,3.123746157,1.4168154,1.448758125,-1.075116277,0
0.1961783394,0.1449415372,0.3407094014,0.6363114119,-0.007319424301,0.04391418025,1.016956568,0
0.0993951723,0.02429024341,0.04235179372,0.2396836281,0.6289719939,-1.837707043,0.9054714441,0
-0.03153482678,-0.3580074107,0.2423694432,-1.658653736,-0.6592199802,0.5822957158,0.6542284489,0
-0.1573373124,-0.04746472737,0.07086372549,-2.848628521,0.5503607988,-1.044523597,-0.3742421269,0
0.3943196774,-0.02841124515,0.1272454659,3.069658041,1.813050985,1.474507093,-0.6988158226,0
-0.3377001126,-0.2282282815,0.09906324655,0.5943205953,1.803264499,1.152686119,0.4197734296,0
-0.1053762818,-0.2161210767,0.1056189651,-2.024502754,-0.2679126859,0.1861769855,-1.335778475,0
-0.2541628125,-0.03572772497,0.3791213072,0.1395598501,1.368467689,0.443457067,0.6812206507,0
0.2632077085,-0.1694503763,0.3143464204,-0.5719971061,-0.2556089759,0.7458007336,-0.4073476493,0
-0.1847069829,0.2177948667,0.1752083426,2.273869514,0.0204834193,-0.148748368,-0.280249536,0
-0.2821532815,0.1893655648,0.1044219147,2.550497532,-1.054724097,1.387508392,-1.399130702,0
-0.02843323929,-0.02503116003,0.2984004069,-2.420184374,0.8533686399,-0.9534136057,2.017523527,0
-0.2127284341,-0.1039911942,0.3534875203,-2.686965942,-0.1523390859,0.2331714183,1.2329669,0
0.1996456608,0.006761631234,0.2954241984,-3.107737541,1.712116122,0.7570492625,-1.563855767,0
0.07061223757,0.08410991535,0.1297847692,0.8724161386,0.05355604365,-1.654120564,2.094395161,0
-0.1761640783,-0.2546333429,0.2996791531,0.9655333757,1.71739459,0.8570575118,-0.7102828026,0
0.22021291,0.2801789084,0.03376026756,-2.236923456,1.988418341,0.8215025663,1.261849284,0
-0.04736416869,0.3541105347,0.06950722603,-1.437959194,2.176882744,0.4021466374,1.15576601,0
0.2229033305,-0.2045062655,0.02601450699,-0.7429486513,-2.004794836,1.412622333,1.666397333,0
-0.09249084017,0.3281006806,0.05113906974,1.84554565,-0.7241178155,0.3479602039,-0.3966935873,0
-0.1650289537,-0.2601888423,0.3316657872,-2.136030197,-0.3587808013,0.5435814261,0.6299751401,0
-0.2433781911,-0.05838416741,0.3257931276,0.2353945225,1.387384772,0.2445299029,1.407396913,0
0.05991767515,0.1297006043,0.1775856331,1.138041139,1.086668611,-0.8160624504,-0.7854318619,0
-0.3099166623,0.1254783527,0.06703834381,-0.3847041726,2.181661606,0.2927489281,1.44014132,0
-0.08574698373,-0.1428673244,0.4109098425,-2.111352682,0.2234805375,0.162650317,0.9906668067,0
-0.05674062027,-0.2180993398,0.2921703992,-1.825935721,0.07432956994,0.683750391,-1.344649196,0
-0.1571587277,0.0938123942,0.2442752526,2.60343647,0.2171557844,0.4197433293,-1.666669846,0
-0.06797342593,-0.01069435782,0.2675627676,0.1603916734,2.008220911,-0.2240248919,-1.393612862,0
-0.07534482382,-0.04416496211,0.2122283479,-2.611613274,0.6168174744,-1.445343018,2.070218086,0
-0.1689955822,0.3467001436,0.14191594,-1.117244124,1.875442386,1.349522829,-0.7861275673,0
0.3377553384,0.1724133835,0.2607266901,0.4719871283,-0.8919290304,1.160891771,0.1928852499,0
-0.09436811898,0.1024158799,0.07663674814,2.315323591,-0.3581874669,-0.08416208625,-1.94714725,0
0.3374743115,0.1052051222,0.2374763256,-2.839553833,1.707848787,1.2294029,-0.8598788381,0
-0.1526278153,-0.1806715112,0.09171989178,-2.27229929,-0.23965244,0.05991412699,-1.22171247,0
-0.2710348231,-0.09344004292,0.1319372955,-2.808870316,-0.1957801431,0.09170440584,-0.7487586737,0
-0.2560499103,0.2725973477,0.1254490132,-0.8165019751,1.985954404,1.300182939,-0.955126822,0
0.03471990199,0.2721950068,0.1693488467,-1.697666168,1.07485199,1.507510304,1.882532358,0
-0.1504387862,-0.06220784358,0.05054863905,0.3922138214,-2.083703756,-1.188337564,-0.03008341603,0
0.2137738446,0.1212362165,0.1841821598,-2.625697851,2.181661606,-0.5477259755,1.704731345,0
0.09620450371,0.1757874493,0.1438384461,1.07006073,0.2168895155,-0.1927732974,-1.202382207,0
0.104821372,0.2710808599,0.259575764,1.201741815,-0.2466258705,-0.05533262342,1.104393721,0
0.1610662512,0.1207116727,0.2001052922,0.6427798271,0.242985338,-0.9669501781,1.375970483,0
0.1126296052,-0.09521210653,0.2006830281,2.439800739,2.181661606,0.2100051939,-1.954461098,0
0.1144066588,-0.1637671721,0.1047722093,-0.9623026252,-0.07178992033,-1.146926641,1.409110308,0
0.07636608709,0.02946611657,0.3111497332,0.3681766689,0.7355395555,-0.8545296788,1.749515533,0
-0.3372830631,0.008017230686,0.1256990007,-0.02375406958,2.11265564,1.193907619,-1.313095212,0
0.1487179486,0.2303049971,0.1516885789,0.9974266887,0.0618173182,-0.4639175534,0.1723010391,0
-0.3729325523,0.1374197429,0.1466567124,-0.3530386686,1.869072318,0.838570416,0.5004966259,0
0.2357210814,0.2091127833,0.09352419107,-2.415939569,2.181661606,1.29709065,-1.596973062,0
-0.3453469751,0.01762869085,0.1426649815,3.090658665,-0.5045040846,0.05286358669,0.4884240925,0
-0.2475353336,0.1071377912,0.04124580325,2.733118773,-0.8981246948,0.7910699844,-1.611120582,0
-0.1271767836,0.2963413108,0.2362830681,1.976182103,-0.4815664589,1.000186801,-1.057808638,0
-0.06787275666,0.1882312548,0.3990479489,1.916867018,0.1201423705,0.2187348306,0.8844374418,0
0.2174718976,0.07958194588,0.04218609628,0.3508010805,-0.1003863141,-0.6834421158,-0.01285336912,0
-0.01907183737,-0.2119137787,0.2974217647,-1.660590649,0.5026373267,-0.4698740244,0.5180231929,0
-0.2990567248,0.1335123841,0.06077362441,-0.4198936224,2.181661606,1.449145436,-1.525284767,0
-0.1880809291,0.2430235273,0.1355788976,2.229164362,-0.3964452446,-0.3194950223,0.9349349737,0
0.09807264712,-0.03447591962,0.0972161079,-0.3380413353,2.181661606,-1.538574576,-1.055132747,0
0.1173322559,0.2426703965,0.3724387881,1.12042892,-0.1927065998,0.5040113926,0.653051734,0
-0.2098415331,-0.2089240417,0.1798244301,0.7832072377,2.181661606,0.7919324636,-1.333299756,0
0.191457472,0.2541324447,0.07200508941,0.9251374006,-0.835924983,-0.1261533648,1.246287704,0
-0.1728869109,-0.009417613858,0.3914424203,-3.087226152,-0.658634901,1.341430902,1.442456603,0
0.1484345292,0.1686174248,0.1747319431,0.8485007286,0.2874533236,-0.907871902,0.885168612,0
-0.1365810622,0.01101437916,0.3173518767,-0.08040418476,1.850654006,0.1669785231,-1.172032356,0
0.04401258882,0.31683393,0.2897125154,1.432772398,-0.3859374821,0.9690554142,-0.7638038993,0
-0.05263219629,0.02687593632,0.3827956006,2.67077899,-0.2776719332,1.165214419,1.986786127,0
-0.2924450033,0.2267545115,0.2206217443,-0.6595438719,1.343098164,1.203838944,0.853564322,0
-0.04046670419,0.1869349089,0.1671962225,1.783987403,0.4223159552,-0.2992075384,-1.088472247,0
0.2046983079,-0.1453415902,0.2014752196,-0.6172581315,0.03170819953,-0.6379615068,1.121131659,0
0.2230776075,0.2276257491,0.3413721539,0.7954769135,-0.4861929417,1.189754605,-0.4812316,0
0.02341825042,0.3058848761,0.09197800158,1.494179845,-0.3270352185,-0.1126948148,-0.1626706272,0
-0.2019659869,-0.02576397676,0.1322815776,-3.014642239,-0.3431568146,0.439132154,-1.935025096,0
-0.2749022758,0.2215992668,0.1295416409,-0.6784205437,2.100861788,0.2760944963,1.109600306,0
0.3109685535,0.1319529622,0.07046527191,0.4008457959,-0.9199925065,0.9446632862,-1.131402969,0
0.1331496836,-0.3282670957,0.1902098125,1.956132054,1.904110789,1.155096292,-0.985076189,0
-0.07852048532,-0.038333884,0.1056915305,-2.687226057,0.2491438389,-0.520460248,-1.881791592,0
-0.3791960321,0.004965441755,0.1649823672,-0.01307906117,1.933475137,0.5736472607,0.7087328434,0
0.2702991575,-0.1273253795,0.3864695074,2.701369286,1.009072423,1.423028111,-0.1523868442,0
-0.04358801119,-0.3307819009,0.09066744608,-1.701927423,-0.4971996546,0.01580932364,0.06688094139,0
0.3564759121,0.008197755453,0.1995330911,0.02295866609,-0.694865644,1.072791696,-0.8679437041,0
0.254819856,0.009365179238,0.3784927882,0.03674109653,-0.1146807075,0.4215141535,0.7070541978,0
-0.09292530712,0.1592857113,0.2855756888,2.098942995,0.3098663688,-0.6460019946,1.453809023,0
-0.176438474,0.2031517672,0.02862046716,-0.8555383682,1.560612679,1.545274496,1.900365949,0
0.1095703783,0.2697255652,0.3242787397,1.185133457,-0.07972216606,0.2695867121,0.3495146036,0
-0.2263852249,0.2060347013,0.2164809783,-0.7383597493,1.983789206,-0.03800722212,1.239899039,0
0.2263294961,0.02502863947,0.1779257476,0.1102337912,0.008653294295,-0.8366881013,1.38993907,0
0.3886989278,-0.1186433422,0.1652343504,-0.2962498665,-1.206326604,1.449185371,-0.251252234,0
0.1843648412,-0.3493557863,0.1719401236,-1.085214496,-0.869015038,0.8788176179,-0.01674889401,0
0.03559919113,0.03839275271,0.2051482814,0.8228493929,1.999837279,-0.9298334122,-1.118091345,0
0.3098203991,-0.1742927398,0.1088274399,-0.5128781796,-0.61117661,0.3762345314,-0.2671510279,0
-0.1847144219,-0.02345732293,0.3656196211,0.1263176203,1.176630735,0.1627975404,1.536422372,0
-0.08207144247,0.2229868241,0.2736979862,-1.218099356,2.055990458,-0.4463364184,1.050824285,0
0.1215002727,0.08312869416,0.3838515065,0.6000336409,0.3783377707,-0.156203568,1.20905292,0
-0.03845727714,0.07779082148,0.4409331468,2.029977083,0.2236707658,1.415537953,-1.299915195,0
0.01024920195,0.1400509344,0.4497971775,1.497788906,0.2966831923,0.8775982857,-0.6153405309,0
-0.09389066391,0.232988121,0.3878355993,1.953889608,-0.1604402065,0.5149112344,0.7357403636,0
-0.1206657909,0.06957849339,0.2796804629,2.618549109,0.4220302701,0.469153136,-1.772484541,0
-0.1613635961,0.1998643764,0.3912624005,2.25001359,-0.2098511159,0.6092990637,0.6715867519,0
-0.06561881811,-0.2513691373,0.1558726785,-1.826066375,0.1796166897,-0.4928260744,-0.01526175253,0
0.2286302015,0.08260716139,0.1049999668,0.3478208184,-0.3372771144,0.285245508,-1.424530625,0
-0.3155178727,0.256711836,0.03014976431,2.458601475,-1.50949204,1.266732574,0.1045401916,0
0.04548048539,-0.4099064463,0.08929305949,1.68129766,1.843723655,1.241143703,0.1365309954,0
-0.06755504671,-0.3610030404,0.06425732519,1.385815501,2.091649294,1.437939882,-1.0900383,0
-0.05034521338,0.191447731,0.1193806709,1.827994943,0.1317604482,-0.2287052274,-1.212418079,0
0.08106435817,-0.2217995453,0.3989356389,-1.220393419,-0.1175937876,0.5123206377,0.7637324929,0
0.01924314016,-0.06694691607,0.1396030829,-1.290902853,0.4434216917,-1.909148932,2.094395161,0
-0.07765141801,-0.3185678684,0.1175152727,-1.809885859,-0.8724777102,1.153431535,-1.387888551,0
-0.1833926483,-0.208939127,0.2638165417,-2.291179657,-0.2621367872,0.9245417714,-1.289946437,0
-0.1049229135,-0.2626682096,0.2615803326,1.190923333,1.090609789,1.022570968,1.67176187,0
0.3188664662,-0.1980135023,0.09033206514,-0.5557114482,-0.8307227492,0.3893561661,0.2988819778,0
-0.1463739926,-0.08797478647,0.1050147145,-2.600456953,-0.01271190308,-0.1433309317,-1.575438857,0
0.1181563949,0.3792379021,0.03562339169,1.268765807,-1.489158988,1.516265512,-0.5632886291,0
0.1171982839,0.07344981973,0.4742180466,0.5598317981,0.1427205801,0.7463793159,0.4065232575,0
-0.1421003202,0.1482784733,0.02683605862,2.334272146,-0.7581856251,-0.9237223268,1.72674036,0
-0.1734935656,-0.004974022548,0.284124036,-3.112904549,0.04988092929,-0.4671427906,1.934802294,0
0.1793530325,-0.1066480461,0.4343865157,-0.5364690423,-0.1065697521,1.222512484,-0.6246478558,0
-0.329422303,0.1193124658,0.1037653175,2.79411602,-0.5946931243,0.1061039716,0.2960873246,0
-0.3536236587,-0.05407652547,0.02773203816,0.1517455429,2.181661606,0.5748887062,1.153082013,0
-0.06107204079,0.03363115736,0.2480816604,-0.4981892407,2.071851015,-1.4026227,1.52741003,0
0.3060478579,0.2775960359,0.1124184246,0.7366881371,-1.324102759,1.29758954,0.08306346834,0
-0.1021178151,-0.3176518711,0.2347091342,-1.881870151,-0.3078892529,0.1804469973,0.4064945579,0
0.07904001652,-0.2631316242,0.2033178742,1.86270225,2.07901597,0.8283857107,-1.489652514,0
0.002951129308,-0.001617751736,0.4543903012,2.589883089,0.9042277336,0.5438037515,-0.5577679873,0
-0.1150603794,-0.2667200854,0.2185397602,1.164074898,2.02604723,-0.1746991277,1.308891892,0
0.3096224416,0.2615001755,0.1462238128,-2.440252304,1.70496738,1.460916042,-0.4145873487,0
-0.1141433436,0.04486383521,0.4154184473,2.767135382,0.4213291109,0.8510221243,-1.072964311,0
0.2050764352,-0.2481102965,0.3277036695,-0.8800595403,-0.4478895068,1.095069766,-0.5145365596,0
0.2651074474,0.2746691621,0.1629286177,0.8031371236,-0.7506369352,0.5399638414,0.3206413984,0
0.2430834885,-0.1715697968,0.2729375938,-0.6151433587,-0.189335838,0.6909761429,-0.8515054584,0
-0.1057086837,0.07778346479,0.09265003421,2.507229805,-0.139768675,-1.561745405,1.884755135,0
0.08658574314,-0.05653859862,0.44223707,2.563168526,1.145203471,0.6281622648,-0.6186841726,0
-0.3224221137,-0.2406923578,0.06050728894,-2.500326395,-1.262837887,0.9094201326,0.3348641098,0
-0.3608660367,-0.07310305116,0.2600911583,0.1998721659,1.330625653,1.16442287,0.6213281751,0
0.01621136211,0.2653860197,0.1991686599,1.509798169,-1.412915111,1.398429632,1.932312965,0
0.1549265715,0.1072486772,0.2356218098,0.6055954099,0.1884519607,0.3973527849,-1.650999546,0
0.05830069427,-0.123352369,0.3066401932,-1.129051089,0.9503360987,-0.8209725022,0.7294176817,0
-0.0913116285,0.03836671058,0.09953333076,2.743890762,0.074307248,-0.4241329432,-1.903829455,0
0.04483495416,-0.1728673345,0.3571522335,-1.315465689,0.3001681268,0.7085195184,-1.206970215,0
0.2817054824,0.1179799931,0.09036917029,0.3965950608,-0.9241497517,1.135160685,-1.594290614,0
-0.1694214037,-0.2257148475,0.3887397268,-2.214681149,-0.4094977975,0.9193698764,0.4675025642,0
-0.08438533775,-0.2416123332,0.1852122251,1.234782219,2.122816563,-0.4364047647,1.710383177,0
-0.1551351916,0.1202743778,0.07774182078,2.482125759,-0.2017948031,-0.07397463918,-1.415878654,0
-0.1422496324,-0.1158093818,0.1544190647,-2.458385468,0.4060872197,-0.3244892657,-1.161551952,0
0.04976651856,-0.1914174357,0.267124838,1.82514739,1.795217872,0.7431419492,-1.738051057,0
-0.05978608213,0.2445222145,0.2228886888,1.810585737,-0.4212144017,1.12210834,-1.825566292,0
0.06183286089,0.1468277675,0.1797725999,1.172104836,0.4985989332,-1.306786776,1.419111729,0
0.2215948342,-0.04224013222,0.3310645832,2.95323658,1.493936539,1.042339921,-1.377661824,0
0.2997553757,0.09341999087,0.217545183,-2.839389086,1.208709717,1.126243949,1.552412868,0
0.3178915407,-0.1361827631,0.06588856685,-0.4047422409,-0.9455026388,0.939266026,-1.030050278,0
-0.03507100329,-0.2804291075,0.2792420056,-1.695157528,-0.3641986251,1.146965384,-1.32823801,0
-0.1723351353,-0.2237334963,0.2978144916,-2.227163076,-0.1712179482,0.8262789249,-0.9750145078,0
-0.1627942846,-0.288744069,0.02473878179,-2.083676338,-1.636182189,0.840294838,1.537067652,0
0.09094738437,0.2309443241,0.2689536872,-1.946165085,0.7333827019,1.497931957,1.735369802,0
-0.04576656471,-0.2164775908,0.1349658949,-1.779143214,-0.05882949382,0.08700056374,-1.372805476,0
-0.3058059818,-0.08158665125,0.3369881929,-2.880873203,-0.4990244806,0.7604923248,0.6133114696,0
0.1912496606,-0.1662279817,0.2392457042,2.426088095,1.873452902,0.942690134,-1.62095511,0
0.2021680629,0.2755784864,0.2505287806,0.9379039407,-0.4630803168,0.8597351313,-0.6352171898,0
-0.2789132611,0.01943030902,0.09489720018,3.072421789,-0.6942658424,-0.4091774225,1.571046233,0
0.2146062904,0.305193839,0.1072443322,0.9579389095,-0.7566524148,0.3687493801,0.2484669983,0
0.1514874064,0.1042968951,0.1133466216,0.6050365567,-0.3994230032,0.3352000117,-2.041489363,0
-0.1198873161,-0.1586265223,0.3729158528,-2.218007803,0.1788404286,-0.008623830974,1.053434849,0
0.2595310434,0.02655802404,0.3343800621,0.1019420326,-1.033205271,1.511155844,1.233449936,0
0.1417984979,0.2401106019,0.2174075137,1.037890553,0.062479157,-0.3775011897,0.5659974813,0
0.09322473599,0.2465209045,0.2912593996,-1.932334423,1.652603149,0.009798934683,1.359071374,0
0.1719182771,0.111863754,0.03778246579,0.5771728158,-0.176458329,-1.059970737,0.8578156233,0
-0.04128524009,-0.1425311237,0.3691085092,1.288847208,1.398368597,0.754075408,-1.303340554,0
-0.3395819432,-0.1281010985,0.1565030189,-2.780875444,-1.227277517,0.9006136656,1.207686901,0
-0.2366508893,-0.2065612836,0.113215364,0.7168623805,2.158343315,0.0421285741,1.571905732,0
-0.2584665621,-0.05311216964,0.1094285807,-2.938872814,-0.5794658065,0.6803987026,-1.628381968,0
-0.1933006243,-0.2091933111,0.1440516817,0.825411737,2.180740595,-0.2345461994,1.68078506,0
0.03595128543,0.1223358761,0.4333468169,1.284966946,0.2875137329,0.2420766652,1.028862119,0
-0.2058539868,0.1905573857,0.2743161116,2.39476037,0.08795885742,-0.1024848968,0.3447169363,0
-0.2333826279,-0.2194716125,0.3524090222,-2.386903286,-0.559807241,1.003379226,0.3377920091,0
-0.1866219001,0.1019600806,0.2381262075,2.641922951,0.6167217493,-0.6716375947,0.2233078182,0
0.2443867251,0.1983880614,0.1598638873,-2.459716558,2.01451993,0.0700507164,1.50406909,0
-0.3557256961,-0.08257260867,0.07777945467,0.2280920893,2.091099501,1.387034774,-1.107278585,0
0.2812157948,-0.06354068816,0.08675738431,2.919374228,1.33312571,1.570796371,1.791330099,0
0.2756629646,-0.09132302475,0.1553924125,-0.3198292553,-0.4981939793,-0.3141652644,1.426609993,0
0.0650062094,0.1897772699,0.16359166,1.240783334,0.6677465439,-0.8712471128,-0.06195385009,0
0.1201224797,-0.03873964308,0.3047059568,-0.3093313277,0.6275676489,0.338714987,-1.518096209,0
-0.286343918,-0.1056765467,0.04333249464,-2.788047552,-0.6311102509,-0.31338346,0.7412114143,0
0.1321713593,0.326024635,0.09283772222,1.185666203,-0.7898458242,0.7581062913,-0.8151929975,0
-0.1084619969,-0.2788067061,0.03425299833,-1.942082047,-0.5251487494,-0.2816090286,0.2758639157,0
0.250900607,0.03202853325,0.1878706728,0.1267992407,-0.2274056077,-0.5604485273,1.518869638,0
0.2922723198,-0.2413764516,0.02199326382,-0.6902948618,-1.323019624,0.6690915227,0.7510929108,0
-0.2578478861,0.2571406961,0.2596809486,-0.7840275764,1.482212067,0.9070519209,0.6703938246,0
-0.04977826424,-0.01742472105,0.2571207778,-2.804018497,1.583109856,-0.5334215164,-1.13894701,0
-0.1408860387,-0.0507196682,0.04334035449,-2.796046257,-0.3628517985,-1.40329814,1.603032708,0
0.07050390687,0.15802945,0.277679348,-1.990445614,1.803553343,0.5732332468,-1.684144378,0
0.2430162558,-0.2370370467,0.05738459694,-0.7729407549,-0.6528893113,0.1456734538,-0.05748721212,0
-0.05623785993,0.205455813,0.2674722384,1.838006973,0.08393842727,0.6282849312,-1.526775599,0
0.1112804762,-0.03231575789,0.4216157849,-0.2816561162,0.429456383,0.8722383976,-1.057840586,0
0.1475807495,-0.05673198198,0.1141103348,-0.3669810295,0.2279079705,-0.3346501291,-1.443821669,0
0.1047764952,0.3484161545,0.05794185412,-1.862916112,2.175801516,0.4859017432,1.072278857,0
-0.08516986973,-0.0353389788,0.2110092342,-2.748236179,0.9197531343,-0.2623373568,-1.680899262,0
-0.3585576367,0.05572616724,0.1909096651,-0.1541838795,1.83806622,0.5083850026,0.9340081811,0
-0.3307074664,-0.07563025436,0.1966425651,-2.917259455,-0.6481844187,1.077845812,-1.087442994,0
-0.1084925104,0.06767632973,0.2533273648,2.583865404,0.2925919294,-0.9275108576,2.094395161,0
-0.2456326005,-0.07383420707,0.1737333685,0.291942507,2.17067194,0.8225491047,-1.727397919,0
-0.07036222742,-0.3053895742,0.2588392175,-1.797363281,-0.3231717348,0.1099620908,0.8909854293,0
0.1303523199,0.05443108326,0.1271770147,0.3955596387,-0.1453967243,0.02908692881,-2.094395161,0
0.1019315658,0.3859231391,0.1285996808,1.312569022,-1.010680199,0.7927463055,0.3152490854,0
-0.03078101898,-0.3275528801,0.09434034463,-1.664499879,-0.6315069795,-0.1351331323,0.8561266661,0
0.02721504857,-0.04073633185,0.1932460416,2.159775257,2.181661606,-0.4217076898,-1.851948977,0
-0.0971829616,0.182893937,0.1247362603,2.059320927,0.07582485676,-0.1374989301,-1.239441514,0
-0.08109931002,0.02013111878,0.4502402422,2.895467043,0.188236326,0.5175402761,1.235380769,0
0.2686521042,0.1102581773,0.1284853863,0.3894313276,-1.71628654,1.481907964,1.814556479,0
-0.1386405515,0.3451244853,0.2198235152,1.952821493,-1.217773199,1.279161572,0.812294066,0
-0.118300002,0.1966216506,0.4033861641,-1.029154539,0.7571995258,1.104922891,1.022497296,0
0.2154108696,-0.3234268687,0.2220168368,-0.9832370877,-0.8614100218,0.9714392424,0.1860147864,0
-0.2553842771,-0.01008027964,0.32133662,-3.102168798,0.01793954149,0.679308176,-0.9098286629,0
-0.06371266934,0.1736816472,0.3564917475,1.922382116,0.2606983483,-0.1979304999,1.202867866,0
0.1407482114,-0.2031996936,0.05536164181,-0.9650166035,-0.4815560877,0.1921456009,-1.241178393,0
0.156554256,-0.280576624,0.2637634578,2.079844475,1.688354373,1.168509483,-1.05973351,0
0.2975060235,0.2440252811,0.24668126,0.686958909,-0.9259006381,1.157855749,0.1900403798,0
-0.2670151385,0.1196356449,0.07791113208,2.720368862,-0.4972352386,-0.4558207393,0.957184732,0
-0.3194201058,-0.05175601116,0.3210756442,0.160625875,1.374142051,0.7603711486,0.7348438501,0
0.2073451306,0.2832513866,0.1016951693,-2.202652216,1.614369035,1.085206985,1.384233356,0
-0.05412772112,-0.002446921912,0.4942721385,0.04308830574,0.7258867621,0.7941413522,-0.04077187181,0
-0.3410127596,-0.1137428421,0.08576195982,-2.819749594,-1.197696209,1.485475063,-1.225091696,0
-0.1421277379,-0.04995074226,0.2499124044,-2.803734779,0.9106682539,-1.084305644,0.8872476816,0
-0.2781708446,-0.1577402102,0.3193203221,-2.625724792,-0.4757505059,0.6233125329,0.7046737671,0
-0.002325203053,-0.09403835711,0.475103624,-1.595517993,0.3035162687,0.564759016,0.6521843076,0
0.2690746348,-0.2112257286,0.2713104473,2.476066828,1.638651967,0.5514895916,0.7607016563,0
-0.09099816997,0.1466618949,0.2497791717,2.126128197,0.3179545701,-0.8785253763,1.625285268,0
0.1272768669,-0.04746339349,0.1011623819,-0.3570792675,0.1044272706,-1.569673896,1.669081211,0
0.1360240432,0.3506177824,0.04308932619,-1.94092989,2.074825764,1.505018473,-0.9634556174,0
0.2151962047,-0.1442429755,0.03669925463,-0.5905491114,-0.8559467196,-0.52351439,1.602059603,0
-0.2004790978,-0.2061846329,0.08770377592,-2.341801405,-1.843347669,1.455235362,1.863309979,0
0.2900771888,-0.06580072243,0.09568492108,-0.2230506688,-0.2839039862,-0.07439649105,-0.3765436411,0
0.1089115791,-0.02668372659,0.3649008966,-0.2402373701,0.6409698129,0.5213184357,-1.271679163,0
0.06119833659,0.1170388811,0.07956441431,-2.05277133,-2.068397522,-1.004295111,-0.8493108749,0
-0.2316909901,0.036911612,0.1090778676,2.983618021,0.03327835351,-0.9147082567,0.8357380033,0
0.09804659573,0.03681708656,0.3032863877,0.3590704799,1.315820694,-0.8431193829,0.1953796744,0
-0.02375415681,-0.02268448781,0.3676543669,-2.378126383,1.027651191,0.3682899177,-1.282275796,0
0.1532901541,0.324385223,0.2702380375,-2.012242556,1.561527491,0.7822737694,0.5671614408,0
0.2744092058,-0.02150853001,0.3741571625,-0.07846435905,-0.2418477535,1.073484898,-0.6102457047,0
-0.08017014278,-0.0647012897,0.2976452133,-2.462527752,1.219377518,-0.4214741886,-0.7248609662,0
-0.1328811383,0.3225217301,0.0706117306,-1.179982424,2.181661606,0.3469930887,1.257635474,0
0.1098515339,0.09854340358,0.3583871461,-2.41040349,1.458752036,-0.3427694142,1.340356231,0
0.05925040877,-0.2319892218,0.3173049811,-1.320754886,-0.1313182712,-0.003639064729,1.386988997,0
0.3367264045,0.1956165931,0.1251116002,-2.615219116,1.905860782,1.360844374,-0.7590171695,0
0.0771881968,-0.3414170025,0.2362824099,-1.348467588,-0.7308183312,1.309170008,-0.9514300823,0
-0.1408776246,-0.2704076797,0.3514011471,1.090504289,0.950286746,1.274578214,0.7377886772,0
0.03935144655,0.1245191268,0.02978652286,1.264596939,-0.09756499529,-1.529628754,1.221413612,0
-0.2097295925,-0.3530023416,0.1359584815,-2.106889248,-1.189866304,1.235995293,-0.05280411243,0
-0.08942246305,-0.2463109498,0.2045938128,-1.919036746,-1.403989792,1.424192667,1.935548067,0
-0.1128257981,-0.3779807575,0.1706283505,1.28072083,1.804701447,0.8518119454,0.4830087125,0
0.1419807563,-0.1688798956,0.0748607947,-0.8717147112,0.1530804634,-0.7993152738,-0.02556451783,0
-0.3604565064,-0.1266874444,0.02110352737,0.3379783034,2.147360325,0.79328233,0.7685500979,0
0.1210673057,-0.318555598,0.08727662966,1.93412447,2.167858124,0.2598987818,1.341434717,0
0.3313566448,0.2208159719,0.03299341779,-2.553776026,1.87181294,1.254662275,0.5314854383,0
-0.1603577022,-0.07367256713,0.4093243278,-2.710927486,-0.08574622869,1.472244978,-1.275277376,0
0.2031756704,0.298796703,0.2321860316,0.9735788107,-0.6710366011,0.5499169827,0.678175807,0
0.01337331383,0.1543864349,0.3877458205,1.484376907,0.3736285865,-0.1186339408,1.098992229,0
0.04057072461,-0.3236038695,0.2858675722,1.695531487,1.632320762,1.109886408,-0.8347045779,0
-0.07494250433,0.1435831341,0.3174644982,2.051846027,0.5736016035,0.252219677,-1.135637403,0
-0.008093866661,0.2671212984,0.2889037242,1.600960255,-0.3395673633,0.1096598059,1.443897605,0
-0.03242864251,0.001630280447,0.2540952335,3.091352463,1.01921916,-1.327935934,2.054559708,0
-0.005728470325,0.09002493059,0.4504082915,1.633986235,0.6646086574,0.3321377635,-0.07399524003,0
0.1495808759,-0.0374380617,0.1268989928,-0.2453667223,0.7886531353,-0.8233375549,-0.8355069757,0
-0.2644306064,0.03999118017,0.3859669481,-0.1501379311,0.690271318,1.484919667,0.7119368911,0
-0.08249599424,0.04123570414,0.4605589357,2.678051472,0.3421377838,1.095512152,-0.8719485998,0
-0.1916966733,0.3437395954,0.1764077207,2.079515219,-0.9693079591,0.8474458456,0.47144714,0
-0.2466134589,-0.2560861543,0.09017885752,-2.337325811,-1.325024962,0.7140737772,1.341763616,0
-0.3793177696,-0.004874570504,0.114730358,-3.128742695,-0.9781914353,0.5068001747,0.7613524795,0
0.2636843453,0.1744437348,0.3446296309,0.5844628215,-0.427886039,1.079725385,-0.382894069,0
-0.2686666,-0.05696332938,0.0245244303,-2.932663202,-1.816273093,0.973113656,2.05562067,0
0.1406085586,-0.192822803,0.04927708342,-0.9407488704,-0.1057003438,-0.6996532083,0.1285271347,0
-0.3545344957,-0.02311772178,0.1562362918,-3.076480627,-0.5107525587,0.2091506571,0.2599085867,0
0.04358013647,-0.1828135923,0.1709403038,-1.336778283,-0.2337959707,-0.9091153741,2.094395161,0
0.2284854169,-0.1896179046,0.2051852031,-0.6927025914,-0.3570606709,0.7604367137,-1.225781083,0
-0.03921352908,-0.2519894789,0.3937252108,-1.725226283,-0.748700738,1.401608944,0.8003517389,0
0.04420134547,-0.03512809701,0.1755535302,-0.6700348258,1.686430693,-0.8105891943,-1.461826205,0
0.07209446391,0.05723435922,0.3060083133,0.6698117256,0.6038746834,0.5481535792,-1.871088028,0
0.01048620804,0.1518953905,0.1338435465,1.501869798,0.7070350051,-0.684180975,-1.024369359,0
-0.01747553789,0.2328278488,0.08979815157,1.645824075,0.05790204555,-0.886472106,0.545697093,0
-0.1036741831,0.3788987908,0.03682551856,1.837877989,-1.267843843,0.7738159895,0.4564464688,0
-0.14625297,0.3657232896,0.1440478659,1.951217771,-1.140476108,0.8999935389,0.682023406,0
0.3421587078,0.02534641099,0.2679334374,0.07394280285,-0.5168199539,0.4893918633,0.644297719,0
0.1578731556,-0.260063691,0.1379086907,-1.025204897,-0.7170871496,-0.1164449826,1.523982167,0
0.1109371731,-0.2076399459,0.2865362715,-1.080107689,0.3665089011,-0.384031266,0.4908449948,0
0.09563179524,-0.1730294394,0.2685396665,-1.065868258,0.656606555,-0.6968439221,0.4977294505,0
0.3960546109,-0.0007438407724,0.1487312431,-0.001878104405,-1.051902056,0.8401631117,0.5378961563,0
-0.08619837889,-0.1621196217,0.3827773548,-2.059889078,-0.2554633021,0.5600799918,1.559175611,0
-0.2381810394,0.1808143046,0.04388467078,2.491963148,-0.7051774263,0.4517315626,-1.020328164,0
-0.1736599833,0.2816386324,0.06685618133,2.122938633,-0.7323714495,0.5657351613,-0.8414834738,0
0.2466158772,-0.2038260204,0.04177910482,-0.6908451319,-0.6462641954,0.2153383642,-0.4701112509,0
-0.0394246185,0.08592669918,0.2908309176,-1.140635371,1.835214257,0.07520768791,-1.469491601,0
0.07292604118,0.04987312651,0.2846535971,0.5998419523,1.441719174,-1.108574033,0.5769657493,0
-0.1198055085,0.148364058,0.1495536678,2.250422239,0.2216497362,-0.1429319084,-1.340359569,0
0.3360753832,-0.1455111152,0.04931492715,-0.4085766077,-1.834477544,1.467547178,1.019536376,0
0.06446077461,-0.04937116043,0.1333118869,-0.653606236,0.2842853963,-1.851651907,2.094395161,0
-0.2131236397,-0.2036727441,0.3609396553,0.7627266049,1.393554091,1.023040891,-0.4594216645,0
0.01148303909,0.2696537792,0.209876846,-1.613297105,1.995478868,0.9305211902,-1.58975029,0
-0.09627777515,-0.1720469311,0.2377516053,1.060733676,1.872733235,-0.6259865165,1.911185503,0
0.340115887,-0.1233868157,0.04845067779,-0.3480272591,-0.8389767408,0.3701759279,-0.02863088995,0
-0.1986300193,0.1983320231,0.05244709287,2.356943846,-0.3457112908,-0.4540362656,0.2965272963,0
-0.2772313375,0.09033395427,0.08497803881,2.826576948,-0.2632953227,-0.3736786842,0.2065801024,0
-0.006367592834,0.2050395716,0.2388062635,1.601841688,-0.05950310081,0.7347786427,-1.832819819,0
-0.2078062077,0.1774239226,0.392081271,2.434899092,-0.2216555923,0.9498378038,-0.2244221419,0
0.1812631345,0.3089325281,0.295493449,-2.101408243,1.207383871,1.29140842,0.4291710258,0
-0.2103015167,-0.2798816661,0.08365967848,-2.215183973,-0.6709195375,0.4067266583,-0.394895643,0
0.2400871382,0.220563721,0.04569032132,0.7430400848,-1.67603457,0.9842420816,1.619560003,0
-0.3044420017,-0.08416114465,0.2535114413,-2.871934175,-1.180559635,1.267701864,1.336537242,0
-0.178304872,0.3019204448,0.1265822331,2.104389906,-0.8791242242,1.136240602,-1.134972095,0
-0.3092840512,0.2537013205,0.03345083964,2.454604626,-1.32679081,0.9355785251,0.2597522438,0
-0.1630655768,0.2867678602,0.02272775282,2.087833166,-0.7375549674,0.1305464208,-0.08968299627,0
-0.1146657222,-0.2266879314,0.2412645459,1.102494359,2.030908585,-0.3966005147,1.367546797,0
-0.048970981,-0.04544499477,0.3607015208,0.7531329989,1.721983671,-0.6307325363,0.4964849353,0
0.3186152578,-0.06692538755,0.196744826,-0.2070349455,-0.4578430951,0.00121836178,0.9783144593,0
0.2832144577,-0.2763028488,0.1659979708,-0.7730458379,-0.9649641514,0.8295750022,0.4014617503,0
-0.1739276008,0.1502834965,0.4332134808,2.42899394,-0.1707084626,1.127679706,-0.3043836057,0
0.02501863208,-0.0009402385268,0.4902016278,3.104949474,0.7287155986,0.6750807762,-0.02187051438,0
-0.3418404115,0.08521732034,0.2111781519,2.897348881,-0.4383046925,0.3107336164,0.2769846022,0
0.3162399232,-0.2249479113,0.2391702986,2.523309469,1.394876122,1.508678079,-0.2334713042,0
-0.1813343462,-0.3218136693,0.09817816639,1.057642817,2.061652184,1.321270943,-1.032339811,0
-0.1861325236,0.07887821556,0.1203868795,2.740760565,0.4947329164,-0.8184380531,-0.2811262012,0
0.2817223324,-0.2018720437,0.2946968358,2.519836187,1.153407931,1.252421975,0.6941618919,0
-0.1506343789,0.2381860096,0.2461960835,2.134832382,0.1018696129,0.03715514392,-0.2995541096,0
-0.2675782071,-0.07562376997,0.02055983582,-2.866151094,-2.014854431,1.337610722,1.901682258,0
0.2323234768,0.2602955233,0.09709157116,0.84211725,-0.9351986647,0.2056550235,1.13121593,0
-0.3063319689,-0.08267736488,0.03191488557,-2.877863884,-0.7833074927,-0.1810971498,0.8261338472,0
-0.1469403941,-0.1615462246,0.2352574193,-2.307480097,0.1242794618,-0.698343277,1.421181083,0
0.304403155,-0.008399901209,0.3460521224,-0.02758556046,-0.2747429311,0.6072275043,0.3053604364,0
0.1145753295,0.03279602034,0.45681386,0.2787851095,0.2512276173,0.4508800805,0.8308667541,0
-0.2997837402,0.1855025995,0.2364592475,2.587468863,-0.8434847593,1.500475287,-1.003560424,0
-0.0239058612,0.01183760236,0.4628793994,2.681827784,0.5127635002,1.15421319,-1.020536184,0
0.3414878492,-0.1934450221,0.2164318705,-0.5154056549,-0.9594380856,1.057520509,0.27950266,0
0.1735750374,-0.08510076951,0.2628097528,2.686057568,1.634098887,-0.410261333,1.998400688,0
-0.005497873815,-0.1596461035,0.08785742982,-1.605617166,-0.1464882493,-1.389073133,1.689633727,0
0.3064052955,0.007179045383,0.05459780819,-3.118167162,2.181661606,0.2472394109,1.75318563,0
-0.2175218159,-0.1998776545,0.1020868329,-2.399175406,-0.6374333501,-0.346387893,1.36308825,0
-0.2371759579,0.003263426867,0.09401249262,3.12784934,0.0990613848,-0.5378876328,-0.3464631438,0
0.1311725677,-0.2120604892,0.02770012045,-1.016839862,-2.1146667,1.527475357,2.078758001,0
-0.1202679301,-0.2292798063,0.1338053965,-2.053924084,0.02452713251,-0.7045869231,0.648129344,0
-0.3729562738,0.0230354681,0.09064145144,-0.06171828508,2.05251193,1.353729486,-0.9919964671,0
0.2702074745,0.1847403951,0.2180698153,0.5996997356,-0.5520551801,0.1702811867,1.111832857,0
0.2518763948,0.03595700911,0.2238150887,-2.999796152,2.062838078,0.7058312893,-1.4836905,0
-0.3920235543,-0.002781032144,0.2179468411,-3.134498596,-0.8925362229,1.059347868,0.0401474908,0
-0.02747577681,-0.04064788554,0.1755903107,0.9763948917,2.181661606,-1.852325439,2.0022645,0
-0.07338018891,-0.02834200484,0.3275347181,-2.769925356,0.8753299117,0.2988322377,-1.473565936,0
-0.2380085097,0.09677190256,0.1063380867,2.755405903,-0.3211748004,0.2528944016,-1.259231806,0
0.2435028375,0.05247760329,0.3015521052,0.2122242004,0.02768704668,-0.1884691715,1.083660722,0
0.00963911109,-0.2020319192,0.3672713743,-1.522007465,0.002919398248,0.1122746915,1.319296479,0
0.169419433,-0.08204720503,0.3445692651,-0.4509499669,0.208998993,-0.2300561368,1.327437758,0
0.06968485903,0.3978964113,0.08417956816,1.397422194,-1.394004464,1.120393038,0.5266969204,0
0.237063832,0.1788301421,0.2185838472,-2.495310307,1.630504131,1.570796371,-1.677357793,0
0.2715197911,-0.06392636754,0.1903354839,-0.2309406847,-1.518363714,1.513469696,1.788419008,0
0.1078498313,-0.02096800673,0.1885519977,-0.1921747923,0.9446725249,-0.4577567875,-1.455429077,0
0.04474900487,0.05254875678,0.2389793365,-2.276199579,1.665615797,-1.330394506,2.094395161,0
-0.1389229271,-0.2560347157,0.2481589696,-2.067932606,-0.6054515243,0.25984025,1.560171008,0
0.1191292134,0.3280155265,0.1027898039,1.222349644,-0.6487078667,0.5183559656,-0.5817360878,0
0.2474068079,-0.3283580045,0.1131550471,-0.9250802398,-1.253896713,1.302703142,-0.1865911782,0
0.1274214255,0.054935243,0.446825026,0.4063236117,0.1031453684,1.301401615,-0.9875656366,0
0.372849057,-0.08323166881,0.2238529805,2.921961784,1.373986244,1.254633665,0.6004760265,0
0.1381503457,-0.2103741026,0.3320923175,-0.989723146,-0.2981434166,1.340864062,-1.362736464,0
0.2521305048,-0.07908574574,0.0770191121,-0.303609401,-0.1885867268,-0.6553408504,0.5372515917,0
0.1305207242,-0.3494760595,0.1136963265,1.92794311,1.582398415,1.178343415,1.096332192,0
-0.1066120087,0.09279936469,0.1663637267,2.425697327,0.3391382694,-1.411194324,1.760139227,0
0.2709520826,-0.05191405936,0.2263778362,2.952285528,1.99494493,0.8381418586,-1.405165076,0
-0.2594472767,0.07654360514,0.2246062259,2.854712248,-0.4315919876,-0.1389706582,1.644776225,0
-0.1981267083,-0.0882624191,0.1153707891,-2.722501755,-0.01679708622,-1.036626577,1.221088767,0
0.1366469209,0.2384935968,0.2522019705,1.05035603,-0.4615654349,0.06056275219,1.59813118,0
0.1206580788,0.04523223722,0.1163044936,0.3587055504,0.9525293708,-0.9264870286,-0.9842579961,0
0.1118381009,-0.2824325774,0.3648383596,-1.193759322,-0.4764130116,0.8969702125,0.4737684131,0
0.03097629446,-0.3242167348,0.2375775835,1.666087508,1.891750693,0.1714915633,0.9730814695,0
-0.1414954362,0.009347580497,0.3598738735,-0.06593707204,1.260227561,1.011877894,-1.612806678,0
0.06919962395,-0.2099320425,0.268383119,1.889198422,1.536961198,-0.1076345518,1.939128041,0
-0.09001932944,-0.2884870968,0.04050906193,-1.873260379,-0.5029487014,-0.2219401598,0.1341100037,0
-0.2727447713,-0.1980107049,0.07479441541,0.6279585958,2.181661606,0.2723356485,1.396281362,0
-0.1940643127,-0.2254604427,0.1248967832,-2.281479359,-0.4940928221,0.5770754814,-1.211173892,0
0.03304233305,0.1317169303,0.3337992724,-1.816159248,1.724422336,0.2903292477,-1.18864727,0
0.2088636288,-0.2780842988,0.1749544048,-0.9265283346,-0.6143262982,0.860675931,-0.8708259463,0
-0.07199316985,-0.1928948794,0.1818503274,-1.928027153,0.07396511734,0.2095397711,-1.539596915,0
0.3759705304,0.01045615824,0.06589648781,-3.113789082,2.099112272,1.366430402,-0.9434363842,0
0.214291122,-0.298694264,0.1717198953,-0.9485361576,-0.7093696594,0.9037439227,-0.6593369246,0
-0.002618807679,-0.1594286379,0.2175313937,-1.587187409,0.7487438321,-0.3274128437,-1.098823071,0
-0.03149827538,0.2291656892,0.1302020824,1.707397819,-0.05463950336,0.03437010199,-1.224238396,0
0.02064240793,-0.2436792191,0.3004779943,-1.486285567,-0.9835099578,1.244191885,1.701119304,0
-0.1759649653,0.1521342079,0.2121150554,2.428699493,0.1598348916,0.160541147,-1.146273613,0
-0.3335424668,-0.05040314243,0.04841323748,-2.991661072,-0.7855504155,-0.02197273634,0.6742562056,0
0.03782162371,-0.01051310558,0.4371513067,2.870260715,0.8343257308,0.07374112308,1.180041313,0
0.0374246241,0.1614259375,0.1723716845,1.344382882,0.2986397743,-1.26094687,1.601301551,0
-0.2696087179,-0.1463094743,0.3487962602,-2.644392014,-0.4203346968,0.7192698121,0.5665270686,0
-0.2477502751,-0.1330231568,0.3482908062,0.4927484393,1.286385059,0.5941661,1.000901103,0
0.03245402544,0.3870324552,0.1821076449,1.487138629,-0.8082584143,0.7229456902,0.2468176633,0
0.2304140335,-0.1818176283,0.2862593088,-0.668076694,-0.4291217327,0.2632934153,1.244307399,0
0.1180745157,0.144984473,0.08644090181,0.8873419166,0.3809724748,-0.7774799466,-0.5522291064,0
-0.04894008003,0.3816554396,0.08692933933,1.698331356,-1.056867599,1.082984567,-0.652169764,0
-0.03504857411,-0.09009247896,0.2673382899,-1.941509366,0.7246282101,0.1990444958,-1.798101068,0
0.1291032628,0.2387688489,0.1478980251,1.075117469,-0.3147518039,0.464648217,-1.316588283,0
0.2370950008,0.07483343655,0.1647505876,0.3057202697,0.1651247442,-0.7411845922,0.6857100725,0
-0.0629077177,-0.3249004599,0.08516917722,1.379572392,2.178538322,1.316200852,-1.450737834,0
0.1723504197,0.1374980297,0.1333093621,0.6727994084,-0.007323543075,0.006703488529,-1.287157297,0
0.1478556305,-0.2997717496,0.1917878363,2.029147863,1.161317706,1.414285302,1.321616411,0
-0.2262877804,-0.2437136125,0.2563315534,0.8222555518,1.642833352,1.286919594,-1.050261736,0
0.109726466,-0.3228413994,0.1492357207,1.898190379,2.094035625,0.1626477689,1.177528381,0
0.2017046445,-0.04512690862,0.333677349,-0.2201031893,-0.1141885221,0.04176635295,1.616453052,0
-0.2571414387,0.01962621736,0.03219735561,3.065496206,-0.6634603143,-0.6402958632,1.260033131,0
0.07498185991,0.3660849896,0.1975109128,-1.772818804,1.840991139,0.5930453539,0.6875261664,0
-0.07634225469,0.2791505308,0.1354306429,-1.303843141,2.181661606,1.066767097,-1.68097198,0
0.3699018119,0.08122130554,0.1682110086,-2.925447941,1.918287992,0.5815399885,0.7141178846,0
0.1343005949,0.3440456042,0.2171230125,1.198657393,-0.6989809871,0.5674982071,0.5809748173,0
-0.2386341432,-0.2295309395,0.3324816591,-2.375617504,-0.5182718039,1.110044241,-0.2904535234,0
-0.2307399154,0.1187880391,0.248953604,-0.475430578,1.922766447,-0.2805305123,1.42370975,0
0.2298257902,0.07409604047,0.3423957919,0.3118658364,-0.9435461164,1.41910851,1.37384963,0
0.3367330677,0.1258526917,0.2705910102,0.3576730788,-0.8624332547,0.9787108302,0.6930142045,0
-0.1220857316,-0.2539219143,0.1173448266,1.122626066,2.181661606,-0.1583032608,1.835277915,0
-0.1118901625,-0.05764899855,0.2288367309,-2.665821075,0.4056320786,0.2350261062,-1.972723126,0
-0.07532920857,0.02459842206,0.3206875029,2.82610178,0.8083668351,-0.8349903822,1.613743067,0
0.05253034905,-0.100157128,0.4548552355,-1.087771773,-0.2891424596,1.211464643,1.111286044,0
-0.3528806405,-0.1569718392,0.03798279746,-2.723045349,-1.245332003,0.6769378781,0.6079707742,0
-0.114091356,0.05594144968,0.4225098412,2.685717821,0.3433488011,0.9645124078,-1.077975035,0
0.2011444235,0.1893972832,0.3072642541,0.7554799914,-0.02921927348,0.5892623067,-0.7242392898,0
-0.1918378217,-0.2105234114,0.3492838752,0.8317707181,1.521084428,0.8909989595,-0.5961077213,0
0.002376460517,-0.02616695379,0.0507754506,-1.483750939,1.987976074,-1.412203431,-1.911276579,0
0.08297183083,-0.2844285384,0.3536360704,-1.286958933,-0.2119096816,0.7652205229,-0.2104453146,0
-0.2322618522,0.1212345227,0.3525610486,-0.4810822904,1.363913298,1.208663344,-1.049070477,0
0.2236967211,0.09358850919,0.108120039,0.39627707,-0.5468558073,-0.6839340329,1.764808893,0
0.2414098946,-0.1410718192,0.3446319128,2.612713099,1.314786434,1.358698368,-1.039239407,0
0.04701754846,-0.1726345751,0.08069845889,-1.304840565,-0.5826705694,0.321939677,-2.070107698,0
-0.09675433393,0.002593524799,0.4839926351,-0.02678442746,0.3824806809,1.161467671,0.7561829686,0
0.1346639658,0.06397576825,0.3194042469,0.44198066,0.7206655145,0.08738536388,-0.9955934286,0
-0.2494484824,0.0117923686,0.2880386665,-0.04724856839,1.756318927,-0.1720875353,1.339419723,0
-0.1572660268,-0.3372642241,0.07722401841,-2.007120371,-1.125318885,0.5009498,0.9450896382,0
-0.03758656829,0.09900564463,0.2265714526,1.933630109,1.262183905,-0.5923181772,-1.064759135,0
-0.005950870577,0.02742773535,0.06293808973,-1.353429437,0.6648533344,-1.332690954,-1.879365087,0
-0.2771758388,0.2522203098,0.1486451134,-0.7382951975,1.708038568,0.8506513834,1.044561863,0
0.1053753696,-0.04143910579,0.1601131837,-0.3746471107,0.7229285836,-0.4451808333,-1.587415576,0
0.06969244263,0.2653268399,0.3986717945,1.313933015,-0.4732650518,1.450938582,-0.498610884,0
0.2341497604,0.1640142968,0.129836919,-2.530553102,2.181661606,-0.1855095178,1.741179943,0
-0.1190889916,-0.287068427,0.1756310334,-1.964531422,-0.7279421687,0.08754792809,1.532920718,0
-0.05774787487,-0.1597908669,0.2461935422,-1.917680144,0.7864642143,-0.3417989016,-0.8249554038,0
-0.2900619664,-0.2020792283,0.1355837547,-2.533456087,-0.6270708442,0.1225567833,0.6518338919,0
0.06544785559,-0.2350029103,0.3102389376,-1.299216509,0.002163711935,-0.1440661252,1.165334105,0
0.1418970004,0.2477600151,0.02032998643,1.050643086,-2.041568041,1.403396964,1.806497931,0
0.01106713863,0.03678512995,0.2057267825,1.279248595,1.712601066,-0.6399781704,-1.49323523,0
-0.2931070806,-0.02399983124,0.2541490316,-3.059894085,-0.05295154452,-0.1195152849,0.5878682733,0
-0.1815962552,0.1600197686,0.2638305701,2.419272661,0.2370043248,0.1835763454,-0.8342401981,0
-0.2719421148,-0.1435779656,0.2379158111,-2.655941486,-0.4068377614,0.9459892511,-1.158996105,0
0.1352415665,-0.1580147955,0.3539727315,2.278677702,1.616875052,0.6221044064,-0.9629111886,0
0.2272860317,0.1331163834,0.0933980811,0.5297579169,-1.88379848,1.569664121,2.023508549,0
0.07303298561,0.307823769,0.2505635097,1.337672234,-0.1378327161,0.2518743277,-0.1374753267,0
0.006239769341,0.1822470654,0.1766937008,1.537010312,0.3038645387,-1.16181612,1.429895401,0
-0.376603877,0.005746947316,0.177574338,3.126334667,-0.7489876747,0.5097854733,0.5257115364,0
-0.3304694711,0.2110958888,0.1435956981,2.573148489,-1.014931202,0.7436331511,0.5921251774,0
-0.0327671444,-0.1702638099,0.3481373761,-1.760921478,0.2799263,-0.2812075019,1.353588104,0
-0.02175269175,-0.300690962,0.2025706572,-1.643091559,-0.2665321827,0.551271379,-0.9866321683,0
0.06313978881,-0.2643789928,0.1099093703,-1.336366892,-0.6474639773,-0.4435294569,1.652721405,0
-0.06242827415,-0.280493014,0.3316375021,-1.789598942,-0.192463547,0.8817776442,-0.7274606824,0
-0.3259915618,0.133550017,0.1055304516,2.752869844,-0.6842697859,0.5965548158,-0.6305442452,0
0.1154367219,-0.04466647944,0.3563225787,-0.3692180216,0.5658230186,-0.4692037702,1.348673463,0
-0.1286100106,-0.1391596216,0.2584550539,-2.316807747,0.4981949031,0.03643359989,-1.104965448,0
-0.2278008727,-0.3155686868,0.1132395143,0.9455399513,2.003786087,0.6805779934,0.6916109324,0
-0.1347039968,0.1614175956,0.1380363937,2.266268253,-0.1721528471,-0.9824938774,1.671859145,0
0.1812580533,0.1554165976,0.3268755847,0.7087932825,-0.3040681481,0.2548734546,1.526576519,0
-0.185399161,-0.04122941239,0.3131233227,0.218813777,1.929802775,0.2467956543,-0.9872311354,0
-0.06228685358,0.2655039994,0.3108310129,-1.340330362,0.7552756071,1.4348948,1.337110162,0
-0.1018736797,0.274471865,0.155481084,1.926077604,-0.04803807288,-0.2528666854,-0.0133118853,0
-0.1803695566,-0.09550155013,0.3091357148,-2.654642105,0.1533563882,0.7123352289,-1.407368183,0
0.0859564752,-0.02662000701,0.283548515,-0.3003812432,0.7981957197,-1.055706024,1.709750056,0
-0.09668199942,-0.2233879799,0.1496764907,-1.979253769,-0.4100537002,-0.6300126314,1.761807799,0
-0.2011074098,0.3087005905,0.1893448993,2.148200035,-1.208429098,1.067367554,1.034071803,0
0.1352847416,0.1332988434,0.4293884029,0.7779987454,0.2409301549,0.5386294723,-0.0506897904,0
0.1758884475,-0.1134533569,0.04004678524,-0.5728734136,-0.1033764705,-1.014569521,0.6547959447,0
0.05115825378,-0.1195011549,0.06396090064,-1.166304111,2.181661606,-1.831190586,-0.6801865101,0
0.01629021718,-0.3820899639,0.2211338676,1.613404155,1.344931841,1.312043786,0.5941661596,0
0.3197490606,0.2096779851,0.04079437869,-2.561180115,2.030417681,1.547199249,-0.8733420372,0
-0.06770038187,0.04123121384,0.1832022142,-0.549849987,2.161233425,-1.655970216,2.079651833,0
-0.009741335995,-0.03821021867,0.357192453,1.322085977,0.8756923676,-0.3335513771,1.981599808,0
-0.2991110703,0.04748330327,0.1546074067,2.985068321,-0.8746202588,1.430008888,-1.73607862,0
0.07061248539,0.06191108107,0.03969792682,0.7198059559,0.3255260587,-1.831849813,1.157511711,0
-0.1707935129,-0.1893064155,0.426167849,-2.304829121,-0.4274279475,1.256325483,0.1178103387,0
-0.1995486624,0.07940976044,0.1389278365,2.763358593,0.4297312796,-0.6436082721,-0.4065310359,0
-0.01753847347,-0.3143704183,0.2318298676,-1.626521111,-0.130362004,0.2035781443,-0.2095135152,0
0.2835149636,0.1304044557,0.1739109317,-2.710489988,1.863849998,1.410180092,-1.602822781,0
-0.1903573231,0.3625063226,0.1543801277,2.054332972,-1.196243048,1.247848153,0.1094942242,0
0.2863077337,-0.113876014,0.2457462812,-0.3785682321,-0.2500804365,-0.01933294535,0.8501752615,0
-0.3933392451,0.05538893759,0.07227101868,3.001689672,-1.079076171,0.8228415251,-0.02499419823,0
-0.1689552088,0.02162088643,0.1328321804,3.014136314,0.8961126208,-1.102496624,-0.1770190746,0
0.1793697148,-0.09021520052,0.2671792201,-0.4656641781,0.5251651406,-0.05383474752,-0.8474237323,0
0.3332512748,0.1225786482,0.09718608231,0.352407068,-1.084792495,0.4041303992,1.220769882,0
0.1236075917,-0.2408977464,0.05088841152,-1.09667325,-0.5561650991,-0.5947292447,1.103603601,0
0.01336692992,-0.3388997684,0.1065117759,1.610193729,2.128407955,1.268235683,-1.345443606,0
0.2317423326,-0.05954157885,0.2802531023,-0.2515632212,-0.8736483455,0.9326555729,1.939439297,0
0.0401282847,0.07984958614,0.2016001742,1.105112076,0.557220161,-1.4915272,2.094395161,0
0.119752608,0.1033808416,0.08359916958,0.7122164965,-0.4415352643,-1.313037276,2.019729137,0
0.1000947596,0.2021666983,0.1788851737,1.111105442,0.1524167359,0.02632626705,-1.164151788,0
-0.1559680403,-0.2627076099,0.3387680345,-2.106567383,-0.3514946997,0.5726239681,0.6024158597,0
-0.1031882013,-0.1194608881,0.1086635762,-2.283288479,-0.2345059216,-1.339612126,1.968159556,0
-0.1938781652,0.3347289902,0.2136822332,2.095788002,-0.856652379,0.8640325069,0.3631463647,0
-0.1606654812,0.234952199,0.307329613,2.170591593,0.03478180245,0.2757720351,-0.1522634476,0
0.3118406594,0.09674767217,0.2236177162,0.3008311987,-0.3139532804,0.05326518416,0.6422138214,0
0.1427779115,-0.1569768076,0.07390457535,-0.8327313066,-0.7893789411,-0.7682780623,2.094395161,0
-0.2749317968,-0.1529266271,0.09357143863,0.507617414,2.181661606,1.297799468,-1.602145553,0
-0.3753128967,-0.03518606921,0.1120422225,-3.048114538,-1.220576644,1.570796371,-1.030792117,0
-0.3122920385,-0.1922295928,0.02866536783,0.5517680049,2.115930557,1.542199969,-1.066604972,0
-0.1309106014,-0.03358771353,0.05885643404,0.251152426,-2.181661606,-1.598522305,1.014245033,0
0.3314919302,-0.1113258745,0.2766336547,-0.3239920735,-0.4578720331,0.6689942479,0.05062711239,0
-0.3202954595,0.06875989949,0.206873924,-0.2112739235,2.000730038,0.9286804199,-1.062639475,0
-0.251839824,0.04034647585,0.2343410432,2.982351065,-0.1386080682,0.6794808507,-1.412036896,0
0.1083186287,0.03374832909,0.09978653655,0.3020252585,-0.1187970564,-1.671642065,2.008057594,0
0.0495223835,0.004609547317,0.3840447984,-3.049692631,1.048734903,0.8143104315,-1.534159184,0
-0.03960652948,0.03923427453,0.1424703772,2.360449076,1.476867795,-0.847181797,-1.642740965,0
-0.02518683529,-0.2455730735,0.07171942094,-1.672854424,-0.7954611778,-0.5694195032,1.853446364,0
-0.02151621256,0.2978014072,0.1982700672,1.642790198,-0.05150619149,-0.242829144,0.3653910458,0
0.02566174559,0.172359165,0.3303018255,1.423045874,0.2125471383,-0.3356522322,1.543236017,0
-0.2241366667,-0.08608004255,0.1484285493,-2.774909973,-0.65608567,1.047174811,-2.094395161,0
0.2903130121,0.1459981026,0.1147434198,0.4659607708,-0.3928290904,-0.1389061213,0.3343681097,0
0.05146560732,0.2598515647,0.09727852249,1.375248313,-0.04787230119,-0.5700764656,0.1856368035,0
-0.1022349873,0.3302161718,0.184248392,1.870974779,-0.4206457436,0.4562549889,-0.3931486309,0
0.1816661415,-0.2636991307,0.04425109217,-0.9675479531,-0.7180072665,-0.1802802086,0.7464368939,0
-0.237071054,-0.2729073912,0.1838400838,-2.286039591,-0.7343367338,0.3886504173,0.8418940902,0
0.233533746,0.3201717938,0.147618623,-2.200983524,1.853600264,0.8426051736,0.537679553,0
-0.1132062994,-0.1402212595,0.1566622857,-2.249922514,0.3530274332,-1.240671515,1.295725107,0
0.1462679544,-0.2593353349,0.3063280229,2.084333897,1.856025338,0.2234839052,0.2906787694,0
0.03978610344,0.2060911027,0.4110476886,1.380090475,-0.09368370473,0.5175302625,0.9368889928,0
-0.06658887931,0.1401475949,0.3310208762,2.014349461,0.2961773276,-0.4148737788,1.607299447,0
0.245669701,-0.2807118706,0.2090979322,-0.851868093,-0.8471125364,0.6893584728,0.7454254627,0
-0.008474098944,0.09204572065,0.1058215755,-1.478999496,-1.301156521,-1.362357974,-1.135042548,0
-0.3464204813,0.1149204682,0.246196487,2.821259499,-0.6346369982,0.9903603792,-0.4293968678,0
0.2411277425,-0.129129099,0.2927318581,-0.4916660488,-1.005979657,1.191902399,1.53882885,0
-0.04111831197,0.2650358203,0.3197863084,1.724942446,-0.03483244777,0.03632674366,0.8241015673,0
-0.3380946798,0.2003021352,0.0578484526,-0.5348451138,2.082850695,0.8013989925,0.6276541948,0
0.05965704611,-0.2053254105,0.2295237284,-1.289058208,0.1799782515,0.2933441401,-1.378277421,0
0.05935454681,0.1454093556,0.07854609987,1.183236003,-0.4297616184,-1.333131671,1.969451785,0
0.2050572002,0.02015669192,0.2623250421,0.09821288288,0.1909566075,0.4598231614,-1.441444755,0
-0.1622973779,-0.09071035973,0.427251567,-2.631964922,-0.36640957,1.007514596,1.093950391,0
0.3319030175,0.09188902924,0.2544701537,0.270087719,-0.4350203872,0.7681429982,-0.4668879509,0
0.31144114,0.08982602482,0.2124395504,-2.860759974,1.937743545,0.1201513931,1.152588487,0
0.1283876851,0.1070505486,0.403069577,0.6950180531,0.132728219,0.1898621768,1.198824048,0
0.2380732007,-0.1682767552,0.3389960363,2.526248693,1.42951262,1.16988492,-0.859146297,0
0.07789525751,-0.2869383045,0.1381086088,-1.305719852,-0.3778119981,0.4397478104,-1.055943608,0
-0.03051016765,-0.1148880532,0.1939892754,1.31121242,2.159552574,0.06070272624,-2.056691885,0
0.05126675039,0.08907511836,0.106883673,1.048564196,1.105837941,-1.919862151,1.184075594,0
0.0704143395,0.3010988186,0.05869305176,1.341074467,-0.7935883403,0.6972652078,-1.192061782,0
0.2213645622,-0.06588103468,0.2946159408,-0.289255023,0.4343612194,-0.141666159,-0.1988871992,0
-0.1360862204,0.1943457723,0.3313132715,2.181674242,-0.9715781808,1.414558887,1.48358655,0
0.3461320394,-0.04116424181,0.2751320921,-0.1184075922,-0.681140542,0.715672493,0.7388888597,0
-0.2659032295,-0.2836004882,0.07836891955,-2.324004173,-0.9975683689,0.5873919725,0.3059288561,0
0.06221496105,0.05670537603,0.2607656924,-2.402374506,1.787429214,0.1185125187,-1.81538403,0
-0.1123494457,-0.1263962921,0.3712458783,0.8441116214,0.3456065357,1.470507979,1.571917295,0
-0.2291209326,-0.3221862804,0.1262150022,0.9526290894,1.940266132,0.7778098583,0.5721662045,0
0.1538894297,-0.266112849,0.190654113,2.094943285,1.957174659,0.02276397869,1.459944844,0
-0.03234825783,0.1215129362,0.3540273043,1.830630898,0.5017465949,-0.4439118505,1.450988531,0
-0.2912361357,-0.1708244066,0.139769564,-2.611121893,-1.692080975,1.56022048,1.309567571,0
0.1577697223,0.03538930138,0.2319324548,-2.920956373,2.063744307,-0.9887731075,1.793097973,0
0.02446625888,0.1969270456,0.2738504234,1.447189331,0.6261528134,-0.2231620699,-0.5691891909,0
0.1729060237,0.3296594242,0.2259652076,-2.053849936,1.701924324,0.7194388509,0.6325307488,0
0.1837996718,-5.065299376e-05,0.07890500677,-0.0002540033311,-0.5364944339,-1.113294482,1.970239043,0
-0.01204001565,0.1572327447,0.237672933,-1.494369864,2.170381308,0.1510800868,-1.588177443,0
0.1863232513,0.003353226765,0.1636247998,0.01815395243,0.5505910516,-1.192937732,0.9107035398,0
-0.3009622258,-0.1185064301,0.03742958298,-2.766352177,-0.788931787,-0.1344046146,0.8053749204,0
-0.02147480083,-0.1744387352,0.3296635742,1.448303819,1.798450708,0.3402433693,-1.060327411,0
0.0517930664,-0.07750026631,0.2344417671,-0.9816691875,0.5968487263,0.1472771913,-2.04292655,0
-0.1673777737,0.0773940167,0.1984591204,-0.4322935641,2.181643248,0.4224419892,-1.895386815,0
0.0602789653,0.3469654651,0.2125431887,1.398717523,-0.6064659953,0.9694008231,-0.7909841537,0
-0.04170654206,-0.05393087899,0.1920245698,0.9125286341,2.01838088,-1.654781103,2.094395161,0
-0.2483749626,0.03645212232,0.2472174634,2.995858192,-0.058840435,0.6153284907,-1.326242685,0
-0.2452093752,-0.1814397018,0.3160576103,-2.504590988,-0.3781597614,1.110924244,-0.8541250229,0
0.1513929259,-0.03422253485,0.370551071,2.919287682,1.163289428,0.008404865861,1.59051466,0
0.07854741862,0.2828355303,0.1113657055,-1.841684103,2.181661606,-0.07787629217,1.751530409,0
-0.2158436346,0.04366552086,0.2052703297,2.942201376,-0.1620271206,0.6596546769,-1.797535658,0
0.2112545814,-0.01239155866,0.1050365767,-0.05808683857,0.004082622938,-1.083582401,1.166327119,0
0.07472035963,-0.05607558644,0.2897293865,-0.6427604556,1.477749944,-0.9036747217,0.01839357801,0
0.01523504587,0.1751468057,0.1906844952,-1.657565236,2.174345255,-0.9931573868,2.00125885,0
0.03589928713,-0.2216621174,0.06144924058,-1.410237789,0.04821347445,-0.8121164441,0.1186162978,0
-0.1759733801,-0.04529873282,0.3830143502,0.25194785,1.344159603,0.9027047157,-1.137537479,0
-0.099871762,-0.02106419095,0.4113545989,0.2086279243,1.175494432,-0.1061031893,1.111360431,0
-0.3074359546,0.1369859925,0.0829984539,-0.4191685319,2.181661606,0.2379327714,1.385428786,0
-0.3167468297,0.03767986003,0.3122722823,-0.1183928549,1.447204709,1.289320111,-0.8390924335,0
-0.2103033729,-0.09340448484,0.3873653956,0.4179843664,1.412489295,0.8171727061,-0.6761575937,0
-0.08650780991,0.2603689382,0.05193485946,1.891572356,-0.2993304729,-0.4654749036,0.1797430217,0
-0.2268438818,-0.2299479615,0.0490505775,0.7922286987,1.62131989,1.296040177,1.566288233,0
-0.02620827477,-0.3330404762,0.1481135742,-1.649323106,-0.4747930765,-0.06398528814,0.7162686586,0
0.05446372759,0.05970062848,0.08722737382,0.8312377334,-0.2427236289,-0.4447535872,-2.094395161,0
0.09815751219,-0.1256090278,0.1791596528,-0.907484889,0.3672097623,-0.08059583604,-1.594131708,0
-0.064871202,0.20910605,0.06972650501,1.871613026,0.1302679032,-0.8687343597,0.1413144022,0
0.1498502017,0.07450499717,0.2611266829,-2.680225134,1.819481373,-0.7561039925,1.837027907,0
-0.3217416092,-0.1421168155,0.110186686,0.4159250855,2.103397846,1.254207134,-1.202458143,0
-0.2234594105,0.1310484942,0.07913370268,2.611212015,-0.1191206351,-0.3393983245,-0.4094963372,0
0.219962066,0.02166738564,0.1500095308,0.09818213433,0.2449512929,-0.2683638334,-0.8965921402,0
-0.1380217075,-0.0002867929576,0.0714130415,-3.139540195,0.06544353068,-0.4623430669,-1.439155936,0
0.000593138732,-0.2976782803,0.3107282385,-1.568898678,-0.5616508126,1.507157087,-1.18569684,0
0.05626797122,-0.2531810087,0.1992808582,1.789485335,2.031696558,0.9115717411,-1.699772358,0
0.056832745,-0.270515876,0.3872698146,-1.363723278,-0.5141109228,1.003088236,0.6863577366,0
0.07697095286,0.3621526519,0.05694286047,-1.780217528,2.025716543,1.570796371,-1.087766051,0
-0.08102496531,0.2867696998,0.3874518083,1.846162319,-0.6024206877,1.410968423,-0.1359235644,0
-0.1614774691,-0.1579486448,0.303197163,-2.367241383,0.4397470653,-0.321257323,0.3219648302,0
-0.2532974787,-0.05302136144,0.1212385307,-2.935243845,-0.6012037396,-0.5098006725,1.763008356,0
0.04916361291,0.1770297141,0.3699765285,1.299837947,0.5547325015,0.04701509699,-0.174821496,0
0.05932780557,0.2700594878,0.2911925226,1.354469061,-0.1612523496,-0.01327849738,1.07288003,0
0.00769102252,0.3899393333,0.1480747886,1.551078081,-0.8760761619,0.9439514875,-0.3745957911,0
-0.3699552491,0.05422953612,0.08889221719,2.99600172,-0.8105735183,0.379658103,0.2389634252,0
-0.1050449849,-0.1168015275,0.1091043956,-2.303249836,-0.3365775347,0.1430346966,-2.094395161,0
-0.3178974668,0.234260044,0.1180690665,2.506512165,-1.336807609,1.07395792,0.7520711422,0
-0.233748961,0.2476598348,0.1532999827,-0.8142909408,1.292849541,1.374092698,1.358414292,0
-0.02944032083,0.1817815249,0.1582750147,1.732509494,0.3756427765,-1.216992021,1.221794724,0
-0.2271250981,-0.02125206991,0.3726871214,0.09267649055,1.101923347,0.5222252011,1.305491447,0
0.09546063492,0.1608998245,0.06963109172,1.035443902,0.2239298075,-1.222498775,0.6787031889,0
0.08419454966,0.154312542,0.4528985417,1.071328998,-0.1379834116,1.464601874,-0.7496455312,0
-0.07197768301,-0.1315764222,0.1664341868,-2.07136488,-0.003912661225,-1.249013424,2.094395161,0
0.2042054056,-0.185404703,0.05865312695,-0.7372370958,-0.8214169741,-0.4170464873,1.572179317,0
0.01281845667,-0.2045563403,0.2323812567,-1.506587982,-0.2132667899,-0.4888049364,2.033170462,0
-0.1955915283,-0.05525768482,0.3996065256,-2.866227627,0.2507377565,0.5867364407,-0.494086504,0
-0.297639025,-0.08127990633,0.149860841,0.2665848434,1.191741467,1.477051497,1.625975013,0
-0.3038298883,0.1851546455,0.03840789996,-0.5473042727,2.181661606,0.5165184736,1.186269045,0
0.09851132897,-0.2119068373,0.2138484055,-1.135763645,-0.06881795079,0.5330116153,-1.533300638,0
0.1887477962,-0.08173505325,0.1399213759,-0.4085198343,0.1050549597,-1.088773966,1.303552747,0
0.02186046381,0.3780665944,0.2146789061,1.513038993,-0.9322246909,1.405006647,-0.6823256016,0
-0.1245227434,0.03692354859,0.05712385125,2.853331089,0.4840944707,-1.643194914,0.8961248398,0
0.1438086249,0.1254086766,0.160763301,0.7171564102,0.7557362914,-0.9581162333,-0.03295015171,0
0.03313691034,0.2223142668,0.3748140732,1.422786951,-0.008448787034,1.008877635,-1.015671492,0
-0.298289308,-0.1325162369,0.0600569044,-2.723535299,-0.5608508587,-0.03027018346,0.08161924779,0
0.02298123298,-0.1431168378,0.1683703019,-1.411602855,0.7483643889,-0.5031309128,-1.21971643,0
-0.3609166534,-0.016671825,0.1472919916,-3.095431328,-0.8938682675,1.214210868,-1.035333872,0
0.04521877255,0.02071846463,0.4588751397,-2.711841822,0.8884912729,0.2124667317,0.7710947394,0
0.2282147588,-0.2221924571,0.281787198,2.369579077,1.643172622,0.3751885295,0.9610995054,0
-0.1490292903,-0.1008365416,0.05421753859,-2.547637701,0.2903533578,-1.186301351,0.3296568096,0
0.07087393765,-0.206978758,0.3769175155,-1.240888476,0.003989275545,0.1990142912,1.052987933,0
0.04927482927,0.1403499723,0.0312692135,1.233080387,0.1722010672,-0.8487351537,-0.7111164927,0
0.007880392039,0.04459521128,0.1910962212,1.39589262,0.9568586349,-1.752940178,2.094395161,0
0.01225178685,0.03378982634,0.4519696914,1.224241972,0.07405693084,0.8637785912,1.395111561,0
0.2143047602,-0.201921927,0.1785301975,2.386133432,2.102623224,-0.1791650653,1.477250099,0
0.2326573083,-0.04736014651,0.1871048453,-0.201069802,0.3273495734,-0.3036256731,-0.5664918423,0
-0.0550736582,-0.2889123786,0.3040358356,-1.75915885,-0.3110037446,0.2511937022,1.000294447,0
0.1518216906,0.05693027434,0.3474104026,0.3587538302,0.7203650475,-0.421900928,0.4845425487,0
0.2723654487,0.1223770338,0.375809119,0.4222816229,-0.6354827285,1.570796371,-0.4951123595,0
0.1350332199,0.0587037332,0.3806836698,0.4101557434,0.1946917027,1.124564648,-1.49286449,0
0.2645873478,0.08859665424,0.3764878407,-2.818479776,1.333194971,1.043557763,-0.4983450472,0
0.195147695,0.1103090576,0.1513989311,0.5141001344,0.2344071716,-0.9538750052,0.8790279627,0
0.1380741179,-0.1262140034,0.2582375906,-0.740123868,0.2778655291,0.3857094646,-1.523022532,0
-0.100516336,-0.2531365879,0.2143614958,1.19317317,2.160326004,0.6135628223,-1.282665849,0
0.3549243384,0.03094233168,0.04062500251,0.0869595632,-1.073696136,0.2741827071,0.9157686234,0
0.006949473416,0.3039412273,0.1465812524,-1.593485117,2.165026188,1.026655912,-1.50654912,0
0.04316394338,0.4025987314,0.09042361721,-1.677601576,1.775612473,1.192874551,0.5066895485,0
0.2818943919,-0.1064158331,0.321908215,-0.3609627783,-0.2844467461,0.3797817826,0.7154016495,0
0.02682546949,0.03883243694,0.03387444784,0.9638348222,0.02628841251,-0.9203541279,-1.45172286,0
-0.2215409725,0.1659148471,0.3560226195,-0.6428053975,1.290851116,0.5742946267,0.9445984364,0
-0.09783669107,0.09706748801,0.1489372166,2.360148191,1.146703959,-1.572293639,0.7489963174,0
-0.3037797871,0.03602946375,0.06378386032,-0.1180537939,1.47865963,1.454765558,1.675626636,0
0.06058670029,0.355594664,0.1845487935,-1.739558101,1.954682589,1.064936161,-0.8562436104,0
0.1486611631,0.2169383808,0.3080490697,0.9701169729,-0.1186775416,-0.003621142358,1.122663736,0
0.1023484687,-0.1999477576,0.4013611684,-1.097703934,-0.07727637887,0.4588643014,0.8452481031,0
0.1477518185,-0.1274907609,0.2499944578,-0.7118467689,0.5267031193,-0.07601227611,-0.9692340493,0
-0.2062998682,0.05622275422,0.2405985584,2.875137329,0.3586530089,0.05767542869,-1.046180129,0
0.1400552211,0.2049739789,0.1683091955,0.9714339972,0.1357249916,-0.1120827645,-0.7992129922,0
-0.1916124234,-0.2988528994,0.1481609787,-2.140891552,-0.5546368361,0.1621929258,0.4407381713,0
-0.3027594037,0.02696892547,0.1239174941,-0.08884266764,2.176962137,1.142295599,-1.606196046,0
0.09354845771,-0.1817163563,0.08054864743,-1.09537518,-0.7027534246,-0.8690995574,2.079941034,0
0.2536557953,0.004883264343,0.1257336874,0.01971849054,-0.01410668343,-0.1354599446,-0.7912842035,0
-0.1409841455,-0.2523479951,0.1551600771,-2.079903841,-0.4575459063,-0.3520055711,1.379359245,0
-0.03138815312,0.1689626138,0.082949194,1.754462957,-0.458560288,0.1789266169,-1.966927648,0
-0.3784886575,0.003567372128,0.2447375929,3.132167578,-0.847389102,0.9540677071,0.402794987,0
0.2679899281,-0.1156425843,0.2729896235,-0.4073822498,-1.166314483,1.355654716,1.427768707,0
0.2548762651,-0.04703149358,0.3992102788,2.959132433,1.298465729,0.6821594238,0.258156985,0
0.04469388957,-0.2795807149,0.1880267294,1.729315877,2.091939449,-0.250356704,1.521377683,0
0.206341913,-0.1207085613,0.3490956086,2.612295151,1.505415559,0.9356765151,-1.067698717,0
-0.09605814851,0.3132981634,0.154696947,1.868326902,-0.4376136363,-0.1157172993,0.7800445557,0
-0.1686201277,-0.2261593312,0.1758248196,-2.21070528,-0.0570095107,0.1017380431,-0.724285841,0
-0.1226992846,-0.1925821552,0.210271972,1.003523946,2.181661606,0.5287770629,-1.586664677,0
-0.004636498947,0.07440620249,0.3899327349,1.632604718,0.6843984127,0.6892482042,-1.323111773,0
-0.1124200065,0.0653101523,0.02965305426,-0.5263034701,-1.696405768,-1.135409951,-0.4960468709,0
-0.2904989433,-0.02136968319,0.1009252674,-3.068130493,-0.2273785621,-0.4267776906,0.3801011741,0
0.1763658594,0.1427797244,0.4113757695,-2.461043835,0.5963586569,1.385987282,0.8639888167,0
-0.2101004954,0.212642212,0.2546217417,2.350090981,-0.6901622415,0.4317072928,1.517567992,0
-0.167380917,0.1914789191,0.3542049992,-0.8527293205,1.013174772,0.8097583055,1.31781733,0
-0.1219852465,0.1111651156,0.4033924175,-0.738632977,1.123583436,0.1999780834,1.230183244,0
0.00159576148,-0.05061607985,0.02640979318,1.603176475,0.1440602988,-1.477045298,-1.269313931,0
-0.1663445154,0.1206895322,0.09192362806,2.513949871,-0.1982596517,-1.094329357,1.450092673,0
-0.03483342853,-0.3538381649,0.1511037477,-1.668911219,-0.6185949445,0.6929092407,-0.6517772079,0
-0.1448303683,0.1180995219,0.1591954236,2.458395004,0.5526388884,-1.200322509,0.8821306229,0
0.3156937882,-0.09930050371,0.2607557815,-0.3047534525,-0.5289134979,0.3788518608,0.9316731095,0
-0.2540280402,0.1638754399,0.0637139273,-0.5729281306,2.181661606,0.1853393614,1.787207603,0
-0.05905544121,-0.271136449,0.05744157854,-1.785407186,-0.9015130401,-0.3386875987,1.658607841,0
-0.3948356088,0.04019417061,0.03082843221,3.04014349,-1.491585612,1.055896401,0.5510188937,0
-0.2282900581,-0.2386938742,0.3467146313,0.8076730967,1.24551034,1.138754129,0.1279111356,0
-0.1951728509,0.2779571948,0.2056843337,-0.9589810371,1.476434708,0.8292725682,1.362249374,0
0.2673334754,-0.05060856454,0.06064381388,-0.186324656,-0.3707397282,-0.6086466908,0.7522886992,0
0.07944698009,0.1068365899,0.4027045604,0.9313831925,0.3482504487,-0.01740111038,1.222380519,0
0.03484301162,0.3156121278,0.2333289011,1.460842371,-0.1734237224,0.02651675045,0.3702189624,0
-0.07756395684,-0.003945840572,0.290793323,-3.090771198,0.8061677814,0.2912311554,-1.783491254,0
0.07144569532,0.2745968463,0.1257091982,1.316265345,-0.50810498,0.638481915,-1.399555683,0
0.1901300916,0.2189979949,0.3227970313,0.8558388352,-0.06376570463,0.2552655339,0.3249720335,0
0.2340666393,0.3016843323,0.1883725782,0.9109473825,-0.7311208248,0.6273955703,0.2692223787,0
0.02677055408,0.07524796899,0.3841359923,-1.913038015,1.179066777,0.7546252012,-1.420900464,0
-0.01305870488,-0.2049363951,0.03940164515,-1.634431005,-0.9569728374,0.6827864051,-2.094395161,0
-0.08497866058,-0.2353348082,0.2535151964,-1.917323709,0.1241189614,0.3124012053,-0.9798575044,0
0.01115307632,-0.3292963061,0.02980068666,-1.536934853,-0.8003217578,0.4415203035,-0.6340575814,0
-0.06028335329,0.1775620596,0.1285353531,1.897996187,0.3599773347,-0.4375302494,-1.026088834,0
-0.01812987183,0.148084286,0.04550808794,1.692625165,-0.3695090413,-1.40596652,1.633905172,0
0.121603745,0.04482978541,0.448392424,0.3537297249,0.3128021657,0.9388189912,-0.7506468892,0
0.1306509827,-0.01596975595,0.2608266501,-0.1215983927,1.261077642,-0.8216573,-0.2223621607,0
0.06456669016,0.03616487869,0.3751649587,0.508908391,-0.5197084546,1.511707067,1.873186827,0
-0.2975610967,0.2146367829,0.110336614,2.516699791,-0.7473456264,0.6568273902,-0.4888185561,0
-0.1462652307,-0.334485178,0.1883164258,-1.98312223,-0.8241503239,0.5132646561,0.9070705771,0
0.1815605129,-0.2099416018,0.190770142,2.283828497,1.856784582,-0.02397504449,1.820415258,0
-0.03442541355,0.1800625821,0.08402425398,1.759705067,-0.1436581016,-0.1161108315,-1.487122774,0
0.2026903723,0.1471415617,0.3361641636,-2.513752222,1.526218414,0.9963107705,-1.127668738,0
-0.1322223235,-0.1091066108,0.3866761215,-2.4514184,-0.67762357,1.358319759,1.4874084,0
0.1369328374,0.03653706402,0.3219125003,0.2607495189,0.9484519958,-0.3111980259,-0.4327663779,0
0.07315720187,-0.1649030711,0.06190823591,-1.153244972,-0.5725215673,-1.144715428,1.898301005,0
-0.001222893408,0.2212711174,0.07711962022,1.57630837,-0.6720622182,0.5688105226,-1.906376243,0
-0.001245104075,-0.1042079489,0.2942471254,1.559058309,1.766540527,-0.9675292969,1.55868268,0
0.1934916878,-0.1824634614,0.3761004867,2.385526896,1.272643328,1.207743764,-0.79329741,0
0.307808715,0.1537726995,0.1917040889,0.4633154273,-0.4694801569,0.6428598166,-0.6386423707,0
0.09160704337,-0.01693229786,0.2006224195,2.958819389,2.031006813,-0.03125147149,-2.094395161,0
-0.1354963964,-0.004609877798,0.06974332572,-3.107604504,0.6880238056,-1.041570544,-0.742282629,0
0.003055308732,0.04316568306,0.150754237,-1.641449213,-0.4892062843,-1.496030331,-2.094395161,0
0.26165092,0.3123498438,0.06325952746,0.8734952211,-1.335669279,1.265647292,-0.2460939586,0
-0.06423920502,0.05137156337,0.02586807381,2.467053175,1.896835208,-1.677230239,-1.195551634,0
0.02070842348,0.1504721009,0.4099769581,1.435070992,0.3698260784,0.7559046149,-0.9109030366,0
-0.212210192,-0.02002475915,0.3621341478,-3.047510624,0.1069684774,0.005333192647,1.083261132,0
-0.07827352038,0.1113212969,0.3585150534,2.183813095,0.4784195423,-0.3959424794,1.357729673,0
0.202702039,0.2417708309,0.05107188833,0.8731310368,-0.5299028158,-0.06361605227,-0.04101857543,0
0.209898571,0.1720377244,0.1943770244,0.6869637966,0.07950922847,-0.01501430199,-0.6099536419,0
0.02431461904,0.1599183143,0.1853803109,-1.720624447,2.172619343,-1.088105679,2.089246273,0
0.3234985853,0.1532353502,0.237272045,0.4423719645,-0.6306365728,0.5213751793,0.6565639377,0
-0.01494569382,-0.1100354802,0.2418263072,1.435797811,1.756484628,0.3331238031,-2.094395161,0
0.01428448687,-0.04203006034,0.1489685625,-1.244247556,1.579148412,-0.8181183338,-1.708850384,0
-0.3033476124,0.02516634359,0.1537320073,3.058820963,-1.529240251,1.294843435,1.742349386,0
-0.1120489023,0.3764754575,0.04315436336,-1.281518817,2.110388279,0.828940928,0.595185101,0
-0.07322962102,-0.1151797762,0.4430826982,1.004476428,1.068726659,0.9139840007,-0.7590733171,0
-0.377333047,-0.1304051611,0.1000936148,-2.808844566,-1.057552934,0.7714234591,0.2781337202,0
-0.3600629752,-0.1063431185,0.06240783678,0.2872053981,2.061949968,1.454923272,-0.9886094928,0
-0.1947945215,0.2797083902,0.1714280368,2.179103613,-0.6358665824,0.9287545681,-1.018279791,0
0.02230321691,-0.3564988448,0.131579594,-1.508293748,-0.917306602,0.3432655931,1.09862268,0
-0.359426226,0.1850702824,0.1017587512,2.666092396,-1.182372451,0.9251905084,0.3764694035,0
-0.07931600265,-0.1144539628,0.3472724477,-2.176800251,-0.7999078631,1.563415408,1.853150606,0
-0.2347429618,-0.07427252815,0.2663964216,0.3064338267,1.754162312,-0.2072546333,1.577494383,0
-0.2792968564,-0.1120955749,0.3846699667,-2.759923697,-0.6539003849,1.465517402,-0.1147634089,0
-0.09078647363,0.182838977,0.05726600114,2.030738831,0.166904673,-0.885836482,-0.05401303247,0
0.1365332401,-0.218078886,0.1919042898,2.130145073,2.130119324,0.784311533,-1.640106797,0
-0.09883626416,-0.1148227575,0.2005267994,-2.281511068,0.1240389049,0.3136819601,-2.049518108,0
0.3246099677,0.08242542126,0.03467867964,0.2486665249,-0.7616053224,-0.006758987438,0.4387620389,0
0.2964033125,-0.01672115425,0.1513829747,-0.05635337904,-0.2533741593,-0.3969345391,0.8484762311,0
-0.05673374582,0.03501033208,0.3105825104,2.586212397,1.217805147,-0.1408111453,-1.133665323,0
-0.002150588009,-0.205824381,0.2576063824,1.560339808,1.885363698,0.6764714122,-1.676127434,0
0.08819547212,0.1857586199,0.3942817163,-2.014069796,1.337173939,0.2040117383,0.8745605946,0
-0.06393495325,0.1937974793,0.3676070585,-1.252120733,1.636361718,0.4609260857,-0.6826959848,0
0.1148621739,0.2242937406,0.1711485071,1.098075986,-0.1607450694,0.393802315,-1.373045444,0
-0.1488613159,0.3276664727,0.06973153037,-1.144385457,1.568282962,1.368675947,1.173513532,0
0.2058911993,0.03136452633,0.1398867322,0.1512103379,-0.2868821919,-0.9263951182,1.860105038,0
0.269867839,-0.08813795352,0.06441377561,-0.3160896897,-0.6954117417,0.5888199806,-1.339157343,0
0.3222073653,0.1898223502,0.1384810513,0.5324498415,-0.6773041487,0.4956697822,-0.04785170406,0
0.3752568269,0.004430407058,0.05524687429,0.01171154529,-0.952380538,0.6848585606,-0.334362179,0
0.3062036802,-0.03578328977,0.04016482888,-0.1163219213,-0.7759346962,-0.2568976581,1.017059684,0
0.06296092358,0.3112151541,0.06210038667,-1.770408988,2.181661606,0.2467873245,1.632472515,0
0.2071856008,-0.1839976995,0.07350774077,-0.7261311412,-0.8420260549,0.8976514935,-1.678901911,0
0.09238648888,0.1430709708,0.2549550288,0.9974792004,0.4389879405,-0.9097494483,1.460395932,0
0.3426468656,-0.05670256302,0.09749389735,-0.1636411548,-0.6365589499,0.03912287951,0.5247376561,0
0.01290798245,-0.1881883428,0.3438410754,1.640406847,0.3866781294,1.562949181,1.629008412,0
0.02238236133,-0.1665613564,0.32323556,-1.437280059,0.2037475705,-0.375662744,1.651926637,0
0.2388342937,-0.2111524757,0.1104610292,2.417632103,2.167265654,1.220808148,-1.519934773,0
-0.0118824029,-0.1683294127,0.3504860071,-1.641201258,0.3181116879,0.7252956033,-1.32801652,0
-0.176717869,0.0444863924,0.116417328,2.894979954,-0.4206761122,-1.07600534,2.094395161,0
-0.3567052006,0.06720357438,0.1303156355,-0.1862181574,1.875759363,1.525513411,-1.184960842,0
-0.2041980718,0.1492263725,0.2601247276,2.510586739,-0.02830250375,0.6059500575,-1.238448739,0
-0.21280311,-0.02255117603,0.3692559253,-3.036025047,0.2618081868,0.5192460418,-0.6610651612,0
-0.09597214578,0.339547577,0.06276136787,1.846257448,-1.086650491,0.2971615493,1.117879272,0
-0.1337226924,-0.0288346418,0.2675661976,-2.92923975,0.5563033819,0.2426918596,-1.630843401,0
0.1175663547,0.1318257468,0.1856949505,0.8425124884,-0.1188175157,-0.9554840922,2.094395161,0
0.1025608522,0.2664431657,0.156096908,-1.937961102,1.111970305,1.536368012,1.795021415,0
-0.1959732997,-0.203753216,0.2939833823,-2.336784601,-0.07246652991,0.6065074205,-0.7748109102,0
0.1800650224,-0.1089124235,0.2761456472,2.597334862,1.545219421,1.178669333,-1.918567419,0
-0.09310859711,0.0117625986,0.1815733312,3.015905857,0.6058257222,-1.607649088,1.957224846,0
0.04736013957,-0.3331159645,0.1659227211,-1.429570317,-0.7834017277,1.208966494,-1.275847793,0
-0.01466745903,0.2920684668,0.1830398538,-1.520622015,2.024701834,1.06052506,-1.564593911,0
0.1102344769,-0.1637276888,0.2755862597,-0.9781968594,0.04732556641,-0.4923635423,1.728546262,0
0.3037234785,-0.001148745052,0.2604853248,-0.003644345328,-0.07060477883,0.02262796462,0.3343908191,0
-0.1218513618,0.1065336747,0.02941660958,2.42318368,-0.6586450934,-1.236758113,1.796766996,0
-0.1538392012,-0.08266784841,0.2916049539,0.4929898679,1.754709244,0.5998458862,-1.607586861,0
-0.2134105584,-0.1728305782,0.388820458,-2.460874796,-0.1958252341,0.7566615939,0.1318572164,0
-0.03386195448,0.1835305959,0.06634340674,1.753247499,-0.2897336483,-0.05008711293,-1.516216516,0
0.2215086934,-0.04985078807,0.2976775785,-0.2213655859,-1.110380292,1.514000297,1.720188975,0
-0.2253403066,-0.3009657722,0.07611333839,0.9281126857,2.097737551,0.5846046209,0.9350427985,0
-0.3298095093,-0.1031259358,0.1929856294,0.3030519783,1.603712797,0.7008832097,1.314638615,0
0.04171964211,0.22339175,0.398168539,1.386166692,0.03839704394,0.3601981699,0.6320589781,0
-0.1773326778,-0.3302425494,0.2200402367,-2.063586235,-1.285562634,1.42429626,0.6965173483,0
-0.0781597659,0.09906025891,0.301544437,2.2387321,0.4665017426,-0.7404923439,1.769512296,0
-0.1508098889,-0.2783070404,0.1610153552,1.074207187,2.099214792,1.047432661,-1.37903285,0
-0.1685285034,-0.06259725965,0.3087448041,-2.786029577,0.3535442352,0.4976038635,-1.359803081,0
0.2790938889,0.09582849257,0.3761654539,0.3307434916,-0.4213193655,0.8971844316,0.4000519514,0
-0.03723418182,0.379974273,0.1297840537,1.668475747,-0.8384434581,0.4824741185,0.4644555748,0
0.2188883993,-0.2721058187,0.04497828801,-0.8932019472,-0.8790006638,0.1100077182,0.6658258438,0
-0.006650226718,0.1902061632,0.2730634967,-1.535847306,0.5590683818,1.570796371,2.088701963,0
0.0644471781,-0.2884180882,0.2220943646,-1.350938439,-0.6928712726,0.2409032732,1.6399616,0
-0.1244891956,-0.01937312894,0.1758810256,-2.98699975,0.7263615727,-1.520854712,1.495325565,0
-0.04531846095,-0.1057778118,0.2242255952,1.166028619,2.115611076,0.02681194991,-1.817058802,0
-0.1642988271,0.1729402933,0.07116994895,2.330520391,-0.3290091157,-0.8656762838,1.187921762,0
-0.0549706229,0.3632839764,0.06178184962,1.720898986,-0.8324126005,0.4302510023,-0.06765844673,0
-0.2324929442,-0.09138442789,0.323551421,0.3747824132,1.924669266,0.1966744959,-0.3104633689,0
-0.3107232565,0.2311029892,0.2252631316,2.502097845,-1.006217837,1.098466396,0.4457249045,0
0.08374913287,0.09422690623,0.2270559575,0.8442062736,0.7811250687,-0.1706364751,-1.475794673,0
-0.1884922879,0.3347241494,0.07036481898,2.083663464,-0.9785061479,0.5242249966,0.3140767217,0
-0.01363251487,-0.003560689386,0.4809582895,0.2757477462,0.5820775032,0.5194382668,0.7771196365,0
-0.3473516165,0.03480209126,0.3152568545,3.041733265,-0.6973847151,1.071308136,0.2548096776,0
-0.060342045,0.2489623566,0.1546989988,-1.333007693,2.181661606,0.9147664905,-1.843682289,0
0.2983398245,0.2088665777,0.05451935013,-2.530665398,2.113454819,1.458060265,-1.125207663,0
0.05145882008,-0.0659938985,0.3373580222,-0.9085287452,0.6737579107,-0.6548245549,1.673889875,0
0.2320053955,-0.2111176542,0.02956915345,-0.7382922173,-1.294277668,0.2367010415,1.602968693,0
-0.2380776715,0.1107182209,0.2767920358,2.706295013,-0.1207764,-0.1744385064,1.238351464,0
0.08630842393,-0.085951726,0.2655977371,-0.7833200693,0.6680918932,-1.067406893,1.628316283,0
-0.08681242961,0.3872588691,0.09837686067,-1.350257039,1.754354,1.112429261,0.7181967497,0
-0.2441939069,0.09527377592,0.3274785159,2.769014359,0.1647412181,0.1541408747,0.0005510859191,0
0.1390719654,-0.01901248858,0.139378299,-0.1358662099,0.5174636245,-1.534674764,1.432498455,0
-0.1301368395,-0.005126961174,0.1938434292,-3.102122307,1.513103366,-1.327195168,0.07866768539,0
0.07691198248,0.1484771505,0.3141514868,-2.048714876,1.580323815,-0.4690245092,1.635855198,0
-0.1194438861,-0.3247142493,0.06936512933,-1.923691869,-0.6984233856,0.04780136794,0.4431858659,0
0.1430979845,0.06299364467,0.4192806318,0.4146972001,-0.486489892,1.228204012,1.310000062,0
-0.0197687517,-0.04097235858,0.4073740527,-2.02131319,1.028601527,-0.3196506798,0.6183177829,0
-0.0964118526,-0.193626909,0.1047814515,-2.032659531,-0.4179589152,0.3847598732,-1.776058555,0
0.1201763448,-0.1374285251,0.4467470171,-0.8522701263,-0.002677083015,0.6715080142,0.6382005215,0
-0.2790965836,0.175071297,0.2880223761,2.581356049,-0.3630817533,0.4196252227,0.4932518303,0
-0.1871089824,0.1136305044,0.2517630006,2.595822811,-1.254295707,1.570796371,2.003366709,0
0.1597639811,-0.002292829089,0.3519266218,3.127257347,0.8438956738,0.5135549903,1.964281082,0
0.2099386314,-0.04734533025,0.0665628075,-0.2219865471,-0.7254573107,-0.8270058036,1.944025636,0
-0.385697869,-0.02680689601,0.2409941068,-3.072201967,-0.9072555304,1.125010967,0.147213906,0
-0.1477847039,0.1912680218,0.2498714983,2.228251934,-0.06121004,-0.431738019,1.44250083,0
-0.2636765202,-0.2775443227,0.2073759931,-2.330576897,-1.057341218,1.570796371,-0.696418643,0
-0.2028887371,-0.1898598878,0.0834270284,-2.38941884,-0.1818969846,-0.4663202167,0.1720718741,0
-0.3400386533,-0.03688303075,0.2099428031,0.1080436632,1.926463485,0.2581281364,0.9642826915,0
-0.1153780767,0.1170971043,0.02267560694,2.348996639,-0.04727694392,-0.6560470462,-0.7947891355,0
-0.2386591131,0.2635311995,0.02805069997,2.306706667,-0.8906006813,0.4384342432,-0.2266128361,0
0.267367729,0.2118591707,0.3077247087,0.6700883508,-0.8388142586,1.108302236,0.6791664958,0
0.1431935621,0.08724126073,0.1320207734,0.547196269,-0.2644390166,-1.187841177,2.094395161,0
-0.3972111398,0.02569521033,0.1570422028,-0.06459769607,1.719033718,1.454884052,-0.5663604736,0
0.1141774484,0.1627676084,0.378406611,0.9589918256,0.2608433366,-0.01366612315,0.8360850215,0
0.06482358188,-0.1336022444,0.2615674656,-1.119018316,0.6137744188,-1.002663255,1.425246477,0
0.2419551305,0.2606144635,0.2649951438,0.8225093484,-0.6971687078,1.256284356,-0.6722426414,0
0.1676774999,0.201063398,0.2406372205,0.8753178716,-0.2054420263,-0.2985166907,1.433661699,0
-0.01151718697,-0.3404433455,0.2407312765,-1.604613304,-0.5053846836,0.9371660948,-0.7781676054,0
-0.2072545048,0.04182522591,0.05811421334,2.941227913,-0.3507098854,-1.035931826,1.353927851,0
-0.005006872315,0.2401520853,0.06587230366,1.591666341,-0.196482718,-0.196107775,-0.8294074535,0
-0.09476266578,-0.2591868604,0.1637309234,-1.921314836,-0.4292065203,-0.4063259661,1.508157611,0
-0.1134475121,0.1361961837,0.1832624979,-0.8762716055,2.181661606,0.4439678788,-2.050582409,0
-0.2734929171,-0.2679628845,0.1216576727,-2.366404772,-1.388900161,1.092858076,0.960314095,0
0.02147656743,-0.1831109699,0.1010183012,-1.454024196,-0.5036915541,0.3741998672,-2.087421656,0
0.18247114,-0.1056711293,0.06132299051,-0.5249195099,-0.7970830202,-0.810340941,2.026721001,0
0.139176793,-0.09551998186,0.2623237434,-0.6016229987,0.1111079454,-0.6732593775,1.943486691,0
0.1019542527,-0.1405578481,0.3228879048,-0.9434388876,0.486058414,0.3443838954,-1.133265138,0
0.008958458578,0.3851125848,0.1574470056,1.547538161,-0.9477996826,0.6643395424,0.6733741164,0
-0.1717248274,-0.3104666289,0.2660666278,1.065564394,1.627596021,0.6713604331,0.6117544174,0
-0.03309193717,0.2871316211,0.225246268,-1.456098557,1.952796936,-0.1229714304,1.368428826,0
0.1358759827,0.2972262919,0.04290832605,1.141989708,-0.7205057144,0.3741951883,-0.6116881371,0
-0.3281719803,0.08429563752,0.2995314999,-0.2514235377,1.471446514,0.7406073213,0.6709419489,0
-0.1126026166,-0.2673921338,0.04731452034,-1.969314814,-1.895209193,1.301467061,1.867163062,0
0.1389149534,0.2884376357,0.1736453846,-2.019421339,2.07313776,1.014131308,-1.296802282,0
0.1903756099,-0.09102306834,0.3641827199,-0.4459826946,-0.001983680762,1.081581473,-1.253005981,0
0.1697493034,-0.007715260142,0.3983326965,-0.04540260881,0.2668422759,0.04729132727,1.013093233,0
-0.1665318468,-0.2672393325,0.3649163619,-2.128068924,-0.7204522491,1.550097704,-0.2940430939,0
-0.2685738302,0.1989595892,0.1263820036,2.50384593,-0.6624403,0.7785362601,-1.030281305,0
0.3450116144,-0.01787311108,0.1127969443,-0.05175836757,-0.5746261477,0.02772415429,0.4951083064,0
-0.2037852093,0.1809415026,0.3572523274,2.415501595,-0.2310265899,0.4344653189,0.8290633559,0
-0.009252251038,0.3040166656,0.04200399195,-1.540372372,2.181661606,0.3102253079,1.780537248,0
0.211158024,-0.1378164826,0.1253407351,-0.5782665014,-0.231442064,-0.7523698807,1.273512125,0
0.3247687903,0.2099886779,0.1352121644,0.5739158392,-0.915679872,0.5797529221,0.5524845123,0
-0.1997604092,-0.1060357673,0.3681298361,-2.653598547,0.2497451454,0.4106253684,-0.4150969982,0
-0.06983798081,0.232534377,0.2124297081,1.86253047,0.3366799951,-0.6325343847,0.4791877568,0
-0.1346440016,0.113058895,0.4314951403,-0.6984384656,0.6472417116,0.9916635752,1.113100886,0
0.253259561,0.05250246036,0.2178700365,0.2044431716,0.06152972206,0.228352055,-0.9724311829,0
-0.3070580207,-0.1531309129,0.2099598692,-2.678978443,-0.3709069192,0.1993666589,0.3274701834,0
0.07931114291,0.3942590936,0.07922775997,1.372280717,-1.173700571,0.8590430021,0.2998709083,0
-0.2375000379,-0.2887214418,0.04903478249,-2.259161711,-1.554387093,1.01528585,1.056966305,0
-0.1391836645,-0.1765367998,0.05344665491,-2.23844552,-0.7655926347,-0.7675269842,1.84064436,0
-0.1278166593,0.3116375384,0.3221282252,1.960017681,-0.6234372854,0.9187948704,0.4675093591,0
-0.3270914703,0.1882864261,0.2219188859,2.619278669,-0.7851103544,0.7411473989,0.4961773753,0
-0.1013125431,-0.1660808725,0.08865139946,-2.11851716,-0.4318698645,0.2611218691,-1.841628551,0
-0.1877545369,-0.09361135468,0.02209101262,-2.678977013,-0.4807226956,-0.985794723,1.213565826,0
-0.3165457568,0.1539740707,0.2071054063,2.688863993,-0.4292941689,0.4821760952,-0.2149703652,0
0.2654699507,-0.1199202403,0.2795334954,-0.4240868092,-0.1940245479,0.01482978463,0.9490199089,0
-0.03145136117,0.3227904853,0.03940049197,1.668016672,-1.916978598,1.389392853,1.497004032,0
0.3058991624,-0.2227624262,0.1180421188,-0.6294159889,-0.8931617141,0.9538556337,-0.6372091174,0
0.1447426971,0.07356023525,0.261105585,0.4704735875,0.39943856,-0.8849563003,1.603685141,0
-0.05792405279,-0.108096038,0.06383677907,-2.064478159,0.3436121047,-1.690616727,1.193164229,0
0.07581510293,0.04477241884,0.4850265764,-2.608151197,0.8291939497,0.6685213447,0.2144442201,0
-0.240755301,0.2949096786,0.1296812958,-0.8861604929,1.934516072,1.336354852,-0.8729747534,0
-0.006401179593,0.01375977177,0.3514559785,-1.14601326,0.9896125793,-0.5884100199,1.792532682,0
0.2748612705,0.1537311283,0.1325046825,-2.631577253,2.144241571,9.373389184e-05,1.495675802,0
-0.05949012802,-0.04691217196,0.04094352185,0.6674673557,0.4577947855,-1.6331532,-1.54695785,0
0.2508447639,0.176295526,0.03914109422,0.6124575138,-1.884036422,1.271483541,1.714932919,0
-0.07445083192,-0.364825213,0.263752685,-1.772104263,-0.7209411263,0.9526762366,0.1202819422,0
-0.05922617424,-0.2226916466,0.2023859391,-1.831216812,-0.0724054724,-0.6927813292,1.55671823,0
-0.3032906352,0.2538855462,0.0715906381,2.444628,-1.209487438,0.7773336172,0.555454731,0
-0.3078566408,-0.0561856553,0.09941719876,-2.961071253,-0.7317709923,-0.1793686002,1.296323538,0
0.2125972304,0.3097001813,0.07732330458,0.9692105651,-0.9990741014,0.4200143218,0.6878405809,0
-0.2879677875,-0.1946137328,0.2381252427,0.5943102837,1.978972912,0.6222211123,-0.3287684619,0
-0.2052058121,0.04913219996,0.4289127349,-0.2350051105,1.039782047,0.6774656177,0.683839798,0
-0.1863255035,0.2910869026,0.1972927779,2.140181303,-0.7082217932,0.3215896785,1.066877246,0
0.2458305852,0.2539991859,0.1520901404,0.8017385602,-0.502943635,0.1845638603,0.2563470304,0
0.05611112296,-0.17941259,0.1780857876,-1.268385053,0.5781791806,-0.4388932884,-0.8938488364,0
-0.01780999209,-0.01588586272,0.1949884001,0.7283520103,2.181661606,-0.5766085386,-1.708160996,0
-0.008989055771,-0.005339965948,0.4556019667,0.5758928061,0.967335403,0.1424295604,0.3148324788,0
0.02375690726,-0.160167413,0.3558697868,-1.423491716,0.7287327051,-0.3212908506,0.2818690836,0
-0.2605984547,-0.1751128559,0.3540335682,0.5916615129,1.337285757,1.120867372,-0.3200098574,0
0.07925786609,0.2801685516,0.2681043957,-1.846466064,1.903588891,-0.03963228315,0.9885436893,0
0.3690157931,-0.09667223769,0.1053169052,-0.2562118769,-0.8184802532,0.5781824589,-0.06403598189,0
0.1306376406,-0.208193201,0.1198454664,-1.010516524,-0.4470399916,-0.6990647316,1.656473517,0
0.05955817701,0.364266348,0.1831010453,1.408729792,-0.6435070038,0.7757781744,-0.4553605318,0
0.0001099534311,0.01607736824,0.2692048017,1.536535501,1.253909945,-1.295054317,1.83233273,0
0.01555760341,0.003392307752,0.2257707012,-2.930359364,2.181661606,-1.688458443,1.371584058,0
-0.140118805,-0.1523169693,0.1934432089,-2.316216469,0.3477367163,-0.115313977,-1.101567388,0
-0.1305563441,-0.07226613018,0.06763328516,-2.636050701,-0.2938275039,-0.1383989006,-1.750533223,0
0.07689089454,0.2363005046,0.2203419589,-1.886813283,0.8470756412,1.550809383,1.92657423,0
0.1205973897,-0.04078713221,0.4696146837,2.815456867,0.6925824881,0.7975680828,0.7943157554,0
-0.06017700031,-0.09884691589,0.1543074774,-2.117638826,0.4587576091,-0.2876127362,-1.804227114,0
-0.1258647839,-0.1364850439,0.1523637959,-2.315736532,-0.0001543392427,0.1419330686,-1.724635363,0
0.1924903956,-0.1539753815,0.2918880125,2.466534138,0.8790485859,1.1204741,1.779434681,0
0.2502141087,-0.1201783431,0.1297256101,-0.4470629096,-0.2694033682,-0.5721113086,1.058928609,0
-0.006898409753,0.3153841743,0.1004098742,1.592699528,-0.3646456003,0.007795925252,-0.2614149153,0
0.04172584879,0.2283525734,0.4253525877,1.390066028,-0.08355224133,0.9440063238,-0.2299001515,0
0.2083525646,0.1532841301,0.3269263619,-2.507290602,1.688411117,0.02646995708,0.9050243497,0
0.297816274,-0.1672385624,0.2458873828,-0.5116683245,-0.4156945646,0.313631922,0.5254376531,0
-0.1877642065,-0.1910191443,0.2543815994,-2.347604513,0.1970419884,-0.02839706838,-0.3019850552,0
-0.1845559208,-0.3108703902,0.1469191406,-2.106548071,-0.5626055002,0.2975425124,0.1296604574,0
0.03260669711,-0.07538674661,0.02795079724,-1.164714813,0.05165471137,-0.8347830176,-1.277070403,0
0.07195207825,-0.04050700666,0.2535561874,-0.5128747821,0.9714639783,-0.06976545602,-1.647828579,0
0.0363631201,0.02260579994,0.3108417187,0.5551593304,0.8511469364,-0.8842439651,1.912668228,0
-0.08581966713,0.1164365985,0.4294538046,2.205952168,0.1148673818,0.3855154514,1.144242167,0
0.0710124076,-0.3899082156,0.137913117,-1.390644789,-1.349573374,1.198254585,0.680739224,0
-0.2367771411,-0.07423569623,0.2187953152,-2.837725878,0.0596870333,0.2909948826,-1.136896968,0
0.2700971569,-0.137945984,0.3025115198,-0.4722083807,-0.09550572932,0.3063929081,0.08481806517,0
-0.05966786409,-0.1911089502,0.333082994,-1.872979999,0.08997064829,-0.1838653833,1.440625906,0
0.04696253381,-0.3636664362,0.2557606761,-1.442357898,-0.7087370753,1.150244951,-0.4744327962,0
-0.3073205866,-0.25875296,0.0608455293,-2.441778421,-1.262506962,0.8958486319,0.3693242967,0
-0.1933761193,-0.05755472032,0.1651128479,-2.852308512,-0.2052794695,0.4754379988,-1.918226957,0
-0.1309589028,-0.04937703753,0.04550078602,0.3605634272,-1.958862305,-0.9916749597,-0.6695228815,0
0.02120398902,0.3975988113,0.1683371312,1.517516613,-1.12726748,1.036251426,0.5170630813,0
-0.2044987743,-0.2855683453,0.1835420573,-2.192218781,-0.8517959118,0.4456407726,1.155288577,0
0.2540817283,-0.1009995688,0.3167058206,-0.37835747,-1.040369272,1.402991652,1.308227897,0
0.09907740199,0.1864809173,0.290064634,1.082449198,0.2451859713,-0.5053488612,1.229443431,0
0.03766493874,-0.09607067739,0.3783454895,1.944763422,1.278828859,-0.3376650214,1.373705387,0
0.00529736149,0.3703822026,0.2434545556,-1.585097909,1.703889608,1.080975056,-0.4322119653,0
0.1999701504,0.2541605302,0.1786250766,0.9040991664,-0.5392644405,-0.02418318018,1.13035357,0
-0.3107466086,0.1296440868,0.08038190083,2.746260643,-0.663672626,0.4772728384,-0.6790095568,0
0.2168316781,-0.0470642619,0.07772395097,-0.2136067301,-0.217676878,-0.99515903,1.212529182,0
-0.1020377209,0.2003415377,0.4215200616,-1.099721193,1.24664712,0.7864839435,-0.1908908933,0
0.1448694794,-0.02307474927,0.04332194468,-0.1579683125,-0.5960802436,-1.361283779,1.895579696,0
0.2346004556,-0.06542662933,0.06048959434,-0.2719624043,-0.30554232,-0.05591079965,-0.9780749679,0
0.06764281307,-0.2701616776,0.07004028447,-1.325462103,-0.7923624516,0.7915703058,-1.575973511,0
0.2880819985,-0.1686309928,0.1613176201,-0.529535234,-0.5954330564,0.834572196,-1.036014795,0
-0.09683225315,0.01769819726,0.4757716362,-0.1806790531,0.8234189153,1.033676505,-0.5766636133,0
0.007634703035,-0.004981199411,0.1272453185,2.510211468,2.181661606,-0.8441553116,-2.085254908,0
-0.3527742335,-0.211403076,0.07555578529,-2.601718426,-1.355777979,1.299451828,-0.1386186182,0
-0.1355028882,0.163714629,0.2743464739,2.261694193,0.08581706136,-0.4959014952,1.516554356,0
-0.05794166308,0.2884520066,0.3584992491,1.768931746,-0.2058459669,0.6273969412,0.1580008417,0
-0.3305435243,-0.006293759405,0.1926193484,-3.122554302,-0.7135279775,0.232684955,1.282554746,0
-0.2809925764,-0.0001176026955,0.2394554097,3.141592741,0.02755105123,0.2328415513,-0.6580975056,0
-0.2488399448,0.03198819119,0.2560890553,3.013682127,0.03657432646,0.4820207655,-1.150645018,0
-0.05252933563,-0.308648419,0.03176544946,-1.739477515,-0.6086953878,-0.1500070989,0.2264697701,0
-0.1531668263,-0.2513793932,0.1182343136,1.023296833,2.083189011,0.02572907694,1.817664504,0
0.105697186,0.08192397183,0.3250006662,-2.483178854,1.51381731,-0.572278142,1.641789556,0
-0.1563618954,0.2845215006,0.2616901685,2.07326889,-0.2081320584,0.3532000184,-0.08161349595,0
0.08971093882,-0.2848377436,0.0544494879,-1.265674233,-0.4181781411,-0.2059818953,-0.03400348127,0
0.1407286324,-0.1223113055,0.2349265777,-0.7154995203,0.3645603657,0.1516297311,-1.398236871,0
0.1326780608,-0.1106538017,0.1889500914,-0.6951788664,0.9678089619,-1.084665895,0.1841369122,0
0.2469973656,0.1447841909,0.02013929938,0.5301906466,-0.6452476978,-0.4260436893,0.7673885822,0
0.02823214836,0.3132983095,0.3591763091,1.480926394,-0.4949595332,1.17944324,-0.2605590522,0
0.2207791135,0.1892976577,0.2580910109,0.7087613344,-0.3122745156,-0.01179320831,1.210120201,0
-0.3051723268,0.255022057,0.07712189995,-0.6960956454,1.779925227,1.168697238,0.6834746599,0
-0.00659818323,-0.3636210797,0.08233773678,1.552651167,2.085708141,1.382223725,-1.126320839,0
0.2561535039,4.841962617e-05,0.02316301542,0.0001831799746,-0.9649800062,-0.4737792611,1.676087379,0
-0.06439143007,0.02241365144,0.3117365196,-0.3349658847,1.236282349,-0.7405854464,2.031964779,0
-0.01626317817,0.009718021248,0.3175048667,2.597366571,1.224646211,0.1553054303,-1.515640378,0
-0.1479956957,-0.1669926433,0.05868743421,-2.295958996,0.01632041484,-0.8830695748,0.3254823089,0
0.09908826958,-0.04501241963,0.4700343232,-0.4263936877,-0.1878420413,1.145759583,0.944218576,0
0.1319961245,0.07219939574,0.2108299705,0.5018931627,0.5048713088,-0.02910741232,-1.580200434,0
0.2894026816,-0.002881170218,0.1949780754,-0.009947683662,-1.446413755,1.399923563,1.74057138,0
0.295482441,-0.07432790543,0.3051224723,-0.2464306206,-0.3890556395,0.3738228679,0.9459040761,0
-0.1637219098,0.3449832175,0.07490986167,-1.127691031,2.112170935,0.6153117418,0.815875411,0
0.1431465395,0.07514657489,0.03217661207,0.4834299088,0.2717713714,-1.069956779,-0.1927224547,0
-0.04034916777,-0.04636235323,0.4526346361,-2.286884546,0.4397298992,1.12841022,-1.071351051,0
-0.08721233381,0.3811846595,0.1722236399,1.795730948,-0.8938546181,1.076086998,-0.4151259065,0
-0.2052799975,-0.003990604518,0.04715961504,-3.122165442,-0.8106944561,-0.8690410852,1.968537688,0
0.259956521,-0.1310410333,0.3510045761,2.674679995,0.867901504,1.306155682,0.9070805311,0
0.2293845755,-0.05838786633,0.1242942725,-0.2492364794,0.2343066186,-0.7942277193,0.279420346,0
-0.1004268092,-0.08577709089,0.170375937,-2.434788227,0.5956944823,-1.492129564,1.563175678,0
-0.3615904627,-0.04165806819,0.195987165,-3.026850462,-0.5253944993,0.44496575,0.09013685584,0
-0.08329077321,0.07838839804,0.4325647527,-0.7551906705,0.9457429051,1.154116154,-1.160603046,0
0.2137193242,0.1135170739,0.3082831605,0.4881164432,0.02028453723,-0.1739444286,1.168411016,0
0.2224911322,0.1636631972,0.1135861587,0.6344817281,-0.1530888379,-0.0656600818,-0.6578933597,0
-0.2028769133,-0.2923442805,0.2210896054,-2.177461147,-1.174845695,1.14456284,1.069361567,0
-0.2881651145,-0.2428924227,0.1616783361,-2.441219807,-0.8491775393,0.5171772242,0.717250824,0
0.002219008352,0.06940011767,0.1612518892,1.536456585,0.8944797516,-0.496674329,-1.876273751,0
0.2040727562,-0.05696675838,0.1932915745,-0.2721203268,-0.1563909352,-0.7545326352,1.847164631,0
0.1431489384,0.1247376679,0.3522360616,0.7171566486,0.5550032854,0.04920303822,-0.3556552529,0
-0.2442340111,-0.280259975,0.1914433099,0.8539764285,1.382647395,1.223120689,0.9483968616,0
0.1458895245,-0.09722577352,0.3514639057,2.553752184,1.491587162,0.7776726484,-1.33047986,0
0.1589419795,-0.2682989235,0.2170158479,-1.035990834,-0.1345577836,-0.07943218201,0.3693253398,0
-0.1941031526,-0.02655390419,0.04757387649,-3.005754471,-0.7913596034,-0.9413462877,1.993424654,0
0.2222127544,-0.262214452,0.06236238015,-0.8678248525,-0.6609437466,0.1605855674,-0.01311555598,0
-0.02436228275,-0.05925893664,0.1636799251,-1.959861875,1.300270915,-0.6801096797,-1.644821763,0
-0.1856249208,-0.265941659,0.04286634676,-2.180182934,-0.6500256062,-0.1081505641,0.3788089156,0
-0.2254031772,0.0820404136,0.05565235587,2.79241991,-0.218317315,-0.8390340209,0.7553536296,0
0.3093378535,0.1420465802,0.1103410742,0.4298245311,-0.6931351423,0.7211672664,-0.9170779586,0
0.1320964543,0.06310904257,0.26139292,0.4456892014,0.4655052423,0.2943108678,-1.672967672,0
-0.07437669598,-0.02678775299,0.2213552923,-2.7958498,1.663296103,-0.8277186751,-0.9609606862,0
0.06930450447,-0.2403517689,0.1404074875,-1.290071726,0.190400511,-0.6805701256,0.2667531967,0
-0.03450627296,-0.3349826587,0.3134881863,-1.673442721,-0.5586543083,1.176820874,-0.4906836748,0
-0.2042969875,-0.2423671696,0.08159803733,-2.271630287,-0.6392254829,0.5263688564,-0.965274632,0
0.03822781645,0.1751128998,0.2488037007,-1.785728097,1.688881755,-0.5629138947,2.094395161,0
0.275475348,0.1141498726,0.3607875962,0.3928585351,-0.2837404013,0.686347425,0.2867946327,0
-0.06639343064,-0.09721722798,0.1742011197,0.9715754986,-0.6910788417,-1.898016095,-1.222956538,0
0.0403660775,0.1100337024,0.4765691065,1.219124556,0.2972379327,0.651720643,0.2673551142,0
0.1350078616,-0.0596628894,0.1304084249,-0.4168016016,-0.1312983334,-1.371305704,2.06286931,0
-0.3305818373,-0.08696580308,0.2717850989,0.2572469413,1.341293335,0.9199889302,0.9864872694,0
0.3063730373,-0.08298654502,0.3340916082,2.877072334,1.36944437,1.261308193,-0.6376086473,0
0.1695052852,-0.1323764885,0.18689689,-0.6630825996,0.5770928264,-0.6801884174,-0.1463448852,0
0.3065412294,-0.2237401804,0.2200774198,-0.6305033565,-0.8160503507,0.7782869339,0.4975773096,0
0.0949938651,0.389554568,0.05791696472,1.331611514,-1.312295079,0.9276067615,0.4485759437,0
-0.05770336469,-0.3335885148,0.1554471289,-1.741918325,-0.441121012,-0.007159914821,0.5468046665,0
0.188449798,-0.1714903484,0.1499794363,-0.7379037142,-0.06382112205,-0.7303401828,1.059944272,0
0.2542069566,0.1932713388,0.1755511003,0.6496792436,-0.2253226638,-0.123466976,0.358538866,0
0.1136963162,0.2437334692,0.1985239385,-2.00745368,1.916024923,-0.1716079712,1.778509021,0
-0.2461956966,0.3205568553,0.08227774746,2.225733995,-1.185373425,0.9046741724,0.260045737,0
0.220336866,-0.005218455084,0.4298661456,-0.02367912978,-0.002564325929,0.7141326666,0.1574486941,0
-0.06003260915,-0.2453758403,0.1904124604,-1.810739279,0.2961468995,-0.4796406031,-0.004191591404,0
0.1068714975,0.2718850087,0.1440933083,1.196240783,-0.08076811582,-0.1890744269,-0.1940024942,0
-0.1174890065,0.3198793613,0.2584049786,1.922788143,-0.4108559191,0.758605361,-0.4837360978,0
0.110435514,-0.04920758314,0.4449464832,-0.4191279709,0.5511014462,0.3172706366,0.05968816206,0
-0.03945379672,-0.06184434429,0.2629061429,-2.139068127,1.247176051,-1.317107201,1.335120797,0
0.03696588343,0.130765726,0.386362493,-1.846293807,1.445720434,-0.2510360479,0.9779493213,0
0.153097442,0.001265194602,0.1624459457,0.01008874737,0.07038499415,-1.286511421,1.964738846,0
0.230933629,0.2646159961,0.2071070608,0.8532842398,-0.6241450906,0.9939861894,-0.8453053236,0
0.3164741569,-0.1407461987,0.163911023,-0.4184177816,-0.7114537358,1.014466882,-1.041933894,0
-0.1465363307,-0.007118859307,0.3833808097,0.04854335636,1.20775485,-0.04981777817,1.409926891,0
0.2401004196,-0.3226347864,0.1586585866,2.210566282,1.711026788,1.410943985,-0.4324838519,0
-0.2166784359,0.310257114,0.1780235661,2.180439711,-0.8444884419,1.128454208,-0.6730819941,0
0.381606636,-0.07391592118,0.1910708293,-0.1913215518,-0.9171588421,0.8102715015,0.5112112164,0
-0.3173693718,0.1239406334,0.1423817545,-0.3722002506,2.088106871,0.1814067215,1.224834681,0
0.02082430742,0.2513808787,0.05580802467,1.488145351,-2.029003382,1.570796371,2.086871386,0
0.06219872591,0.1864553167,0.1090315971,1.248853803,0.3708429933,-1.17208302,0.6837738752,0
-0.08254164905,0.1767356432,0.2914224383,2.007806778,0.5491980314,0.006700076163,-0.8040010929,0
-0.3307325159,0.1430663485,0.1374942713,-0.4082691371,2.045125961,0.3626693785,1.038107395,0
0.08429261261,0.2669612948,0.1293551335,-1.876637816,2.181661606,-0.2142031193,1.795859098,0
-0.02976341675,0.1663243036,0.1360701688,1.747867465,-0.1675839871,-1.212772131,1.992261648,0
-0.0009401787328,0.001401201568,0.2027125828,1.895925164,1.74975419,-0.4700303972,-1.809690118,0
-0.1878136561,-0.2189256426,0.05390456236,-2.279863834,-0.6168150902,-0.4555263519,1.054506183,0
-0.2155905391,0.3258156592,0.08134753625,-0.9862439632,2.067334175,0.715408802,0.6745680571,0
-0.2027671681,0.06502502704,0.06048364013,2.831308365,-0.5709226727,-0.9455319643,1.69681263,0
-0.06994537181,-0.2860488368,0.07769083155,-1.810615897,-0.5495740771,0.3931111693,-1.045829177,0
0.05728891276,-0.2916536049,0.2725162826,1.764765501,1.510670662,0.3875432014,1.40009582,0
0.1565405729,0.2270106953,0.3865082512,0.9670878053,-0.2349175811,0.995913744,-0.3468027115,0
0.1824542727,0.1065135228,0.4474525221,-2.613183498,0.9895098805,1.069671273,-0.1798707247,0
0.1800976371,-0.3157442487,0.1720036005,2.089156389,1.982744813,0.3921427131,0.86534518,0
-0.3675694175,0.1516293584,0.1025476359,2.750341654,-1.031420469,0.7371893525,0.2887096405,0
0.1357065924,0.271200201,0.06802507844,1.106826425,-0.4006387591,-0.2810748518,0.2330946475,0
0.05055759983,0.1002065578,0.3938614398,1.103562236,0.7865018249,0.202857703,-0.6106943488,0
0.3915129453,0.00338137453,0.02901162117,0.008636510931,-1.286430955,0.7748019099,0.4492712915,0
0.01029603574,-0.2162062966,0.4433001812,-1.523199677,-0.2281189263,0.9742252231,0.4474466741,0
-0.161395218,-0.3222073627,0.1352040076,-2.035169363,-0.7383103371,0.8416883945,-0.7693330646,0
0.1647791788,0.05472159589,0.3257368114,0.3217974603,0.5007892251,0.3223298192,-1.085635543,0
0.03017200905,-0.3198902699,0.3263937422,-1.476918578,-0.3703027368,0.9182189703,-0.3616849184,0
-0.1050456907,-0.1580070638,0.1776567677,-2.15865469,-0.07169175148,0.3862760961,-1.894304991,0
-0.3237128455,-0.08045012508,0.3195301662,-2.898004532,-0.4372023046,0.7802433968,0.1189104319,0
-0.07490141665,0.00136868825,0.1565922728,3.123695374,0.989438355,-1.865198731,1.739171743,0
0.352259346,-0.03607872712,0.18595033,3.039527655,2.064861298,0.8524841666,-0.7521435022,0
-0.1515623696,0.2818787862,0.2728816822,2.064313412,-0.424596101,0.2929337621,0.9136503339,0
0.1165597825,0.3664596977,0.2466203603,-1.878747344,1.439167857,1.421883345,-0.2600291967,0
-0.2975721566,-0.01870755384,0.1079612004,0.06278459728,2.181661606,-0.04200285673,1.720654964,0
-0.07480926651,-0.1444080251,0.1164103343,-2.048705339,-0.00695162639,-0.09090648592,-1.714646935,0
-0.2421997327,-0.3007808958,0.2408377464,-2.248722076,-0.9370152354,1.134921551,0.2340397984,0
0.1570426464,0.1972813112,0.2394469352,0.8971837759,-0.3282664418,-0.2208893895,1.707119584,0
-0.2098716813,-0.04859561493,0.1329420757,-2.914062738,-0.1027306393,-0.9944483638,1.49099946,0
0.1562756112,0.09139708908,0.2553449237,0.5292162895,0.5069467425,-0.8852977753,1.210406899,0
-0.02077904935,-0.3553388563,0.05723916104,1.512386203,2.181661606,0.4370058775,1.179043174,0
-0.01765913394,-0.02026085079,0.133926155,-2.281402111,1.717309475,-0.8804697394,-1.857550859,0
0.3160642646,-0.006293152837,0.36060913,-0.01990821958,-0.5678348541,1.06675005,0.2944632471,0
-0.2494533976,0.2150427221,0.09005646357,-0.7116436958,2.165737152,1.317765832,-1.470078111,0
0.06826446202,-0.1538335816,0.4660973418,-1.153181434,0.06400897354,1.002143264,-0.2185505033,0
-0.2267417367,0.3039399049,0.1470482246,2.211732626,-0.7126715183,0.533641398,0.06008505449,0
-0.09068895507,-0.002737566112,0.1515208125,-3.108751774,0.4632896483,-0.3370260298,-1.995627284,0
0.3492809082,0.1086876755,0.2761087668,-2.839915037,1.469835758,0.9805064201,0.4021236598,0
0.03891262325,0.1294261442,0.2208386465,1.278652787,1.289314151,-1.256093979,0.4512943029,0
0.1265566807,0.1855261682,0.301080573,-2.16949749,1.669686794,-0.2342587262,1.466100931,0
0.1895572103,0.0111586529,0.1803105005,0.0587987639,0.7811150551,-1.011837244,0.2341645956,0
-0.04472607904,-0.05872693054,0.09700018112,0.9198448658,-1.655183673,-1.101804972,-1.403244257,0
0.001214935625,0.08783315039,0.1156250046,1.556955338,0.6926125288,-0.6825385094,-1.643753529,0
-0.2521999614,-0.004102932282,0.2727060827,0.01626712829,2.069742203,0.3730197251,-0.9253595471,0
0.08790700202,0.1066012286,0.4754294995,-2.260379553,0.9136939049,0.8186880946,0.005414518528,0
-0.1487955521,0.02463687906,0.4179039716,-0.1640708745,1.426231146,0.1345257759,0.1905463636,0
0.2543527484,-0.03076788493,0.4185251497,-0.1203806475,-0.3498361707,1.033270121,0.3265444636,0
0.1219887247,-0.3505090054,0.2238762821,1.905712962,1.536704302,0.9056290984,0.8157425523,0
-0.04459301951,-0.1136777539,0.1642222168,-1.944613576,0.7885125279,-1.592316628,1.436822176,0
0.1442187548,0.04337331844,0.1926860011,0.2921772003,0.7340546846,-0.3832798302,-1.222811937,0
-0.22787684,0.08327335405,0.4196888238,-0.3503545821,1.122313857,0.8015797734,0.3720169365,0
0.05431244119,-0.1275506012,0.2053683306,1.973353744,2.181661606,-1.232006431,1.918376684,0
0.09522441501,0.3725456,0.0945107743,-1.821056843,1.984164,1.398059368,-0.8611058593,0
-0.08264603223,0.1334033978,0.2357404223,-1.016155958,2.056304455,-1.006586432,1.772504807,0
0.218183627,-0.01781778943,0.03288990903,-0.08146815002,-0.3293257952,-0.9575002789,0.9714339972,0
-0.191316733,-0.2183753768,0.1357424681,-2.290254831,-0.1389443725,-0.4417357743,0.4970481694,0
0.1747498561,0.04503155553,0.0644262973,0.2521531582,0.3855217695,-1.160761476,0.197385639,0
0.342501795,-0.02284226756,0.04068312284,3.075002432,1.628559947,1.370352507,1.315899372,0
-0.3262664164,-0.1484371819,0.1957605608,-2.714630604,-0.5087860823,0.3216795325,0.3388638794,0
0.1855218019,-0.3111416329,0.06560027238,2.108462572,2.174791813,0.4487484097,1.088039041,0
0.2032226857,-0.0110114824,0.3307683596,-0.05422773957,0.2384476662,-0.2962357998,1.172688365,0
-0.07531506648,0.09758936801,0.09178901649,2.228080511,-0.1054165885,-1.620055079,1.882312298,0
0.1032543305,-0.02067282044,0.1162512437,-0.197582975,0.9625986814,-0.8580878973,-1.288141847,0
-0.02481115802,-0.2983689833,0.3003449844,-1.653751016,-0.3985000551,0.3324300647,1.064117908,0
-0.03402885806,0.2748071403,0.2697184678,1.694014072,-0.1526331604,-0.130033493,1.114900827,0
-0.05437354802,-0.1147783135,0.4846808921,-2.01320529,0.0793454349,0.9018014073,0.3907389045,0
-0.09990190566,0.3250380156,0.1080998414,1.868934989,-0.5246526003,-0.01296166144,0.387988627,0
0.1317115294,-0.2364026303,0.1073474168,-1.062465191,-0.04373431206,-0.5121492147,0.138599515,0
0.173585249,-0.2260138391,0.1300052357,-0.9165990949,-0.1018269137,-0.4754837155,0.4222004414,0
-0.04143499222,-0.1101081033,0.02739588421,-1.929092288,0.05926470459,-0.7640407681,-1.085699439,0
-0.1421900528,0.1328133071,0.283684129,-0.7513081431,2.072147846,0.1965824664,-1.103109837,0
0.004937467534,0.1371072819,0.196304135,-1.606722355,2.147375584,0.190783754,-2.050966024,0
0.3083723536,0.08270657933,0.2268755855,0.2619892955,-0.2504882812,0.4962162375,-0.6327334642,0
0.3420810789,0.1247612301,0.1530110338,0.3497183323,-0.8034872413,0.3503916264,0.8792917728,0
0.1602973946,-0.029589166,0.3091136337,2.959100246,1.659402251,-0.5645976067,1.580727339,0
-0.2066327958,0.07416240329,0.3252740877,-0.3445889056,1.603123903,-0.1621189117,1.31912303,0
0.2561545663,0.1431796466,0.3203594928,-2.631894588,1.404072165,1.352692604,-1.091128469,0
0.01954394511,0.03635259528,0.3879229134,1.078006983,0.93362993,0.4556615353,-1.173954487,0
0.2069113477,0.136495653,0.3548021648,0.5831512213,0.07070462406,0.1193809882,0.6674277782,0
-0.2863523644,0.186135259,0.2204019361,2.565203905,-0.561280787,0.2693378031,0.8987610936,0
0.3598587717,0.06075621933,0.2269571526,0.1672286689,-0.6250498891,0.9318835735,-0.4966138899,0
-0.132202922,0.04808214856,0.4486727502,-0.3488274217,1.007102966,1.011600137,-0.7517915368,0
0.07798216251,0.1423850622,0.4050712307,-2.071860552,0.4741616547,1.171570182,1.435546994,0
0.1621436707,0.05742719133,0.1217231887,0.340346992,-0.06694217026,-1.278863788,1.752585173,0
-0.1098754507,0.03990893899,0.3620305988,2.793223381,-0.6745673418,1.506456971,1.856913567,0
0.2847892626,0.2276026057,0.1127192276,0.6740885377,-0.9751353264,0.3868985772,1.01442039,0
0.1219098067,-0.3902410739,0.09436030131,1.873588443,1.798677444,1.499002695,-0.3815132976,0
-0.05389980745,-0.04217924701,0.2126222152,0.6663764715,1.96810019,-1.550728321,1.976816535,0
-0.01013095564,0.1900732259,0.2904787874,-1.517980337,1.892212749,0.4467063844,-1.365188956,0
-0.01755853123,0.2028436632,0.2644483135,1.656847119,0.6752716899,-0.5857779384,0.1358702332,0
-0.1560037845,-0.01839637842,0.07923325763,-3.024194002,-0.438482523,0.07682073116,-1.985326886,0
0.1077079235,0.2990229234,0.02193803444,1.225063682,-1.291831613,0.2330825925,1.522278547,0
0.0494114881,0.2286678015,0.02535988862,1.357896447,-0.3969109356,-0.1498178244,-0.8613979816,0
0.2499507515,-0.1704321613,0.3784178615,-0.5984483957,-0.4895819128,1.218849182,-0.1712254584,0
-0.1132377491,0.04384734438,0.07501535353,-0.369483918,-0.9692308903,-1.623907924,-0.5629391074,0
-0.1838044229,0.06314741438,0.0352763387,2.81066823,-0.4441721141,-1.105479836,1.398418903,0
0.162244303,0.2093920238,0.3518212364,0.9120673537,-0.06577527523,0.2440325171,0.7088703513,0
-0.2299663064,0.204695985,0.1035046301,2.414267778,-0.291952312,-0.2066007555,0.08089779317,0
0.2381471258,0.1107889851,0.1168496069,0.4354783893,-0.367384553,0.3840073645,-1.346435905,0
0.05209372282,-0.2648874701,0.1947367947,1.764982581,2.092773676,-0.3385103047,1.575165153,0
0.0002620257952,-0.2145622705,0.3216021096,-1.569225907,-0.8872585893,1.267122746,1.768133759,0
0.1772285782,-0.1529948971,0.3744464706,2.429615021,0.8430226445,0.963357687,1.302982807,0
0.07926636852,-0.2199836741,0.2713529753,1.916564941,1.084626794,0.7516881227,2.048760176,0
0.3192271764,0.03569736052,0.1133633133,0.1113748401,-0.3628895283,-0.1519241929,0.2612611651,0
0.2094372728,-0.02224336922,0.1982886889,-0.1058091894,-0.2643986344,-0.6381274462,2.012094021,0
0.2143301812,-0.1355530678,0.3770556535,-0.5639385581,-0.1136400998,0.4050002694,0.7422517538,0
-0.04305575308,0.04872499827,0.3591636422,2.294433117,1.257258296,-0.621728003,0.3912678957,0
-0.06470473079,-0.2138108412,0.1343947677,-1.864948273,-0.2823282182,-0.8701739311,1.694621444,0
0.110798626,0.02685791057,0.3923702149,0.2378422469,0.3828761876,-0.1061261743,1.4314394,0
0.293759299,-0.1624181166,0.08026818337,-0.5047182441,-0.9704033136,0.1135683358,1.279382825,0
-0.1765502154,-0.2768048434,0.2422660758,-2.138685942,-0.3563371897,0.7170909643,-0.7062878013,0
-0.336903073,-0.09888055323,0.04531317932,0.2854814827,2.181661606,0.4636813998,1.249872804,0
-0.3254123395,-0.09472608898,0.2038988924,0.2832974494,1.106876493,1.489135146,1.196705818,0
-0.1454365559,-0.1656434464,0.1218998618,-2.291990757,0.2358618379,-0.4412869811,-0.6986985207,0
-0.3076225517,-0.1273858834,0.2589009837,0.3925825953,1.970537663,0.3096112311,0.2432632297,0
0.05512035721,0.1453499989,0.1324288075,1.208313107,0.3149598837,-0.3057121634,-1.481796145,0
-0.3471122256,0.1895636678,0.2222937072,2.641736031,-1.057458282,1.346523643,-0.02582134306,0
-0.05927699113,0.09138120195,0.3032025713,2.145298958,1.277794361,-0.8501352668,0.2596702576,0
0.371826903,0.09042668873,0.1443689439,0.2385657728,-0.9368288517,0.5856590271,0.7023991942,0
0.2768327681,-0.008580617676,0.04977068338,-0.03200564161,-0.5322644711,-0.5573849678,0.9716243744,0
-0.09543143751,-0.1032858351,0.4468806906,-2.31668973,0.1338248253,0.4904944897,0.9336960316,0
0.2852332704,0.1422261775,0.1223576775,0.4630945027,-0.3845332563,0.2384028137,-0.5865309834,0
-0.2107582563,0.2588003421,0.1320438516,-0.8872015476,1.296937585,1.449808955,1.418940783,0
-0.08931192452,-0.08358515476,0.1850055609,-2.389180183,0.3285366595,0.01051783003,-2.012072563,0
0.201106487,0.03982894342,0.139912142,0.1955216974,0.5647466779,-0.9283893108,0.05382800847,0
0.03208326071,-0.1881862454,0.1526285725,-1.400388122,0.0210518539,-1.117414474,1.650563002,0
-0.1503467726,0.285048418,0.04261769885,2.056187153,-1.159987807,1.264229417,-1.460632682,0
0.1301949455,-0.3102461495,0.2348097953,1.968127608,1.972745895,0.7518747449,-0.6771660447,0
-0.2076836272,-0.07745442001,0.1522209383,-2.784590006,-0.2623462975,-0.8268809915,1.765677214,0
0.3098397962,-0.09066848435,0.05219953758,-0.2846471667,-0.7778386474,0.5898219943,-0.9344409108,0
-0.200061349,0.02977556709,0.1715130918,-0.1477476209,2.181661606,-0.799782455,2.051900387,0
-0.06956909129,-0.352613138,0.2852817628,1.376002312,1.302752495,1.570796371,-0.5425603986,0
-0.2080445213,0.2449484737,0.1771855318,-0.8663467765,1.971280217,0.1145764589,1.389614344,0
0.01165827606,0.1937642043,0.1478829834,1.510701418,-0.3502926826,-0.9159651399,2.094395161,0
0.1395274564,-0.1793292864,0.3166129984,-0.9096664786,-0.7697762847,0.9805974364,1.797815442,0
-0.2356634676,-0.06772946761,0.3800290733,0.2798579931,1.332824111,0.392462492,0.8385100961,0
0.03415117479,-0.2190333761,0.1468000366,-1.416182399,0.4314748049,-0.8567447662,0.2130187154,0
0.1816242157,-0.008579728068,0.08004407317,-0.04720443487,-0.360727936,0.09717689455,-1.760237813,0
0.01784463712,0.2987022762,0.3675722244,-1.630465984,1.196941257,1.347236395,-0.5493478179,0
-0.1572157356,-0.1160322367,0.3098702703,-2.505786657,0.4430809319,0.2463008165,-0.9733664393,0
0.1101602939,0.3275215623,0.1075970773,1.246670842,-0.5542184711,0.04614311457,0.3414563835,0
-0.3234049386,0.2102128258,0.1475632943,2.56521821,-0.876514852,0.9978191853,-0.516358614,0
-0.3040557136,0.02817327696,0.3761598036,3.049198151,-0.5301465988,1.121314168,0.1905426383,0
0.223917253,0.2524064785,0.1767809974,0.8451700807,-0.497487098,0.03811671212,0.8184816241,0
0.2195997905,0.2016140992,0.137526452,0.7427714467,-0.4443552792,0.557965517,-1.1737293,0
-0.3200988293,0.1193614893,0.07121190461,2.784571409,-1.792679667,1.381073117,1.37304306,0
-0.300501291,-0.05981061902,0.08750702388,-2.944756031,-0.7303258181,-0.2480377853,1.307782054,0
-0.2352263788,0.2379598885,0.1993091938,2.350418091,-0.6747861505,0.2400762886,1.182555437,0
-0.1218584006,0.06848944031,0.1615416886,2.627639532,0.09965915978,0.05689719319,-2.032026529,0
0.2559411684,0.09861276502,0.3764424073,0.3677334785,-0.2253742218,1.038071156,-0.557815671,0
-0.1868897425,0.2368014619,0.02073454732,2.238970995,-0.5871332884,-0.1167049929,-0.05618263409,0
-0.2592040599,-0.1713585676,0.2211495583,-2.557840586,-0.1618251503,0.3326939344,-0.5437368155,0
0.01016905944,-0.1828051393,0.05651239592,-1.515225768,-0.7708451152,-1.022794843,2.094395161,0
-0.2204355444,-0.2982439599,0.2664561503,0.9343003631,1.499320984,0.9865729213,0.3773673475,0
0.1087878397,-0.3003065696,0.1611391837,1.918524981,1.188745022,1.452245355,1.518946052,0
0.2940186761,0.1349083171,0.1305785258,0.4303249717,-0.7345467806,0.9804629683,-1.304581881,0
0.101248209,-0.06528646971,0.06156905575,-0.5727211237,1.901763797,-1.718689084,-0.6435142159,0
0.07000118615,-0.3920122101,0.04313974137,-1.394099951,-1.210181594,0.9332752228,-0.08125210553,0
0.1160601415,-0.256063107,0.150116593,-1.144614339,-0.006732743233,-0.4596270025,0.3217335045,0
0.2816581076,0.05025300993,0.07719551175,0.1765607595,-0.7331475616,0.7311544418,-1.461308122,0
0.136644015,-0.2887720367,0.3087800861,-1.128830791,-0.305796057,0.7967879772,-0.4314014018,0
-0.2074139584,0.2542549224,0.3234490876,2.25506711,-0.8841580749,1.243570685,0.7137298584,0
0.2775325601,-0.001838533937,0.1834027224,-0.006993148476,-0.3022098541,0.6249256134,-1.344989657,0
-0.217132648,0.2311083999,0.3196163682,2.325021744,-0.5522136688,1.358342409,-0.8405892253,0
-0.1513701357,0.2286326217,0.1224707158,2.155716658,-0.6276994944,-0.4053917527,1.660336018,0
-0.1149040167,0.1640637033,0.08006067924,2.18176055,-0.02785842493,-0.2808540463,-1.119957805,0
-0.1890991639,-0.3022616768,0.2079982586,-2.129856825,-0.4915269613,0.3371954858,0.356244117,0
0.008480200258,0.2203734953,0.1942295113,-1.609257698,2.004103661,-0.5541345477,2.010433912,0
-0.0882471075,0.0964934871,0.09559027472,2.311559916,-0.17168805,-0.1656603515,-1.944747806,0
0.2502987688,0.2465155941,0.2899420725,-2.363802433,1.244127631,1.143547654,0.6779185534,0
0.03724389241,0.2615130343,0.1609712358,1.42951262,-0.1933862418,0.3553088009,-1.244459867,0
0.2028771467,0.2705022474,0.1133081805,-2.214237213,2.174818277,0.1520523727,1.283114552,0
0.1164888172,-0.219646533,0.1280643459,-1.083483934,0.1821942329,-0.6405992508,0.07355204225,0
0.3316687078,-0.1376479599,0.2822568521,-0.3933879733,-0.6892623901,0.8634459972,0.4260233045,0
0.3752189552,-0.03698606516,0.1930484096,-0.09813199937,-0.886780858,1.280681372,-0.7517772317,0
0.3163267726,0.250857261,0.1045814042,0.6704778671,-1.189465404,0.928003788,0.4218149185,0
0.258487071,0.3071499633,0.1356306803,-2.270366669,1.86822331,0.9034007192,0.4504242539,0
-0.1203034399,0.03787176742,0.2242231094,2.836277723,0.5820374489,-1.260975242,1.74208653,0
0.02094389183,-0.02737553389,0.1575995132,-0.9176270366,1.162922859,-0.5981645584,-2.01708436,0
0.1946054144,0.2032816084,0.1051187138,0.8074381351,-0.5543732047,-0.4731498361,1.394185066,0
-0.1380205562,-0.2119084155,0.06492540406,-2.14808774,-0.1109102741,-0.5069784522,-0.1470058709,0
-0.1565235144,-0.01904771871,0.02388141407,-3.020508766,-0.8823139071,0.2617277503,-2.042463303,0
-0.030500877,-0.06530773564,0.3752874954,1.134565115,1.255639911,0.6043786407,-1.383136511,0
-0.3128936133,0.2456842962,0.1779807405,2.475940943,-1.008620977,0.9516905546,0.3691992164,0
0.1619793275,0.336525661,0.05954605789,-2.019381285,2.077049732,1.450648665,-1.008200765,0
-0.2708051393,0.2275440276,0.2952501986,2.442786217,-0.833281517,1.526951432,-0.552775979,0
0.1180222915,-0.05308041089,0.4781582015,-0.4226445258,0.09511248767,0.8051604033,0.5275765061,0
-0.2238220005,0.2413692893,0.2841897849,2.318626404,-0.277287811,0.4418163896,0.1137795076,0
0.06970175258,0.1575658888,0.4558066963,1.154309392,0.02550365776,0.7135732174,0.5577911735,0
0.2208467791,0.2266407075,0.03588794814,0.7983450294,-0.8993264437,-0.1371016055,1.11829114,0
0.3139925862,-0.1052915223,0.342942244,-0.3235475421,-0.5788949728,1.150624514,-0.08352246881,0
0.07915926634,0.1069043709,0.2184775421,0.9333839417,0.3561085463,0.2080135345,-1.958438396,0
0.07120105224,0.1667796264,0.3841264324,1.167506218,0.1560457051,0.9864147902,-1.196610451,0
-0.1791612716,0.1141748313,0.438274135,-0.5673784614,1.099286199,0.751301825,0.2554212809,0
-0.3899158472,0.0215118446,0.03880835013,3.086474419,-1.208050489,1.042943954,-0.4225124717,0
-0.01425962096,-0.09744826581,0.3272757653,-1.716595054,0.5284481049,0.7060450315,-1.812615156,0
-0.14587658,0.02324514289,0.18946845,2.983634949,0.7453559637,-1.363188148,1.23883903,0
0.1196431726,0.2316494169,0.1549681303,1.094078064,0.1667352617,-0.543068707,0.1314704269,0
0.3385368361,0.1539332189,0.1054985397,0.4267569184,-0.7400091887,0.3770641088,0.1551499218,0
-0.08730411304,-0.1231523277,0.3989353611,0.9540795088,1.148342729,0.08537136763,1.289844751,0
-0.1415857313,-0.2436950517,0.196490707,1.04446888,2.082646608,0.868606627,-1.480645061,0
0.1360673271,0.003253607003,0.2901244584,0.02396192029,0.5115357041,-0.8280131817,1.646010876,0
0.2090939628,-0.2429303165,0.1167119623,2.281478882,2.176827192,0.0439655371,1.466526866,0
0.07713917707,0.2297276044,0.370733598,-1.894917011,0.6987605691,1.268963814,1.202976465,0
-0.04686151457,-0.1439508724,0.2877628056,1.256292343,1.965028048,0.1915836781,-1.346336484,0
-0.1133348532,0.1441399571,0.1760674612,2.237117529,-0.0006283787079,-1.051819324,1.847700238,0
0.1946872149,0.07118821921,0.2724974118,0.3505500555,-0.1123979315,-0.3396830559,1.841995716,0
0.2382326332,0.1998080162,0.2389892058,0.6979073882,-1.235248685,1.274795413,1.446102381,0
0.1330965244,0.08661942782,0.07426580575,0.5768147111,0.175856486,-0.5356465578,-1.16441083,0
0.1946447407,-0.1997239179,0.24783758,-0.798971951,-0.04215044528,-0.2716190815,0.8900020719,0
0.2390639736,-0.01261614903,0.1069872627,-0.05272744223,-0.2080936432,-0.8658692837,1.251042962,0
0.2002202276,0.1505435228,0.1623660089,0.6447095275,-0.4279325902,-0.5285507441,1.762837648,0
0.1607294988,0.2685782178,0.2388224005,1.031520963,-0.1090252697,0.07392214239,0.1154362336,0
0.1248093659,0.1303576814,0.1933911559,0.807179749,0.6811683178,-1.146471858,0.8575918674,0
-0.1094625059,0.3648224709,0.0921003101,-1.279297113,1.499308348,1.480306506,0.8622146845,0
-0.2630680602,-0.01973034463,0.1363899788,0.07486078888,2.181661606,-0.3241945803,1.894161344,0
-0.3435748359,-0.1093655266,0.1348140054,-2.833418846,-0.6149734855,0.2146253288,0.39143309,0
0.1224149615,-0.06090429069,0.2096593756,-0.4616844952,0.278726697,-1.191251516,2.007627249,0
0.03609009256,0.1848201106,0.06467007695,1.377991199,-0.3448267877,0.007326344028,-1.568411708,0
-0.03846436694,0.04924992805,0.09881199346,2.234127998,1.007273555,-0.9324378371,-1.621420264,0
-0.2529179034,0.1518675071,0.2312336914,2.600999594,-0.1213685349,0.4189815819,-0.7886660695,0
0.01469888453,0.05196029681,0.1254718926,1.29523623,2.073844433,-1.138815761,-1.546673417,0
-0.3327247693,0.05103235619,0.299918297,-0.1521915346,1.627716303,0.605745554,0.414791882,0
0.1396913506,0.1195538598,0.4022041252,0.7078802586,-0.6577911973,1.368077755,1.274674773,0
-0.01650806155,-0.1019836784,0.352447932,-1.730690956,0.8691346049,0.1746914387,-1.030007601,0
-0.2168359719,-0.03444178395,0.3224143043,0.1575282961,0.7108364701,1.192346454,1.755274057,0
0.2959485876,-0.2521505873,0.2366475834,-0.7056586742,-1.025962472,1.251008034,0.2362464368,0
-0.3856097261,-0.03691940543,0.0325471455,0.09545206279,2.145604849,0.7856827378,0.6762320995,0
0.1276606225,-0.1597890551,0.1322440991,-0.8966261148,-0.1974304467,0.2595331669,-1.726825595,0
-0.3708148626,-0.1268098284,0.1128395691,-2.81208396,-1.274468064,1.570796371,-0.7952829003,0
0.2163906159,0.3187516495,0.1619770187,0.9743937254,-1.261675954,1.096854806,0.8489589691,0
-0.1939688661,-0.2506382062,0.3366885813,0.9121897817,1.394363165,0.7326972485,0.570754528,0
-0.007380679865,-0.05593412221,0.1689813873,-1.701991916,-1.809743404,-1.660140514,-2.094395161,0
0.2058650456,0.0756982726,0.213521871,-2.790318489,2.051937103,-0.6321918368,1.79602778,0
0.1988717672,-0.3163207458,0.1064859576,2.132056713,2.029963493,1.316971898,-0.9748793244,0
0.1290718213,0.282804638,0.3742694821,-1.998958945,1.058782458,1.32620728,0.05736152828,0
-0.08148895132,-0.356222206,0.254424036,1.345914721,1.63597405,0.7487158775,0.5339738131,0
0.2138588885,0.009961299936,0.2911455776,0.04652778059,0.08418818563,-0.3966083825,1.461209297,0
-0.1389645366,0.1917579565,0.1845426637,2.19785428,0.399918288,-0.6614944935,0.1561627984,0
0.07888393953,0.3472830066,0.1120292991,-1.794151545,1.430133939,1.386705399,1.222483873,0
-0.2863688708,-0.09678111866,0.3213215033,0.3259083033,1.323836565,1.484062552,-1.048140883,0
0.040699863,-0.05932284831,0.2280701312,2.172114849,1.753648162,-1.399039507,2.094395161,0
0.294040939,0.2082804124,0.1915775944,-2.525292397,1.606910706,0.787432611,1.131624103,0
0.03561772183,-0.05054988134,0.3184069627,-0.9573050141,0.6341461539,-0.7060105801,2.012565136,0
-0.08775356982,-0.1906325275,0.1020958458,-2.002202272,0.05165672675,-0.2553910911,-1.073992133,0
0.1087849817,0.3255697076,0.1782362754,1.247696757,-0.5222066641,0.7103579044,-0.7716681361,0
0.2060672303,-0.002683182456,0.4447905659,-0.01298808306,-0.006263196468,0.9074494243,-0.1227389202,0
0.179510634,-0.01080532264,0.1891867376,-0.06011431664,0.0970229432,-1.054023623,1.791205406,0
-0.06754452396,0.01201476524,0.07989295915,2.965681314,0.6220492721,-0.8847410679,-1.578152657,0
-0.003136493537,0.1125053277,0.3719851114,-1.542939782,1.398443103,-0.4032232165,1.26462388,0
-0.03244741742,0.05823237253,0.1915308616,2.07922554,1.11098063,-1.725081325,1.758548379,0
0.2779467029,-0.0577368855,0.02097040707,-0.2048225254,-0.646694243,-0.4482088983,0.8174418807,0
0.05795096556,0.03945895749,0.1157346878,0.597668767,1.652474403,-1.105258107,-1.426805735,0
-0.01743952556,-0.2988384886,0.276410192,-1.62908721,-0.436576426,1.181317091,-1.214975834,0
-0.1299604827,-0.2882534214,0.3176627968,-1.994307041,-0.6726362705,0.8283750415,0.9539083838,0
-0.09645897836,-0.1106791991,0.05529566368,-2.287642956,0.6738527417,-1.412988663,0.1644659489,0
0.2590788728,0.1369936222,0.3455098881,-2.655193567,1.095397711,0.9378157258,0.9966558218,0
-0.1201079459,-0.1586206723,0.428756802,-2.218882561,-0.39603585,1.056055665,0.9706402421,0
-0.2028005018,0.1478085178,0.1751540499,2.511397362,-0.2939729989,0.6327670217,-1.608323693,0
0.2303442576,-0.2068113518,0.1780693774,-0.7313582301,-0.127983138,-0.1371134073,0.135288015,0
0.1785271502,0.1760483543,0.1165911931,0.7783674598,-0.07379087806,-0.7957297564,0.9079471231,0
0.1238007759,0.3653586763,0.1223072856,1.244087219,-0.8312340975,0.7091097832,-0.1865852177,0
-0.05897657568,0.1024931935,0.1721371834,2.092953205,0.3001719117,-0.05958148837,-2.029325724,0
0.03430313617,-0.3085798676,0.02488605215,-1.460113645,-0.7000425458,0.2542075813,-0.6013451815,0
0.2049967773,0.1101008879,0.2345055516,0.4924399853,0.4760911763,-0.4909971058,0.02607404441,0
-0.3320197134,0.02110499485,0.2047293887,-0.06349816173,1.958699226,0.1649705172,1.082204223,0
0.1519738058,-0.02908662517,0.1304724857,-0.189094156,0.7136795521,-0.7218520045,-0.957891643,0
0.06570337218,-0.1480157668,0.4301970614,-1.153128147,0.3632368743,0.2584653199,0.4320377707,0
0.2184669758,0.2587909682,0.1512031372,0.8695738316,-0.3990142941,0.2688442767,-0.303686589,0
-0.376739216,0.1064581206,0.2113321023,-0.2753976583,1.637102962,1.004400611,0.3604482114,0
-0.03149862776,-0.1700369494,0.3302374038,-1.754178882,0.7487627268,-0.2373523563,-0.2295197994,0
0.2952482138,-0.2868795207,0.09569898968,-0.771023035,-1.292884946,1.169944525,0.1305645704,0
0.111932581,-0.2541927481,0.1425062907,-1.155938625,-0.4584290981,-0.4517226815,1.460257292,0
-0.2646546138,0.1296165239,0.3315241311,2.686175108,-0.3722391129,0.4815327525,0.8992648721,0
0.1079849844,-0.2122964248,0.2837785116,2.041206837,1.721171975,-0.2187829316,1.502998948,0
0.1083657548,-0.3570392778,0.1731727926,-1.276097059,-0.6675825715,0.7407732606,-0.3756929934,0
0.2809414575,0.1446980656,0.194880885,0.4755977094,-0.1521477997,0.05319850892,-0.1104136705,0
0.23653661,0.03257184885,0.2945451,-3.004767656,1.972189665,0.3923206627,-0.9247136116,0
0.2074346237,-0.1067608138,0.3489058185,-0.4753206968,0.0002438724041,0.0557401292,1.094013453,0
-0.01861148447,0.175171272,0.2890540668,-1.464071631,1.79734242,-0.6349161863,1.57166791,0
0.1617266764,0.1211284883,0.1365383671,0.643080771,0.5833415389,-0.9218510389,-0.03129201755,0
0.1474822429,-0.3488002107,0.2564782802,1.970825076,1.391656399,1.203475475,0.3583609164,0
-0.2000850534,0.1601881767,0.2902785551,-0.6751065254,1.730854988,-0.1074678823,1.310507417,0
0.2629822831,0.1354153651,0.1532923663,0.475076288,-0.3983734548,0.5712042451,-1.189253449,0
-0.3651914549,0.0976662945,0.2039199076,-0.2612594366,1.355136514,1.281618834,0.7892042994,0
0.1466740703,0.2256773815,0.112016015,0.9944988489,-0.38703987,-0.6158028245,1.279761672,0
0.1819339132,0.03170075758,0.2322794186,0.1725145727,0.3768832088,-0.945432961,1.398511887,0
-0.05602424533,0.1263063993,0.06453903445,1.9882828,-0.5644958615,0.01093270443,-2.074957132,0
0.09328138064,0.2958468098,0.1974920777,1.265361547,-1.31657517,1.170702338,1.635037899,0
-0.01893338971,-0.2570989416,0.1574717088,-1.644306064,-1.640652418,1.570796371,2.019066095,0
0.116308273,-0.2182034892,0.397787845,-1.081076503,-0.07928688824,0.927300036,-0.4904412925,0
0.1495219557,-0.3489549718,0.227812857,1.975618601,1.730312467,1.076946735,-0.3497294188,0
-0.1692204764,-0.1192479918,0.1250093112,-2.527793884,-0.2202785164,0.2450965941,-1.696205258,0
-0.08795447314,0.04527658749,0.210945612,2.666111708,0.7055744529,-0.1044578701,-1.854734182,0
0.2210167961,-0.03792312915,0.1790637551,-0.1699331552,-0.2128564715,-0.7331808805,1.768510699,0
0.2068779236,0.07844972606,0.3229450714,0.3624582291,0.3889605105,0.1507963091,-0.5359336734,0
-0.2079164674,-0.2140774377,0.08505789269,-2.342283726,-0.4811553955,-0.4159038365,0.9024437666,0
-0.1817928021,0.1301887286,0.05650403909,2.520086765,-0.1679173708,-0.277363956,-0.8660273552,0
-0.1104961627,0.05304045774,0.1835095093,2.694077492,0.8894501328,-1.527758598,1.360677838,0
-0.2592869695,-0.1542592216,0.1812107278,-2.604396582,-0.08289181441,-0.2409781069,0.2908845842,0
0.1733640263,-0.1535805473,0.2549305689,-0.7245867252,0.05502393469,0.5397156477,-1.370368719,0
-0.1221893298,0.1122067035,0.2926286581,-0.7427389026,1.495694876,-0.4294799566,1.960988641,0
-0.185504574,-0.1844879131,0.4169915175,-2.35894227,-0.3365209103,1.176367879,-0.1247151718,0
-0.2610519422,-0.09750357418,0.1462225298,-2.784170866,-1.359900951,0.9223401546,2.094395161,0
0.199727813,-0.1557093501,0.4176342089,-0.6621823311,-0.3139908314,0.9585781693,0.3925873935,0
-0.08328598102,0.2710713937,0.04789291768,1.868888736,-2.046055317,1.570796371,1.792435288,0
-0.0498411585,0.009014134868,0.1491181361,-0.1788941324,-0.9531866312,-1.472419143,-1.768419981,0
-0.2030359174,0.0393333249,0.3194988322,2.950022221,0.5023198724,0.03215717524,-0.5184423327,0
-0.07133013717,-0.05834747996,0.1887883598,-2.455967426,1.184323192,-0.5858867168,-1.414362907,0
-0.2794369789,-0.03591861659,0.4003613242,-3.013753891,-0.4300762117,1.232140541,-0.1510262042,0
-0.2557481387,0.04156625515,0.2591922291,-0.1611172855,1.890829444,0.8055071831,-1.373499036,0
-0.07288886199,-0.3898521365,0.1326800053,-1.755628586,-1.052371264,0.789718926,0.5137463212,0
-0.150975524,0.3255380274,0.2312488655,2.00502491,-0.7738171816,0.6283562779,0.8655859232,0
0.2652525816,0.212964332,0.09123235516,-2.465101719,2.180574656,0.2283986062,1.323994756,0
0.2978325116,0.2055667091,0.2458377727,-2.537417889,1.647527218,0.6862036586,0.7036435008,0
0.2049591403,0.2491081362,0.07256929243,-2.259267807,1.458270431,1.458628416,1.525325418,0
-0.0368855267,-0.3107933211,0.09255993433,-1.688852549,-0.4284641445,0.1585545987,-0.5472855568,0
0.1121552237,-0.02047254271,0.06521866226,-0.1805497706,-0.5332199931,-1.605775833,2.094395161,0
0.1393113929,0.3493648723,0.2423625778,-1.950229883,1.323845744,1.262790918,0.5863971114,0
0.03470848739,-0.2906059446,0.3715366223,-1.451924443,-0.2684696317,0.7728593946,0.1280047596,0
-0.1396045225,-0.0403696265,0.1877625183,-2.860100031,0.643414259,-0.2910196781,-1.404852748,0
-0.0170201092,0.3657371435,0.2658031509,1.617299199,-0.6988970637,0.8328193426,0.3721993268,0
-0.2663031272,-0.0931298137,0.3250715863,-2.805186749,-0.2328527123,0.261837244,0.9384974241,0
-0.01243681877,0.1517346403,0.1235177917,1.652577281,0.7914198637,-0.8376510739,-0.8420408964,0
0.3621889281,0.01795279316,0.1945508069,0.0497861281,-0.5166574717,0.5237517357,-0.1483566761,0
0.1477469276,0.3437069772,0.2565427788,1.164813757,-0.712474227,0.9452798963,0.04036159068,0
0.05897325618,0.1138936699,0.2315416028,1.091538906,0.6858019829,-0.05290891975,-1.580714345,0
-0.05530154165,-0.1741095018,0.09525863302,-1.878344536,0.577871263,-1.146401882,0.1202218756,0
-0.07377257207,-0.104985692,0.08546427108,-2.183413029,-0.02743442729,-0.3301303089,-1.723872304,0
-0.00570268558,0.3639260597,0.2583263054,-1.55512774,1.584409833,1.256196976,-0.5807440877,0
-0.1289560334,-0.173201097,0.09576220346,-2.211391449,-0.6927401423,-0.7531220913,2.094395161,0
0.2309318821,0.08819091207,0.4200813743,0.3647989035,-0.2837302089,0.9192062616,0.4341668785,0
-0.1904173501,0.272948758,0.1638498107,2.1802001,-0.6631972194,0.9858666062,-1.167869806,0
-0.1725184558,-0.3291221876,0.1028524611,1.088065505,2.107698917,0.458645314,0.9353243113,0
-0.09408043145,-0.4001368601,0.1435757969,-1.801722646,-1.238177776,1.274922848,0.1005158722,0
-0.3779971693,-0.1213879506,0.0989279535,0.3107121885,1.934035778,0.863145411,0.6441693902,0
0.2094744462,-0.03181167595,0.3753223516,-0.1507126689,0.2001029253,0.04047221318,0.7980498672,0
-0.1363440966,-0.3112576962,0.174901878,-1.983672142,-0.8297461271,0.327411592,1.286807775,0
0.2971637344,0.1689506419,0.1849122128,0.5166767836,-0.7331712842,1.177161098,-1.157967806,0
0.00499455824,0.0220274839,0.1136372526,1.347207785,2.178812027,-1.060769796,-1.890556812,0
-0.008259756681,-0.2261296724,0.2166333596,1.534273744,2.153963804,0.5339002609,-1.583050728,0
0.05534701056,-0.2761841582,0.3536568769,1.768562675,0.8102937341,1.338876963,0.9742287993,0
-0.1515702692,0.08034969002,0.1178346424,2.653711081,0.7618831396,-0.986744523,-0.4019044936,0
0.2700120551,0.2618560615,0.08073000597,0.77006495,-1.052765131,0.4695703089,0.7932807207,0
0.05007317747,-0.2911304079,0.07293568902,-1.400466919,-0.3234304488,-0.2786306143,0.03896399587,0
-0.02744421759,0.1695060852,0.451783225,-1.410590291,0.7686623931,1.510882378,-0.8186187148,0
0.02537266374,-0.01763562157,0.2132113702,-0.6073957682,1.09102416,-0.1896006614,-2.094395161,0
-0.2447584034,-0.2745042624,0.02414465082,-2.298968792,-1.428384304,1.531391621,-1.038143992,0
-0.152159586,-0.2110740336,0.1376764926,-2.195448399,-0.4024027586,0.5695154071,-1.537375689,0
0.145033792,0.3093255573,0.164548402,1.132460117,-0.4599741697,0.503270328,-0.5799075961,0
0.04585632649,-0.1439563429,0.3036302523,-1.262509942,0.5247342587,0.3594726324,-1.419187903,0
-0.2469400833,-0.06678674898,0.04984564681,-2.877592325,-0.8387183547,0.7282232642,-1.700027466,0
0.08111158023,-0.01918568626,0.08983283832,-0.2324563861,0.2075641155,-0.5989470482,-1.800145984,0
0.2796070267,0.03467690517,0.1204226472,0.1231460646,-0.571998477,-0.4186488688,1.49644804,0
-0.2584404845,0.0888470262,0.05192471712,2.810134411,-0.3384326398,-0.1708774716,-0.4739851952,0
-0.2566889402,-0.2332770436,0.2592859302,0.7376511693,1.70097971,0.5198620558,0.7330209613,0
-0.09411545617,-0.1557704879,0.4644464088,-2.114295244,-0.01649034023,0.9983510971,-0.02763060108,0
-0.2499971998,0.006424795709,0.2153586799,-0.02570466138,0.8557567,1.5707376,1.91904819,0
-0.276801716,-0.02283678749,0.104749027,-3.059313536,-1.627189755,1.15967226,2.075864792,0
0.3076321421,0.1894314983,0.27535266,0.5519363284,-0.6108065248,0.8168749213,0.1867769659,0
-0.2472784552,0.03229568655,0.04646365539,3.01194334,-0.5716637373,-0.7301174402,1.303215742,0
0.08985397627,0.05831771464,0.3718096371,0.5756822824,0.4583830535,-0.2945955396,1.55026722,0
0.2722303241,-0.01316573032,0.05947886075,-0.04908805713,-0.2852582037,-0.2250936627,-0.4087370038,0
-0.1434183802,0.06327901126,0.2845931635,-0.4151819646,1.584063888,-0.5898465514,1.941532612,0
0.3214034348,0.159832287,0.1692328126,-2.680327892,1.791885853,0.5745718479,1.159340024,0
-0.1009792317,0.255395566,0.2510965683,-1.19427526,1.901030064,-0.1676175147,1.324440598,0
-0.1090379403,0.1388149374,0.2039798875,-0.90473634,2.04174304,-0.8985412717,2.054498672,0
-0.2580279101,0.2180700727,0.3087047928,2.439926386,-0.550090313,0.7462538481,0.5068587065,0
-0.1273903358,0.3787092187,0.167644551,-1.246306062,1.601639152,1.570796371,-0.5065708756,0
0.1212138573,0.1177093773,0.1931281182,-2.370861292,2.097287178,-0.9882082343,2.094395161,0
-0.1063072828,0.2227938263,0.1159544061,2.015889645,0.1351557672,-0.722358048,0.2629300654,0
0.3175201785,-0.02106508928,0.2603933676,-0.06624601036,-0.500353694,1.142871857,-1.090284824,0
0.1404506472,-0.1992647215,0.1788902103,-0.9573675394,-0.1725217849,-0.6717153788,1.50950551,0
-0.4046994488,0.04212822542,0.09078458991,3.037870169,-1.246052504,1.264427185,-0.3285959959,0
-0.242239535,0.1636352364,0.31535843,2.547552109,-0.2546622455,0.2652317584,0.8739362359,0
-0.243658895,0.0338714405,0.343473034,3.003480673,0.02896533161,0.04686233774,0.8985753655,0
0.2274345094,-0.07729355819,0.3912965894,-0.327606976,-0.6569425464,1.212995052,1.039289713,0
0.2757921035,-0.004943358807,0.05976179887,-0.01792260073,-1.907668829,1.384955406,1.977182746,0
-0.2335518739,0.2679956827,0.1471257013,2.287967443,-0.7070480585,0.8717058301,-0.8470551968,0
-0.09844022664,-0.3610262209,0.2162578801,1.304601312,1.746883392,1.193680644,-0.6304002404,0
-0.129867594,-0.01438451306,0.1691291268,-3.031279325,0.136196956,-1.386096358,2.094395161,0
-0.1244093612,0.1572060215,0.3582885747,2.240276098,0.2456875592,0.6655243635,-1.020775557,0
0.02010751948,-0.1662349303,0.1923094083,1.691170096,2.181661606,0.3540144265,-1.99614501,0
-0.3401085678,0.02195894959,0.1455990003,3.077127218,-0.5413784385,0.5956168175,-0.7410936356,0
0.1953376346,0.1512756526,0.327720447,0.6589607596,-1.000237107,1.427722216,1.430505753,0
-0.2435012373,0.1465927087,0.2016753633,-0.5414437056,1.92528069,-0.09810679406,1.628311753,0
-0.06101223711,0.06227203926,0.1617731615,-0.7955853939,-0.1389511973,-1.784747839,-2.038361788,0
-0.1549707826,0.07573026921,0.1685450073,2.687038898,-0.0622325018,-1.103918791,1.995366693,0
-0.01748219236,0.2841091479,0.3681429046,1.632252097,-0.1607685387,0.6460450888,0.07586285472,0
-0.03989980337,-0.0369805766,0.2476869309,-2.395636082,1.925854087,-0.9181832075,-0.7113386393,0
0.06866696054,0.1399645496,0.1427064735,1.114659071,0.2614550591,-0.1912557185,-1.603216052,0
0.03602610456,0.1124924979,0.1691739602,1.260825157,0.2794325352,-1.491555691,2.040084839,0
-0.1002375354,0.1772842545,0.09067169706,2.084992647,0.3465028703,-1.03037703,0.2519541085,0
-0.2277089562,-0.06513017556,0.4292506751,0.2785862684,1.021154761,0.9190183878,0.3634038866,0
-0.07235719772,0.09893033114,0.1203888874,2.201764822,0.7843109369,-0.7452607751,-1.250208497,0
0.0262744957,-0.3602670157,0.1529161106,-1.497997165,-0.6401848197,0.2397203743,0.5804824829,0
-0.1807761284,0.2055469826,0.07414981224,2.292071104,-0.5579746962,-0.5667845607,1.274711132,0
-0.005711007655,0.3074215293,0.2905140414,-1.552253008,1.616018534,1.141408563,-1.028645158,0
0.2524793491,0.2078868333,0.1480128787,0.6885777712,-1.459212542,1.154067636,1.588982105,0
-0.07857121644,-0.02808687659,0.3077172367,0.3430686295,1.304376483,-0.7302956581,2.025053501,0
0.0352774504,0.09934518641,0.1924753138,1.228859901,0.6867874265,-1.525283694,1.788830519,0
-0.03609719789,0.1130695556,0.1814283642,1.879129887,0.3814172447,-1.45567894,1.972582459,0
-0.3675847211,0.09116272367,0.1844419089,-0.2431147695,1.803693414,0.6787342429,0.7501722574,0
0.2697291092,0.1190882498,0.096933151,-2.725822687,1.560652137,1.084266663,1.941443801,0
0.2435802585,0.08018943573,0.3833201801,0.3178096414,-0.2050209641,0.5375753045,0.7775110006,0
-0.07482973355,-0.1945355498,0.3789871407,1.203590035,1.444843054,0.7939291,-0.9083030224,0
0.1299520173,0.05601685146,0.0489771563,0.4069896638,0.1183386073,-1.522081375,1.114017725,0
-0.0803855338,-0.3018476894,0.02293053206,1.310525537,2.181661606,0.4394634962,1.685313106,0
0.2557471726,0.1207313126,0.3007318149,0.4410030544,-0.2283560336,0.1158490032,1.055345297,0
0.2072644104,0.1006506688,0.04477820892,0.4525376558,-0.669906199,-0.8060280085,1.598553658,0
0.107512562,0.2582720446,0.314301533,1.176218271,0.01815500483,0.4335481524,-0.4222265482,0
-0.2884449648,-0.08607006175,0.03054541454,-2.852111101,-0.5378362536,-0.1272795498,-0.09152222425,0
-0.3946228897,0.07101340585,0.09222206599,-0.1780459732,1.875799775,1.471227884,-0.5889092088,0
-0.1468463312,-0.2240782402,0.2656434608,-2.150791645,-0.1966257095,-0.1558970809,1.315394878,0
0.2081738126,0.133599821,0.1211211817,0.5714040995,-0.691218853,-0.4756186008,1.981053352,0
-0.3109234353,-0.06923748897,0.05793335096,-2.922486544,-0.6951617002,-0.2094625682,0.860889256,0
0.10850986,0.1912789314,0.4326191702,-2.086833715,1.162739515,0.7681865692,0.06874337792,0
0.01415709132,0.04780020419,0.2389649036,-1.858737469,1.582101583,-1.393855929,2.094395161,0
-0.113543748,0.1779202468,0.313444648,-1.00275898,1.446865082,1.178503275,-1.68083334,0
-0.1257452071,0.2424511433,0.03258632016,-1.092345953,1.555148244,1.524312615,1.882388711,0
-0.1350107661,-0.2558651464,0.3775946606,-2.05632925,-0.392051965,0.8352184296,0.4890318215,0
0.04520881655,-0.3209464941,0.2933714109,1.71073699,1.750853658,0.7785322666,-0.4824260175,0
0.2986567212,-0.07430265783,0.2246327813,-0.243838191,-0.112161085,0.2413066179,-0.4241195321,0
-0.3378548729,0.02001859376,0.1590852686,3.082419395,-0.3730480075,0.05481801182,0.2233980894,0
-0.201040683,-0.03621168359,0.2752419715,-2.963021517,0.09777843207,-0.5205380321,1.586491704,0
0.2683660113,-0.2305478152,0.1413484891,-0.7094726562,-0.6321154833,0.6857962608,-0.6867917776,0
0.01018270313,-0.3110366075,0.3435041594,-1.538070321,-0.4231942594,0.7092705369,0.5371564627,0
0.2085553865,-0.2039863338,0.1463487047,-0.7743061185,-1.12096715,0.4699358046,1.976146698,0
0.3282913648,0.0007983949935,0.189400629,0.002431568224,-0.2702241242,-0.002354056574,0.3254753351,0
0.2725540923,-0.03390978135,0.1009536492,-0.1238274649,-0.09505652636,-0.4945613444,0.1727006435,0
-0.2002646512,0.01520131124,0.2412000692,3.065832853,0.1311978847,-0.7360457182,1.604829788,0
0.01488375528,-0.2029924114,0.07220317234,-1.498561978,0.1540554315,-1.098114133,0.5995904207,0
-0.088265628,0.1024019993,0.4535812959,2.282382011,0.1508880556,0.5231345892,0.8677993417,0
-0.3009386001,0.1729457337,0.3100362202,2.61999464,-0.7025621533,1.344414115,-0.4404996336,0
0.0226292518,-0.1748520151,0.1792717894,1.699500322,2.181661606,0.4525905252,-2.087799072,0
0.06777943809,0.308874139,0.1127935044,-1.786812544,2.181661606,0.02810004354,1.521300793,0
-0.2908303081,-0.2110715493,0.07630313896,-2.513789654,-1.797904611,1.489151955,1.125338674,0
-0.0007641804211,0.04964847276,0.2353719251,1.587116838,1.540988326,-1.560541391,1.378165007,0
0.05377911917,-0.3315561075,0.2452293312,-1.4098804,-0.4801052213,0.9358172417,-0.8142324686,0
-0.162544836,-0.3501353671,0.1910670601,-2.005414009,-1.125864863,1.044734836,0.7282599211,0
0.008942627366,-0.355212194,0.0707807492,1.595951557,1.555959821,1.369261861,1.227065802,0
0.07060535182,-0.08645295251,0.07078960031,-0.8859587908,-0.1348051578,-1.695672393,1.774867415,0
-0.06087675516,-0.1045411414,0.4292637913,1.043461084,0.1773012877,1.482884884,1.251276016,0
0.2082962152,0.1855037057,0.1415485494,0.7277140021,-0.0792048797,-0.04751566425,-0.6197036505,0
-0.07811182563,0.02377981222,0.2050308109,2.846051931,0.7954689264,-0.1747451872,-1.920493364,0
0.2515701413,-0.243111706,0.2516510639,-0.7682992816,-0.4792580307,0.8071301579,-0.446103096,0
0.2457909137,-0.1985321109,0.04071024764,-0.6794201136,-0.5975972414,-0.1611809134,0.306037873,0
0.0767359373,-0.009341306538,0.4116408655,3.020419359,1.250296116,-0.2226413488,0.9042753577,0
0.2304657688,0.2882814815,0.05139952051,0.8962570429,-1.064066768,0.3769579232,0.7673822641,0
0.1122010677,-0.2658591327,0.03555743602,-1.171841264,-0.4472299218,-0.2339086384,-0.08701659739,0
0.3546818987,0.06664633933,0.05610464563,0.1860918105,-0.861219883,0.5985669494,-0.4690293968,0
-0.298530168,-0.0244811691,0.181729563,-3.059780121,-0.2900733054,0.5042704344,-1.018513203,0
-0.2694517818,-0.1956749195,0.3257008044,-2.51350069,-0.6296254992,0.924082458,0.5248954892,0
0.07697038093,-0.3426539484,0.1250691372,1.791615009,2.177440643,1.030654192,-1.05562067,0
-0.3551407861,0.07085153522,0.1106823196,2.944675446,-0.8038325906,0.8343798518,-0.7579118013,0
-0.09005734964,-0.2013874822,0.3107574893,-1.991306305,0.05231842026,-0.2449599057,1.36911869,0
0.08346846606,0.1585533016,0.2565454825,1.086151958,0.1630364507,-0.7320036292,1.777746439,0
-0.1465410824,-0.2820435109,0.3235526733,-2.049977779,-0.4146261215,0.5917237997,0.6022017002,0
0.1097331233,-0.003174807417,0.3021429156,-0.02896516025,0.376249969,-0.655626595,2.033819437,0
0.2237521519,0.01868080324,0.2759338824,0.0834466666,-0.4721794426,0.19015567,2.012990475,0
-0.2957795374,-0.1764633892,0.2455794361,-2.603672504,-0.5178275704,0.9454154968,-0.7110376358,0
-0.1450969961,0.1981010778,0.14192899,2.20298028,-0.2995293438,0.4507438242,-1.545992494,0
-0.001518859118,-0.00742293302,0.4044693859,1.433827758,0.8895149231,-0.2510479391,1.379310369,0
0.2171948286,-0.3361552593,0.03163453395,2.144435406,2.075098753,1.007230163,0.3846313357,0
0.1473564712,0.2107580576,0.2102209705,0.9607954621,-0.04941771552,-0.545029819,1.211724997,0
0.2310603147,-0.04451298888,0.344275447,-0.1895931512,0.1437758952,-0.04901445657,0.8196783662,0
0.08125916598,0.2611726163,0.254381105,1.269149542,-0.2249219418,-0.1697598994,1.306438923,0
-0.1962913978,0.3365666565,0.06791935388,2.098772049,-1.080320001,0.6153616309,0.4386038482,0
-0.1797262509,0.2014368669,0.1536014352,-0.8423849344,1.116596937,1.526966929,1.942464828,0
0.03215708427,-0.379622877,0.1877536487,1.655302525,1.651335955,0.8795214295,0.8081328273,0
-0.1274564564,-0.1620554998,0.1195834962,-2.236995459,0.2569528818,-0.4213396311,-0.8768062592,0
-0.2212907163,0.03591427961,0.2297445808,-0.1608917117,1.666556478,-0.1888128966,2.094395161,0
-0.2318403021,-0.09689416102,0.1429030513,-2.745694637,-0.0415418148,0.03468720242,-1.019657373,0
-0.1773491923,0.08997624603,0.3125368281,-0.4694757462,1.422001839,-0.120077312,1.765635014,0
-0.005958541976,-0.2055346179,0.4217655903,-1.599774957,-0.0704061836,0.5679268837,0.824339807,0
-0.1447557244,0.184796404,0.2465454561,2.235214472,0.07259557396,0.4585775137,-1.305298686,0
-0.04029376663,0.1591235226,0.4574688395,1.818874359,-0.060472399,1.39048171,-0.7396122813,0
0.2342643117,-0.02632944406,0.1835738082,-0.111936003,0.1497024447,-0.8057715297,1.043691874,0
0.1708226141,0.004853346029,0.2799592873,0.02870557643,0.2641109526,-0.6812878251,1.68260324,0
0.1613705072,0.2719304299,0.2625725443,1.035230041,-0.488856256,0.2789888978,1.097720981,0
0.03361045791,0.101403834,0.1522232813,-1.890845418,-0.2195032835,-1.824612141,-1.75259757,0
0.2606984542,-0.07034744351,0.188888418,-0.2635750175,0.09080853313,-0.0611231029,-0.5743830204,0
-0.3027478507,0.01466490725,0.1769959009,-0.04839106277,1.052675247,1.570344806,1.575873494,0
0.07474807629,0.04909878387,0.2756962983,0.5810006261,1.000838995,-1.168011665,1.4543432,0
0.192733096,0.2264228677,0.3069455347,-2.275992393,1.615914106,0.286057651,0.9458991885,0
-0.2481495996,0.3155352312,0.1110467833,2.237214565,-1.103391528,0.8388235569,0.381293267,0
0.1823537949,-0.09422265593,0.43696062,-0.476921469,-0.08759274334,0.7204011679,0.6019631028,0
0.04407555477,0.1123681802,0.08745017451,-1.945978165,0.6761441231,-1.903829455,-2.062160969,0
0.0888980711,0.3331218706,0.1661085506,1.310091734,-0.6665725112,0.156252116,0.9997241497,0
0.1204605134,-0.05306042486,0.1847168307,-0.4148748517,1.45436728,-1.444154859,0.3650079072,0
-0.261643082,0.156392332,0.3472384746,2.602835894,-0.3021977544,0.9224886298,-0.3739747405,0
-0.2172130654,-0.2836035808,0.3015901897,-2.224398375,-0.7518064976,1.084330797,0.2808677554,0
0.05644657782,0.06093403202,0.3885011041,0.8236076832,0.996733427,-0.3870921433,0.4773638248,0
0.2726254492,0.1729323428,0.3346071575,0.5652793646,-0.5073395371,1.20006597,-0.5031165481,0
-0.08087410976,0.2014306996,0.3591555279,1.952597618,0.3440113068,0.2833690047,-0.411765337,0
-0.3523524218,-0.01951123295,0.3156086552,0.05531769246,1.264602542,1.252578497,0.1238629669,0
0.08290624202,-0.3465140032,0.2990375514,1.805639625,1.450711727,1.17106998,-0.2264151722,0
0.1800087475,-0.1600802349,0.3167872078,-0.7266888618,-0.2509282529,1.276627064,-1.511926174,0
0.0996433359,-0.2689105045,0.3507590898,-1.215889573,-0.2550552487,1.019859791,-0.680362463,0
-0.3284548848,0.1109830541,0.2719978033,2.815836191,-0.7627712488,0.7814028263,0.8673417568,0
-0.06095711758,-0.3429822902,0.3180835689,-1.746686578,-0.7094650269,1.110054612,0.2297159582,0
0.04692052631,0.3770687885,0.179356181,1.446995139,-0.8854836226,0.6454073191,0.7024693489,0
0.2192352889,0.2220911014,0.3203315032,-2.349723816,1.520413876,0.5180444717,0.7227993608,0
-0.3456624195,-0.02945034102,0.2806195415,-3.056597948,-0.6262381673,0.6858462095,0.6614190936,0
-0.3511395514,0.1211465592,0.02121025422,2.809620142,-1.025911689,0.5668090582,-0.09233546257,0
-0.1573716646,-0.2902591931,0.3198049054,-2.06756568,-0.4019365311,0.7080414891,0.1859200001,0
-0.0715271055,0.2009709972,0.05313832451,1.912605286,-0.3817892075,-1.013271332,1.33971107,0
-0.04377337259,0.1585282251,0.4472327175,1.840206742,0.09266124666,0.5533270836,0.7274512053,0
-0.01051148759,-0.285788797,0.3693752179,-1.607578635,-0.186690554,0.6482208967,0.1635776162,0
0.2194442416,0.00222339014,0.2716821233,0.01045007352,0.2757149637,-0.5771712661,1.101802826,0
0.3654190262,0.1188775548,0.06052497625,0.3145197332,-1.048805118,0.8896305561,-0.437348038,0
0.1083545832,0.2474350954,0.07405208545,1.158035159,-0.3767086267,0.1118433475,-0.9526524544,0
-0.2055967003,0.04350543898,0.08265818303,2.933105469,0.1977403909,-0.642198801,-0.4947035015,0
-0.0733651025,0.003184935844,0.3580477568,-0.04364865273,1.452970266,-0.6428195238,1.253666759,0
-0.06962606226,0.0801790044,0.4810180781,2.285867214,0.1747326553,0.741966784,0.6011412144,0
-0.02595705094,0.3390640555,0.02944724854,1.64720428,-1.001134753,0.8371265531,-0.9420809746,0
0.241065455,-0.05181944802,0.3455898967,-0.2117454857,0.2047717869,0.3056846559,-0.288248688,0
0.2796102882,-0.03079040754,0.1362742388,-0.1095362157,-0.4656207263,-0.4477799535,1.407336831,0
-0.129225721,-0.3078804118,0.1853499286,1.173399091,1.962235093,1.128673911,-1.207490444,0
-0.07868524489,-0.1213612286,0.4200185402,0.9955714345,1.170973301,0.8957926631,-0.9686066508,0
-0.2473046991,0.07394379794,0.09956762155,2.851054668,-1.858695388,1.570796371,2.070458651,0
0.116488835,0.04879010974,0.2474447449,0.3966405988,0.7020153999,0.01321576163,-1.565613985,0
-0.3487514872,0.01013101356,0.1676679175,3.11273694,-0.5133670568,0.5886178613,-0.5849653482,0
-0.1741322853,0.001625823963,0.4213536682,3.132289886,0.07244984061,1.175674796,-1.012161732,0
0.3081236049,-0.2420702321,0.03382711395,-0.66591537,-1.334048748,0.8186137676,0.5622944236,0
-0.2754565595,-0.02069942777,0.08269272531,-3.066588402,-0.2522298694,-0.5767844915,0.5942751765,0
-0.2051672555,-0.1711558207,0.3909049792,-2.446300268,-0.4130904675,1.446485519,-0.7278977036,0
-0.0120567127,0.3878712376,0.1125473863,1.601870537,-1.012793064,1.103569627,-0.6160853505,0
0.2295011041,0.1232382656,0.3981478436,0.4927946925,-0.2663695216,0.7431702614,0.5737878084,0
-0.04350262904,-0.217227826,0.1413273819,-1.768444657,0.3726697862,-0.9279628992,0.44850263,0
0.3120965435,0.01560988547,0.3270388537,0.0499740541,-0.4204017818,1.136797905,-0.6897841096,0
-0.02368832699,-0.2982567147,0.123162311,-1.650052309,-0.1970464736,-0.3408175111,0.3096079528,0
-0.3585820052,0.02745647263,0.1216875983,-0.07642254233,2.054041147,1.254520178,-1.107140422,0
-0.1245203797,0.281323514,0.2266175286,1.987477303,-0.07496391237,0.1080950424,-0.1773446649,0
0.01182583488,0.1937656518,0.3713173224,-1.63174808,1.274633527,0.107193023,1.338405252,0
0.01046364444,-0.260878973,0.4187204875,-1.530708909,-0.3438011408,1.129229069,0.03379704803,0
0.2301131231,-0.07377317831,0.2630719616,2.831347227,2.045743942,0.4750152528,-1.181694984,0
-0.1184683324,-0.3228114894,0.2293534319,-1.922954082,-0.7084520459,1.288927674,-1.050170422,0
-0.0382364517,-0.304619621,0.05535980415,-1.695582032,-0.6655924916,0.4329876602,-0.9357632399,0
0.2094306832,0.1261760107,0.260581897,0.5420791507,0.06699800491,0.4788218141,-1.176357388,0
-0.1229007069,0.05175371533,0.3381665063,2.742637396,0.4507236183,-0.5015171766,1.553308368,0
0.1019077594,0.04815581127,0.4664132188,0.4400972724,0.2518909574,1.111156225,-0.72929883,0
-0.1233385267,0.2639092589,0.3162280443,-1.133608103,1.520127416,1.159584403,-1.028262138,0
-0.06028924546,-0.109013546,0.3863952978,1.065621972,1.173814654,0.9831098914,-1.44060111,0
0.03628179674,-0.3755798859,0.08145970598,1.667099595,2.122724056,0.54913342,0.8742096424,0
0.04752276619,-0.1715422242,0.2226363741,1.84108603,2.146049976,-0.9458108544,1.733846545,0
0.2679960225,0.0285850575,0.2956337375,0.1062607467,-0.4866979122,1.496887922,-1.523399949,0
0.2262250142,0.3085396692,0.1179141297,0.9381057024,-0.8179153204,0.4912005067,0.2638860643,0
-0.3769474506,0.1511605803,0.1650954017,2.760213852,-1.144294143,1.340394139,-0.2151792198,0
-0.2139176055,-0.02643606895,0.1271980241,-3.017858267,0.2644400597,-0.4216342866,-0.7764906883,0
0.1670268848,-0.03142980318,0.2730829844,-0.1860160381,0.4899807572,0.2081139237,-1.351379395,0
0.2651858323,-0.0176361105,0.1438239059,-0.0664806515,-0.07020971179,0.02956623398,-0.8675646186,0
0.127042261,-0.3368113874,0.07935616754,-1.210114479,-0.9585165977,0.262460947,0.9168763757,0
0.2264886371,0.02073553314,0.1347089742,0.09129755944,0.3561781347,-0.8040601015,0.1324607283,0
-0.1747529371,0.1492871732,0.3073415616,2.434412956,0.294636488,0.2734901905,-0.7624645233,0
0.01057954937,-0.1368767434,0.1370381587,-1.493661284,0.5901334286,-0.5122494102,-1.371008277,0
0.05510399509,0.03184741591,0.3858509119,0.5239171386,0.5273296833,-0.2057642341,1.658740878,0
0.1229028368,0.1424130517,0.3117445209,-2.282797337,0.7894481421,0.9085524082,2.094395161,0
0.1135789134,-0.2725879839,0.1328523155,-1.175995469,-0.3623238206,-0.4186668694,1.023293972,0
-0.07551552791,-0.08122463011,0.3909336974,-2.318637848,0.5447722673,-0.2452471852,1.229099989,0
0.25583972,-0.08589707787,0.301210301,-0.3239117265,-0.2814624012,1.12836194,-1.297301173,0
0.2942881015,-0.2232914639,0.0512805513,-0.64908427,-1.130331516,0.4359406829,0.8629561663,0
-0.1354312734,-0.1050630095,0.2012829684,0.6598148942,2.119377375,-0.9878510833,1.989750624,0
0.3032040842,0.2565254422,0.09098551849,0.7021912336,-1.164295554,1.221168637,-0.5382410288,0
-0.2304047746,-0.1136308425,0.1261141568,-2.683411598,-0.647402823,0.8949025869,-1.861255288,0
0.1978746381,0.06301205516,0.08092946021,0.3083177507,-0.03678899258,-0.271374613,-1.064257741,0
-0.2811069915,-0.1299895878,0.1742755331,0.4329728484,2.037781954,-0.01807226241,1.445286274,0
0.1631661982,-0.3350691426,0.1827442443,2.024026871,1.773073792,1.378187895,-0.9001879692,0
0.08464728427,-0.2707310256,0.2508683353,-1.267764091,0.03594240546,0.2237659991,-0.546975553,0
0.1581486017,0.1482875844,0.03833444054,0.7529121041,-0.144364655,-0.9560912251,0.6241384149,0
0.1306738056,-0.2421399641,0.3554134553,-1.075924635,-0.02182461508,0.4993933141,-0.08894129843,0
-0.2508506204,-0.27050796,0.2492351765,-2.318510056,-0.7018322945,0.7479249239,0.4391029477,0
0.1061742853,-0.333026532,0.3096320764,-1.262167215,-0.6251247525,0.9652613997,0.201351881,0
-0.008269032103,0.01001752799,0.07930268248,2.241544247,-0.7996742129,-0.8517007828,-2.094395161,0
0.08929511061,-0.1829133294,0.4142612134,-1.116953254,-0.09343738854,1.300145984,-0.9754539132,0
0.08417478373,-0.01105484307,0.1517368515,-0.1300812662,0.8280459046,-0.5323453546,-1.747675419,0
0.3642862895,0.01929534098,0.1364332738,-3.088643074,2.06933713,0.3712568879,0.9467405677,0
-0.09509978943,-0.111526147,0.3314478507,0.8647537827,1.953247666,-0.07359480113,-0.6846396923,0
0.362950126,0.08358634363,0.2669257472,0.2263503671,-0.8110547066,1.019559503,0.3159551322,0
-0.1794417858,-0.07660222299,0.1727233475,0.4034718275,2.181661606,-0.8498494625,2.074433804,0
0.1358068713,0.1084123439,0.02225771731,-2.467999935,-2.18082118,-0.9964293838,-0.09839288145,0
-0.2225672173,-0.007829151573,0.1099242879,-3.106436014,-0.1617409289,0.07435906678,-1.366340399,0
-0.1435255303,-0.3404632094,0.2179324913,1.17184329,1.750258684,0.6415324211,0.7060878277,0
0.1806801979,0.2514370741,0.1032315518,0.9477232099,-0.7591615915,0.9042559862,-1.393589497,0
-0.1850595988,0.3066673121,0.3074059265,2.113751411,-0.8201900721,1.28020978,0.09392353892,0
0.1097907156,-0.07883323141,0.03222917797,2.518866777,-1.638325214,-1.398765802,0.05553267151,0
-0.08318062868,-0.01945006991,0.2068130685,-2.912214518,1.542380929,-0.7844033837,-1.09319973,0
-0.08096488889,-0.2416281134,0.3165519063,-1.89411509,0.0190732982,0.674025774,-0.9456592202,0
0.2881435296,0.1760199958,0.1593931005,0.5482946634,-0.3543912768,0.1443892419,-0.05205489695,0
-0.1729240337,-0.1124591291,0.0490613382,-2.564969301,-0.47738415,-1.029679179,1.504448414,0
-0.1957264736,-0.05567619596,0.3373211125,-2.864902258,0.5162220001,0.004003655165,-0.3165880442,0
0.170521489,-0.2984045006,0.07927870655,2.08996892,2.155475378,0.3199408352,1.334614038,0
-0.1470897332,0.04768612654,0.3198533243,-0.3133617938,0.3320856094,1.56855917,1.98637414,0
-0.3058342583,0.2208927136,0.257698497,2.516080856,-0.8549748659,1.051274657,0.3067837059,0
-0.1903968188,-0.1066153449,0.2569495136,-2.631143093,0.5036927462,-0.1992166042,-0.5471112728,0
0.2147711365,-0.2762895633,0.2029866786,-0.910025835,-0.6625757813,0.3289782107,0.9313120246,0
0.128644943,-0.1488079912,0.3940860069,-0.8579468727,0.2694864869,0.6269816756,-0.6624965668,0
-0.2273850528,0.01449095763,0.02469264023,3.077952623,-0.7554237247,0.4015256166,-1.571712136,0
0.1459541228,0.3082766693,0.246875379,-2.012862921,1.781264186,0.3849769831,0.8470588326,0
0.2255527115,-0.1739103693,0.07973392857,-0.6568329334,-0.9547570944,1.135309458,-1.777595758,0
-0.2828244031,0.2829758154,0.1790313266,-0.7856663465,1.703328729,1.03211987,0.3515495956,0
-0.1719191006,0.0121576978,0.1025564745,3.070993185,0.2910012603,-1.365758538,1.122902393,0
-0.09713838836,0.3208247899,0.2000350427,-1.276793242,2.017420769,0.1371199638,0.9964475036,0
-0.05548971536,0.1081336928,0.2816496255,2.04494071,0.587208569,-0.9383670688,1.706769228,0
0.2761474645,0.05296538757,0.3301849862,0.1896924973,-0.2068205029,0.268352747,0.8780367374,0
0.3623041084,-0.05712027195,0.1490483317,-0.1563717425,-0.6504671574,0.6461164355,-0.4273166656,0
0.01730970785,-0.3278209473,0.1327178119,-1.518049955,-0.7874129415,1.076311707,-1.322815657,0
0.03897585824,-0.3328573756,0.2998165477,1.687361002,1.700819135,0.6931083202,-0.06678956747,0
-0.3640945976,-0.1249630248,0.0750169931,-2.810832739,-1.131669402,1.172702789,-0.7154733539,0
-0.1907906978,0.08123565724,0.09717802881,2.739058018,-0.1857496947,-1.080722094,1.455238223,0
0.2011127551,0.1157538091,0.1385743483,0.5222599506,-0.3382142782,0.4951272607,-1.717126369,0
-0.3355739663,0.2286955314,0.03319079126,2.543387413,-1.430116177,1.22375083,-0.06038850173,0
-0.1576881454,-0.01635688347,0.1268426198,-3.038233042,-0.2412023246,0.1710933149,-2.094395161,0
0.38526861,-0.1393344697,0.153956823,2.794572353,1.672810078,1.275189757,0.1045345515,0
-0.01151468831,-0.1340093624,0.4132301664,-1.656511784,0.3800831437,0.8539874554,-1.048457503,0
-0.0450191072,-0.1869803374,0.3482854024,-1.807060719,0.2687485516,0.6650318503,-1.153829575,0
0.1516198278,0.0329747336,0.2503904237,0.2141899616,0.3898296356,-0.9587882161,1.703007817,0
0.2552284362,-0.04135567582,0.369181473,-0.1606379896,-0.2228877246,0.460274905,0.9150563478,0
0.001535590441,0.01924524806,0.2523129372,1.485020518,1.184631228,0.01808501035,-1.976950765,0
0.3189699365,-0.1044649297,0.1452805017,-0.3164964616,-0.8032987118,0.1545246989,1.280724049,0
0.1260002225,0.3046627164,0.2073150569,1.178645134,-0.2682532966,0.05647299439,0.3391845822,0
-0.009701212993,-0.3437662011,0.07136586244,-1.599008799,-0.9006428719,0.08991225064,1.016467333,0
0.1449133342,0.1747238309,0.1183982533,0.8783731461,-0.08188676089,0.008995790035,-1.243967414,0
0.07556279435,-0.2654839077,0.08453256756,1.848080754,1.364338994,1.534252167,1.923581719,0
-0.2143190558,-0.2879025673,0.264103126,0.9308805466,1.714195251,0.9414277077,-0.34035936,0
0.2777985953,0.1274440516,0.1562816951,0.4301657975,-0.4535974562,-0.2573594749,1.167966247,0
0.02942327168,0.03945111119,0.4397152869,0.9304263592,0.01883182675,0.8447659612,1.51654017,0
0.03220892798,0.3637818138,0.06407940196,1.482430339,-0.9314296842,0.2750608623,0.659437418,0
-0.08565578161,0.110464593,0.1646051421,2.230349064,0.8537849784,-0.6099275351,-1.141409159,0
0.08511010526,-0.1760054049,0.03259127582,-1.120382428,-0.6746223569,0.2465882599,-1.707606316,0
-0.08129458683,-0.3372201775,0.2983480451,1.334237218,1.491311312,0.8069114685,0.4841209948,0
0.03853358215,0.1234578126,0.4023557514,1.268242717,0.5972421765,0.461368233,-0.7793092132,0
-0.02744269618,0.05994600055,0.07395263377,1.997581124,2.162619352,-1.423008919,-1.575948238,0
0.003609809138,-0.1470808534,0.1110897308,-1.546265841,-0.2768707573,0.06084470823,-2.094395161,0
0.135113348,-0.07503013595,0.4635462126,-0.5073778033,-0.130683884,1.55418539,-0.7681470513,0
0.3697329149,0.09065403671,0.08970244159,0.2404456288,-0.8587387204,0.4941345453,0.1408044696,0
-0.05034215683,-0.06045387925,0.3774806206,-2.26518178,-0.5665569305,1.570796371,1.807124734,0
-0.1591277457,-0.1115126443,0.1644677469,-2.530439138,0.6256155372,-1.102768302,0.5802373886,0
0.07308787955,-0.3133258009,0.185585265,1.799986839,1.149469733,1.41163981,1.462920785,0
0.01531862407,-0.2542980602,0.08468754255,-1.510815859,-0.7661743164,0.8235033154,-1.830096126,0
0.3026518403,-0.09200070489,0.1393587533,-0.2951061428,-0.7401165366,-0.02933112532,1.421859384,0
-0.02176364902,-0.2559468111,0.3395132613,-1.6556108,-0.06984064728,0.8759253025,-0.9470152855,0
0.02721859597,-0.2284569974,0.166918862,-1.452212572,0.1484354734,-0.05248393491,-1.05827415,0
-0.176686405,0.1323560706,0.03033682501,2.499368906,-0.1130687073,-0.6919184327,-0.1154037863,0
0.3083587372,-0.2508559461,0.08924675603,-0.6829260588,-1.184767127,0.808717072,0.5528557897,0
0.3812424879,0.1549719217,0.063899884,0.3860900998,-1.431944966,1.276592612,0.09880839288,0
0.05289035217,-0.2427132015,0.1283516733,1.785355091,2.181661606,-0.3715868294,2.057857275,0
0.3070447976,0.2085816056,0.06002446401,0.5968218446,-0.8712088466,0.506545186,-0.1330952346,0
0.2468405368,0.1530050081,0.1818367766,-2.586703539,2.151711702,0.8377968669,-1.419073462,0
-0.1229024687,-0.2159230329,0.0302131939,1.053335071,1.569975019,1.570796371,2.067703485,0
0.006494681926,0.05040733304,0.2687345131,1.44114542,0.9022557735,-1.197202802,1.983885527,0
0.08413128744,-0.2245652782,0.02472252407,-1.212341785,-0.611287117,0.1985612959,-1.245257139,0
0.3138542992,0.1729877166,0.0368662621,-2.637850285,2.10749197,1.570796371,-1.199380517,0
0.3031173371,0.009908655109,0.3513635514,0.03267749771,-0.4036513269,0.6989560723,0.5933071971,0
0.1651008485,0.3430287182,0.2541108189,1.122217655,-0.8449335098,1.191681147,-0.12075454,0
0.0609264161,-0.2356164643,0.202049681,-1.317611098,0.3359277546,-0.3101249337,-0.4189890623,0
-0.121660506,0.0971202395,0.1548491064,2.465615273,0.4428202808,-0.2958815396,-1.441357136,0
-0.2949055787,-0.07542305742,0.1772144738,-2.890470028,-0.1952846646,0.2536294758,-0.6795083284,0
-0.0008123889731,0.1315053141,0.4701917331,-1.56461978,0.9236245751,0.9475308657,-0.404276371,0
-0.1258724199,-0.2638939821,0.08510907892,-2.015820742,-0.2829028964,-0.1332697868,-0.3401587307,0
-0.04931049926,0.1075064202,0.0975810388,2.000856161,1.229942322,-1.19855845,-0.8330599666,0
-0.3132775074,0.1380153645,0.07554288859,-0.4149701297,2.181661606,0.2953273654,1.331300378,0
-0.328525787,0.04630111593,0.2116644024,-0.1400112808,1.722877979,1.420716763,-1.310794711,0
-0.3063842543,-0.08493069064,0.06182851833,0.2704132795,2.181661606,0.249878183,1.628429174,0
0.2293327149,0.1717565771,0.1236114639,0.6428104043,-0.1042979658,-0.4276686013,0.2596733868,0
0.1546867761,-0.2244134359,0.1754450815,2.174260616,2.148644447,0.8726373911,-1.623541951,0
-0.1294849853,0.175072562,0.2423521605,-0.9339281917,1.956576109,-0.565523386,1.673859,0
0.2261796635,0.1330408431,0.1280704659,0.5317342281,0.08213876933,-0.4649462104,-0.10851188,0
-0.1804682762,0.1442504047,0.1445921236,2.467377424,-0.2195193172,-0.8297829032,1.579577923,0
-0.05313497148,-0.4012536997,0.05728590159,-1.702452779,-1.328437924,1.005345225,0.3158849478,0
0.2744416725,-0.07028264387,0.08283711956,-0.2506583631,-0.2637041509,-0.5031837225,0.4729759395,0
-0.2152441097,0.1162312283,0.1594023666,2.646651268,-0.0194558166,0.1200562045,-1.157830119,0
0.1252934694,0.2611985244,0.3406433661,-2.018059492,1.429232001,0.4830104113,0.8499051929,0
0.02158132821,0.01881243223,0.1362423783,0.7174314857,2.167877674,-0.9999065995,-1.733306289,0
-0.2469077544,-0.07804562092,0.2750407065,0.3061602414,1.878969193,0.7296119332,-1.226587057,0
-0.3161299579,-0.1436016522,0.1042395264,0.4263658822,2.116911411,0.2950643301,1.265793204,0
0.2423115945,-0.2276624604,0.1082297928,-0.7542355061,-0.7798706889,-0.002828985453,1.171546578,0
0.02043222517,-0.295089002,0.2349307512,-1.501632333,-0.07903080434,0.3298949301,-0.6471399665,0
0.02287072909,0.272392072,0.08694378072,-1.654540658,1.361688018,1.525404453,1.9541291,0
0.3129515815,-0.1407299218,0.06031363001,-0.4225623906,-1.138676524,1.287214279,-1.288852572,0
0.003659217355,0.1106031823,0.4260423249,1.538601756,-0.01316893473,0.6006237864,1.482621789,0
-0.06311247095,0.1276974627,0.3962902356,2.030285835,-0.1815974712,0.6168335676,1.664316177,0
0.06974072506,0.290679216,0.1346073444,1.335317016,-0.2815154493,-0.4000227451,0.7780838609,0
-0.129995449,0.1635129839,0.1569295414,2.242689848,0.5772258043,-0.896363318,0.1114924476,0
-0.01553198896,-0.1628843181,0.02029495438,1.476150513,-2.137141943,-0.8769286275,-0.450868845,0
0.2100061012,0.2310294412,0.3306453233,0.8330310583,-0.3238281012,0.5490623713,0.46349895,0
0.08205107244,0.1876931172,0.4156843484,1.158533812,-0.05614759773,1.215030313,-0.8984136581,0
0.2105433278,-0.29636899,0.1738743886,-0.9531112313,-0.7215581536,0.356951654,0.7748403549,0
-0.300395032,-0.06836660415,0.3548533557,0.2237773389,1.435228348,0.8646606207,-0.08301409334,0
0.09189877857,-0.1397520109,0.3614256616,-0.9890637398,0.6913682818,-0.1122020334,-0.1258732826,0
-0.03029664068,-0.03948504909,0.4449796307,0.9171972275,0.712407887,1.249809623,-1.251880407,0
-0.1298980122,0.1316787358,0.3033592738,2.349383593,0.6461856961,-0.08474033326,-0.6556261778,0
0.04286517614,-0.2210637887,0.07381182378,-1.379255891,-0.2375166118,-0.9692627788,1.17828846,0
-0.0559611636,0.3146202716,0.1349095685,1.746824265,-1.00451684,0.2905724347,1.637944102,0
-0.09608259334,0.1879110582,0.3241005889,2.043323278,0.3699430227,0.2960671782,-0.8113757968,0
-0.1559108998,0.1179615283,0.1741796962,-0.6477089524,2.181661606,-0.8500712514,2.060204744,0
-0.1314261859,0.2103511807,0.06039195255,2.129247904,-0.2614545524,-0.7901082635,0.8132410049,0
-0.2120506235,-0.1186253866,0.2599131412,0.5098463893,1.843645811,0.8530944586,-1.537441134,0
0.1239077342,-0.2387698712,0.3718423921,-1.092110276,-0.2488619089,0.5431324244,0.7608175278,0
-0.06727827184,0.07019413166,0.3375739108,-0.8064937592,1.980219245,-0.6707127094,0.2872454226,0
-0.264278077,-0.117216821,0.1573728636,-2.724649429,-0.07594509423,-0.4252158403,0.4895381331,0
-0.1533168719,-0.08839694193,0.3701177778,-2.618765116,-0.7913224697,1.466651201,1.542555332,0
0.2559442448,0.08225273608,0.1658288838,0.3107226491,-0.3310306966,-0.5020055175,1.443050027,0
-0.3359820802,-0.08965852561,0.0209489714,-2.880822659,-1.885638714,1.344937205,1.233792901,0
-0.2014596825,0.2201954964,0.2464155718,2.311967134,-0.3595541716,3.531947732e-05,1.202095866,0
-0.1565601264,-0.2117287635,0.3760120928,0.9344246984,0.8038198948,1.226469517,0.9825839996,0
0.1210477776,-0.1123756862,0.08154023676,-0.7482616305,0.1710155308,-0.4849022031,-1.180815697,0
-0.03096814854,0.04067918515,0.303067813,-0.9201161861,1.19101131,-0.8312473893,2.094395161,0
-0.01685001396,-0.216813228,0.07475968296,-1.649116397,-0.5542086959,-0.9069820046,1.756532073,0
0.3359869448,-0.0337729429,0.03012321613,-0.1002393141,-0.7854524255,0.03386220708,0.386698842,0
0.1146972654,-0.04664489037,0.1896707097,-0.3862542808,1.066718698,-0.6256954074,-1.134239912,0
0.2152428019,0.110141517,0.3099503519,0.4730899036,0.02239400893,-0.1666019708,1.160842896,0
-0.07537277564,0.2699757971,0.08619877306,1.843046784,-0.786796391,0.8810513616,-1.6440593,0
-0.03582952851,0.05179650305,0.2508495531,2.175958157,0.8117105365,0.1438422799,-2.041413069,0
-0.0566879479,0.2492776155,0.2652001122,1.793989062,0.1971118748,0.1624758691,-0.6723336577,0
-0.1088783276,0.02519819505,0.3273763639,-0.2266106904,1.134609222,1.140688539,-2.091139793,0
-0.07147970824,0.05475691458,0.2029309068,2.487898827,0.5636389256,-0.041652482,-2.086224318,0
0.1968258568,-0.1926042364,0.1433509081,-0.774558723,-0.5251762271,0.7860279679,-1.587146759,0
0.08303787845,0.05588877891,0.353564576,0.5927798748,0.5915842056,-0.5080558658,1.548925281,0
0.1532881474,-0.3441116455,0.2615643048,1.98986876,1.475227356,1.087708473,0.2806664705,0
0.03242576628,-0.02184759765,0.3503808476,2.551115036,1.788343549,-0.5794304013,-0.0418404527,0
-0.1911850803,0.1854634293,0.4127314501,-0.7702082992,1.019170284,1.297507763,-0.2599241436,0
-0.1090638157,0.1418425293,0.4001084204,2.226129293,0.1825944483,0.1354965866,1.034199119,0
0.2796061364,0.1303766119,0.3168614692,-2.705271244,1.55363071,0.4494258761,0.7727119327,0
-0.06074407858,-0.09330050886,0.1310287652,-2.147911072,0.2446593046,-0.2999800742,-1.91599834,0
-0.06022284857,0.3960604662,0.1596015326,1.721695185,-1.055150747,0.9462459683,0.3848794401,0
-0.01150248048,0.3122096582,0.05144251744,1.607618809,-0.5656999946,-0.2424105704,0.4863825142,0
-0.1316291027,-0.06874525671,0.1862330848,0.481300205,2.181661606,0.2542051375,-2.087743044,0
-0.3503835471,0.07397041542,0.2193625757,2.933521748,-0.6647833586,0.4589450657,0.7655091882,0
0.2422898736,0.03411071355,0.1561646688,0.1397293806,0.1185916141,-0.1335834563,-0.8360838294,0
-0.0695340709,0.06323084104,0.2302706337,2.404060602,1.027394056,-1.424674273,1.51351583,0
0.04083718386,0.1342643635,0.0777009833,1.275356054,0.4508159161,-0.7700209022,-1.045791626,0
-0.1023907521,0.03627566808,0.342988279,2.801176071,0.581502974,-0.566914022,1.55711031,0
-0.2928119208,-0.1850751872,0.08326926374,-2.577966213,-0.7638045549,0.04531500116,0.7843641639,0
-0.1436184627,0.3078638951,0.1152989546,2.007769585,-0.5243244171,0.3663867116,-0.4971534014,0
-0.276809257,-0.2769686495,0.1366571304,-2.355906725,-0.9529294968,0.6690564752,0.4828202128,0
-0.2201396368,-0.1256694357,0.4040586107,-2.622874498,-0.3014059663,0.7966673374,0.660018146,0
-0.02350695681,-0.08859030709,0.4262311158,1.311486602,0.7803269625,1.398604274,-1.428857207,0
0.09256182036,-0.1991229229,0.02476980338,-1.135665655,-0.5191941261,0.04230765998,-1.238369703,0
0.1462095724,-0.3593717587,0.06971150767,-1.184401035,-1.115774393,1.078867078,-0.5783720613,0
-0.1963207937,-0.05017174323,0.2180510905,-2.891257048,0.2192866504,-0.879879117,1.431608319,0
0.2454219029,-0.0919392119,0.05175315344,-0.3590253592,-1.043325305,-0.286334157,1.925459862,0
0.2668430549,0.2400402554,0.09370558835,-2.409017801,2.10191083,0.4134101272,1.155917406,0
-0.1190267392,0.3190284202,0.2071727532,1.928034425,-0.6669964194,1.149064779,-1.088139176,0
-0.2470252268,-0.008402312973,0.3870577808,-3.107628345,-0.1656270325,1.146701336,-0.8156195879,0
-0.1023218705,-0.08470596521,0.2987179851,-2.447978973,0.6035200953,-0.828125596,1.512590647,0
0.1606478091,0.04940222611,0.4154420404,0.2983424067,-0.6051469445,1.390668154,1.222697616,0
0.02232519321,-0.3602954707,0.1603232657,1.632809281,2.017974138,0.3524746001,0.9381192923,0
0.2953213607,0.2421036061,0.2182171085,-2.454881907,1.688693881,0.8281492591,0.5143291354,0
0.2803729802,-0.255745072,0.1796824305,2.40207839,1.88842845,0.6085032821,0.6540691257,0
-0.06223902197,-0.178127703,0.3313123509,-1.906936646,0.5339244604,-0.4265021086,0.7170310616,0
-0.3137657176,0.05183259381,0.0754285489,-0.1637165844,2.181661606,0.1858514547,1.608117819,0
-0.1564326279,-0.09189972613,0.2404599597,-2.61043334,0.04575777054,-0.7342151403,1.922688961,0
-0.2897109722,-0.08851959353,0.1738615923,0.2969709933,2.130556345,0.9230733514,-1.392170668,0
0.07005493122,-0.107857724,0.3789612734,2.146861315,1.307648063,0.7882087231,-1.334723592,0
-0.3052813179,0.059153896,0.09669251784,-0.1913975775,1.815544963,0.6341589093,1.836953521,0
-0.01017439734,-0.2262337445,0.2662438697,-1.615737319,0.1581006497,0.4341592491,-1.240797043,0
-0.1830348175,-0.1975893218,0.05029004854,-2.3179214,-0.4456724226,-0.6187883615,0.8640152216,0
0.1292919878,-0.3478646172,0.1445111292,1.926704407,2.017914772,0.4531581998,0.8696506023,0
0.178247282,-0.2483493816,0.3440638297,2.193328142,1.391377568,0.6620836258,0.6330886483,0
-0.07020385109,-0.1126397763,0.2360116201,-2.12737155,0.7520756721,-0.1234342232,-1.435703516,0
-0.08251045373,0.1936139853,0.3862724071,-1.167918563,1.491842031,0.6298883557,-0.6451346278,0
-0.3073291285,-0.06694183589,0.1661029961,0.2144099772,2.089389324,1.036962986,-1.381618619,0
0.1599467262,-0.1021888226,0.2720484257,-0.5677549243,0.2406087965,-0.6685907841,1.533187151,0
0.01720992527,0.1612649479,0.3143197277,-1.677101016,1.399369955,-0.322227031,1.876386046,0
-0.270902169,-0.07558374064,0.05158360024,0.2718238533,1.736540914,1.048047423,2.038652658,0
0.1453231035,-0.2682219781,0.3044275722,-1.074586034,-0.431214273,0.4095336497,1.006847978,0
-0.1651501936,-0.318586148,0.3011340325,-2.049043179,-0.7591997981,1.121021152,0.2070257962,0
-0.06313905106,-0.02427500203,0.3888612052,-2.774538279,1.096942425,-0.3840510547,0.332067728,0
-0.3203073196,-0.09383882502,0.1407185893,-2.856567621,-1.478133678,1.159393549,1.525640488,0
0.01238429103,-0.225358723,0.2451600794,-1.516208649,-0.2242565453,-0.3576205373,1.840572596,0
-0.2369498453,0.01200790168,0.1879245226,-0.05059271678,2.143551588,0.7389048338,-1.784503341,0
0.3238747192,-0.01026035192,0.08531126445,-0.03166969866,-0.4956326485,-0.1619699001,0.4229553044,0
-0.208090642,0.06523453734,0.2196601868,2.838130236,0.5276038647,-0.7741961479,0.4843233824,0
0.2297076394,-0.1630276973,0.388826564,-0.6172184944,-0.3702772856,0.8771065474,0.4295750856,0
0.3125056512,-0.04339880325,0.03476248385,-0.1379905045,-0.6660542488,-0.195558995,0.5326505899,0
0.232872903,-0.2768787019,0.04359449617,2.269735098,1.631407261,1.403302789,1.100903392,0
0.2143042045,-0.01980275843,0.1719049849,-0.09212468565,0.1499730498,0.02465614304,-1.273972869,0
-0.1639104974,0.130312554,0.2193958138,2.469902515,0.1867076755,-0.8318591118,1.40673089,0
-0.3438573256,-0.005255576383,0.2180576869,-3.126309633,-0.5150894523,0.2454055399,0.7685435414,0
0.01677320307,-0.3978145714,0.03430228601,-1.528670192,-1.312717438,1.155000687,-0.3354372978,0
-0.132332657,-0.2309720291,0.30515032,-2.090573072,0.02343168855,-0.08150528371,0.8036054373,0
-0.1802831131,-0.1583891581,0.02452275211,-2.420796156,-0.8207196593,-0.6746657491,1.590169787,0
-0.1967391458,-0.2214076951,0.224867961,-2.296758413,-0.392730087,0.9226409197,-1.300818682,0
0.08881219603,-0.3705903366,0.1207091465,1.8060112,2.027260542,0.5701791048,0.795339644,0
-0.2393178342,0.193287176,0.3738224983,-0.6793934703,1.102990627,1.174382806,0.2515007257,0
-0.4067185934,0.02825019296,0.1685198501,-0.06934737414,1.567700267,1.469536901,-0.1168635339,0
-0.08868986776,-0.1470521367,0.3822028574,-2.113519669,0.2696977854,-0.06203015149,1.141193151,0
-0.01229741518,0.04665107636,0.4127098824,1.829034448,0.6611750126,-0.1436190903,1.320199847,0
0.2496783331,-0.2822602356,0.1079876827,2.295048952,2.079168558,0.5138747692,0.8603516817,0
0.3741113722,0.0500229658,0.2704855018,0.1329229474,-0.9394065738,1.320854545,0.06224915385,0
-0.2532193711,0.1084464384,0.12036147,2.736956358,-0.1005981714,-0.1324359626,-0.5552089214,0
0.2793816967,0.1311556658,0.04927339102,0.4388810098,-0.5045945644,-0.2065454125,0.1991521865,0
0.01652540877,-0.3584664451,0.1978506917,-1.524725795,-0.5473535061,0.3215634227,0.4868488312,0
-0.3117749096,0.02918007156,0.2192303944,3.048274517,-0.3455158174,0.7168983817,-0.9762480259,0
0.2847670786,-0.1857708083,0.1050979034,-0.5780351162,-0.620187521,-0.03536018729,0.7074555159,0
0.0761568479,-0.02219223879,0.2739540209,2.857950449,1.730567932,-1.150134444,1.749451637,0
0.3750049172,0.1384537781,0.0988197743,0.3536773026,-1.157571077,0.8274224997,0.4961922765,0
0.2431632671,0.2613391479,0.2269335134,0.8213964701,-0.5464969873,0.8336231112,-0.5196065903,0
-0.08193569084,-0.1337061357,0.349759824,-2.12057662,0.2648625374,0.8890241385,-1.532009244,0
0.3092833313,-0.2127308176,0.2315159169,-0.6024821401,-0.6702637672,0.7379612327,0.1767595708,0
-0.04079420322,-0.1345989057,0.1719639666,-1.864943624,0.1944010407,-1.347188354,1.96054554,0
-0.2502842226,-0.1394028088,0.2098037291,-2.633371115,-0.4014534354,-0.1865753531,1.427847981,0
-0.09343645266,-0.3885197193,0.04066635392,1.334785223,1.942849636,1.540658712,-0.527772367,0
-0.1784430848,0.2366888988,0.2596849952,2.216797113,-0.2604601979,0.8026435971,-1.041180611,0
0.09715857174,-0.04677582624,0.1877221705,2.692437649,2.1644454,-1.460373282,2.094395161,0
-0.103372287,0.2330874305,0.3668934471,1.988224506,-0.4169293344,1.570796371,-1.151097417,0
0.2558127481,-0.03476223272,0.3958610224,-0.1350875199,-0.2918991745,0.7331383824,0.694709897,0
-0.1719271754,0.0237823959,0.04614629735,3.004136324,0.2358781546,-1.243069768,0.4588143229,0
0.1012316267,0.06779498788,0.4658439455,-2.551486492,0.7223982215,0.7075147033,0.862772584,0
-0.1631586691,0.1859354006,0.2170670786,2.291028976,0.2106887996,0.01132529229,-0.8029689193,0
0.2872484621,0.2768948175,0.1614739263,0.7670472264,-1.166318893,1.062181354,0.5360291004,0
0.2217572187,0.1770160908,0.08259138765,0.6736683846,-0.2266712785,-0.4374887645,0.2239072025,0
-0.02434319937,-0.3028943541,0.1227384136,-1.650992155,-0.2191489935,-0.2828172147,0.2331028432,0
0.02884281678,0.1256247403,0.1661170312,1.345112681,0.1366919726,-1.410525203,2.094395161,0
0.1551110428,0.1393505446,0.4523339684,0.7319282889,-0.1653473079,1.194837451,-0.2282658815,0
-0.2824778458,0.1651491116,0.1407080041,2.612542152,-0.6188161373,-0.0682747066,1.110264421,0
-0.02976332749,0.02340207721,0.2169339617,-0.6661784649,1.780887127,-0.217982024,-1.973137856,0
0.2385796796,0.276565408,0.1688929689,-2.282547474,1.977801681,0.4120870233,0.8689271212,0
-0.02844907845,0.2170384337,0.1088666215,1.701131821,-0.03732328862,-1.026942015,1.185639739,0
0.1066844149,0.373183285,0.1800805483,-1.849248052,1.818638086,0.7609333992,0.5553472042,0
-0.1576376834,-0.2984150118,0.09559741984,-2.056827545,-0.6959542632,0.6481107473,-0.8726782203,0
0.3052918238,-0.1332651702,0.03224622302,-0.4116259217,-0.7123863101,0.1131395698,-0.03069742024,0
-0.1640763765,-0.1892965524,0.3173899703,0.8566470742,1.297076106,0.365580529,1.554873109,0
-0.238224005,0.04581940146,0.0490040311,2.951624632,-0.1257890612,-0.6291469932,0.01471793093,0
0.2764152944,-0.07221243731,0.1485797345,-0.2555281222,-0.02347109094,-0.3772550225,0.1581426859,0
0.2426048289,-0.3002394304,0.06210904586,-0.8911700845,-1.56390965,1.156563878,0.8762731552,0
0.06653310236,-0.1435305746,0.4388328014,-1.136734366,-0.5190478563,1.403217554,1.016867995,0
0.02800610002,0.004973607435,0.2262129527,0.1757398695,1.087596416,-0.09644728899,-2.094395161,0
0.2985974156,-0.006352562707,0.3291285672,-0.02127019502,-0.1317376196,0.5547043085,-0.1716514975,0
0.1367514202,0.2282531735,0.2643323293,1.031229854,-0.2262206972,-0.1446097195,1.38377738,0
0.04430070348,-0.1560090911,0.3051356523,1.847595811,1.51212728,-0.4557695389,1.826872349,0
-0.06537067943,0.2434639803,0.1663286065,-1.308480382,2.165697336,-0.4624704421,1.817901731,0
0.1135751283,-0.3407154982,0.2002184619,-1.249000788,-0.7125729918,1.09299469,-0.847712934,0
0.0812978518,-0.3359093723,0.2574529239,-1.333391905,-0.5119443536,0.9492353201,-0.6283328533,0
-0.2652421544,0.0154072016,0.07273188938,3.083572626,-0.763512373,0.7554346323,-1.6642344,0
-0.1919586443,0.2632064668,0.2658790297,2.200926542,-0.3369393945,0.7587531805,-0.6426870823,0
0.045794193,0.2280484656,0.3528628184,-1.768970966,0.9033387303,0.8585284948,1.508522153,0
0.2706504884,0.309990638,0.1431487274,0.8530477285,-1.263102174,1.331299543,0.04987077415,0
-0.1737463144,0.01924742348,0.4003358936,-0.1103317589,1.48935473,0.4289035201,-0.4939101338,0
-0.1331782996,-0.04535950885,0.4632673961,0.3282720149,0.932716012,1.032347798,-0.5546020269,0
-0.1107262307,0.1751433597,0.4205033864,2.134558678,0.04115652665,0.9780371189,-0.6346140504,0
-0.1054606668,-0.0947925972,0.3897931262,0.7331981659,1.518140912,-0.2190879136,0.7363807559,0
0.372357706,-0.01146315502,0.09716519628,-0.03077485785,-0.9593722224,1.023245692,-0.79019171,0
0.1081490573,-0.3662502391,0.03992887849,-1.283668995,-1.110923052,0.9072167277,-0.4506300986,0
0.2201091352,0.1340881642,0.4044800051,0.5471495986,-0.3531512916,1.376019478,-0.6200014353,0
-0.1017462282,0.2928034946,0.3200895151,1.905232906,-0.9565597177,1.291828513,0.9725123644,0
0.2301878913,0.163130112,0.2591305303,0.6164544225,-0.1832479388,-0.1387944818,1.11520803,0
-0.2005337275,-0.298636129,0.05912299177,-2.1621387,-0.9948794246,0.260116756,0.8559351563,0
-0.1574332662,0.04904008249,0.06497374476,2.839621305,-0.6557854414,0.2438212484,-2.094395161,0
0.01354852014,0.2349363211,0.1051172189,1.513142824,0.1698413044,-0.813929677,0.2865744233,0
-0.08848168744,0.1872480418,0.05089709361,2.012094021,-0.008008730598,-0.5515016913,-0.617076993,0
0.266381008,-0.08870639179,0.1055049705,-0.3214536905,-0.5615218282,-0.4701533318,1.413060665,0
-0.2380851851,-0.263125659,0.2143170491,-2.306419611,-0.4903028011,0.3296176493,0.4284710884,0
-0.1203140738,0.1100843252,0.02052353414,-0.7410281301,-2.06887126,-1.173225641,0.1842575222,0
0.09258923474,-0.1009449754,0.4632696906,-0.8286988735,0.1893953085,0.5757055283,0.6220340729,0
-0.1131559328,-0.06559716999,0.3491138293,0.5253637433,0.1967305988,1.570796371,1.870341659,0
-0.2683071528,0.153046565,0.1945036965,-0.5183790326,2.045055389,-0.05891114473,1.301362991,0
0.1144880941,0.005593638924,0.2618475518,-3.092509031,1.804003954,-1.0566746,1.854513884,0
0.05233363655,0.1544945893,0.09098789616,1.24406743,0.5984846354,-0.9053289294,-0.6415591836,0
-0.357149076,-0.06876564499,0.03799765908,-2.951347828,-0.9051488638,0.330073297,0.2045516968,0
-0.0642568413,-0.09821564905,0.3075812022,-2.149688959,0.4426669776,-0.6856230497,1.859160304,0
-0.2825216798,-0.005214857716,0.07514591791,0.01841401681,1.387695789,1.547076344,1.85100019,0
-0.0696064841,0.1930283326,0.3786628348,1.916883707,0.3925200403,0.1237396747,0.05576490611,0
-0.08313390936,-0.09068633007,0.4503411258,-2.312772036,0.2676145136,0.3868745863,0.8664312363,0
-0.02357432456,-0.1592258198,0.03647122681,-1.717196107,0.1543573588,-1.342717648,0.6789842248,0
-0.07271511959,0.3012312703,0.2541998319,-1.333915949,1.989977598,0.6383760571,-0.7679349184,0
0.4034141317,0.0645022971,0.113628717,0.1585480571,-1.143532634,1.076925874,-0.03360952437,0
-0.2588739283,0.01972074819,0.1008653304,3.065054417,-0.3279045522,0.2256943733,-1.204754114,0
-0.182245205,-0.03442904309,0.3471618031,-2.954891443,0.6230847239,-0.2279893607,0.1401046216,0
0.1501032198,-0.09565585881,0.06183333055,-0.567374289,0.06614681333,-1.295499921,0.9994691014,0
0.2446182605,-0.1534089778,0.3728987594,2.581453323,1.257309318,0.7695494294,0.5589081645,0
0.3709748825,-0.0477286726,0.09788586322,-0.1279544234,-1.556190252,1.220306873,1.068385601,0
-0.05912210539,0.01317536859,0.3619373653,2.921280622,0.824297905,0.5302604437,-1.456887126,0
0.3740043721,-0.05240674597,0.1675865809,-0.1391910911,-0.8117932081,0.5185326934,0.6345801353,0
0.02925808049,-0.2158732982,0.09415182745,-1.435945749,-0.6692240834,-0.7684234381,2.039215088,0
-0.09080310813,0.1163472693,0.05125156872,2.233525276,0.03879422694,-1.481039286,1.193586349,0
0.1277637952,-0.1768885871,0.1560136083,-0.9452682734,0.4972492158,-0.7980872989,0.02125695348,0
0.4069530257,-0.002807186262,0.1252922039,-0.006897332147,-1.11084938,0.9872908592,0.1732697487,0
0.09183154295,0.3841177379,0.06036522031,-1.805455089,1.964036226,1.49715364,-0.6863244772,0
0.08056739276,-0.3021096201,0.33721566,-1.310179353,-0.3585116565,0.6293342113,0.4416145682,0
0.2517477691,-0.2663608181,0.1772337752,-0.8136041164,-0.633148551,0.755289793,-0.4964793324,0
-0.08494811991,0.1648237452,0.4263476779,2.046653032,0.02649234235,1.17414546,-0.8847507834,0
-0.2448247807,-0.0196679438,0.2241565142,-3.061439037,0.3777212799,-0.4251706302,-0.01699910499,0
-0.1976743083,0.1237889256,0.1243375468,2.582141876,0.214866668,-0.4733395576,-0.4979328513,0
-0.03720008042,0.1514705846,0.4108104881,-1.329969168,1.199525356,0.116638042,1.041242003,0
-0.1777704038,0.02291250024,0.2251917164,-0.1281973571,2.079596043,0.4195650816,-1.799376726,0
-0.1033008206,0.05372525178,0.2153536311,-0.4795863032,1.956480742,-1.253525257,2.094395161,0
-0.268675172,-0.05575780851,0.1288649919,-2.936903477,0.001241127029,-0.3611638546,-0.1427544057,0
-0.3861334974,-0.0367151553,0.1242352596,0.09479373693,1.940774679,0.7074149847,0.7550493479,0
-0.3673068042,0.0009272683137,0.1371496887,3.139068127,-0.6241867542,0.4180681705,-0.05052974075,0
-0.04394525994,0.2673706815,0.25369259,1.73316586,0.1852663308,-0.2368360758,0.2376994044,0
-0.358680808,0.09317515171,0.1127597714,-0.2541828454,2.053263187,1.255297661,-0.978535831,0
0.2222073788,-0.1525333569,0.2992399661,-0.6014230251,-0.2845866084,0.1148222834,1.314020157,0
-0.1683968573,-0.1311716488,0.02857917112,-2.479813099,-1.031268716,-0.6641764045,2.067795753,0
0.07286110832,-0.2814360211,0.3506354638,1.824127555,1.409189939,0.5448332429,0.7107319236,0
0.05080034568,0.2050893337,0.3734006146,1.327985168,0.1702486724,0.7439363599,-0.8912806511,0
0.2366047258,-0.3267032298,0.08219504159,-0.9440000057,-1.240883827,0.9262105227,0.4112231433,0
0.08419505619,-0.1163704328,0.3756424435,2.197159767,0.2143149823,1.555224538,1.60974896,0
0.1405534738,-0.05267812429,0.3577353815,-0.3585888445,0.5606783628,0.4097245634,-1.048989415,0
0.1509859291,0.2474940694,0.1988487819,1.023013592,-0.03704465926,-0.3439286351,0.5755168796,0
0.352585789,0.1862349522,0.1448369623,0.4859472513,-1.007256627,0.8206101656,0.3828959465,0
0.1986814973,-0.02862251447,0.06952070225,-0.1430775821,-0.09411069751,-1.144608259,1.124860168,0
-0.07069871599,-0.07738482005,0.2559849788,0.8304765224,1.771944165,0.270102948,-1.935335994,0
-0.02279018197,-0.08849154428,0.4602692506,-1.822652698,0.42738083,0.3375516236,0.7368397117,0
-0.1639663966,-0.3059738112,0.1254074981,1.078858256,2.039670229,0.318308264,1.27267015,0
-0.2690610428,0.2912730544,0.1670392757,2.316574574,-1.020982265,0.8917750716,0.4646640122,0
-0.05468759033,-0.1169802955,0.08385515225,-2.008118391,0.3527663946,-1.657526851,1.32047081,0
-0.209116553,-0.08912539464,0.3746727399,-2.738618851,0.2145809233,0.1311506182,0.437579751,0
-0.1218556901,-0.3724677359,0.07679358592,-1.886971116,-1.042307138,0.6405599713,0.3250519335,0
0.01542744258,-0.2622429188,0.03655853793,-1.511823654,-0.5933024883,0.2460140437,-1.124172807,0
0.1359045439,0.2867881782,0.2514463224,1.128259659,-0.432857573,0.9874768853,-1.030938268,0
-0.1725953105,0.03116354942,0.351785721,2.962958574,0.1652098149,-0.1614540219,1.477932334,0
-0.1199179291,0.1954040872,0.3534236092,2.122000217,0.2949716747,0.274599731,-0.3444980383,0
-0.2255289107,0.01854075361,0.2580488581,3.058945894,0.04969725013,-0.5160537362,1.439944744,0
-0.1868784982,-0.04815237972,0.08036097077,-2.889413118,-0.02812648192,-1.206807733,1.19776845,0
0.3018479752,-0.1270252573,0.1280154371,-0.3988129497,-0.7621026635,1.005926967,-1.288851023,0
0.2197434889,-0.05830222069,0.2836432683,-0.2594277263,0.1310827881,-0.4252251089,1.244540453,0
-0.3336013627,-0.2353897243,0.05673528568,0.6144756079,1.918044567,1.190452218,0.2821476161,0
0.2756315541,0.01837120861,0.3004388398,0.06655300409,-0.1184743196,0.01016744692,0.9597204328,0
-0.233056659,0.03647206548,0.02155468168,2.986292362,-0.3994567096,-0.8060458302,0.7881333232,0
-0.05576860802,-0.04837583499,0.1325070025,0.7160537243,-1.841628075,-1.228229523,-1.30158484,0
-0.1918087385,-0.2214914416,0.1250878067,-2.28443408,-0.1697971225,-0.4150844216,0.4214460254,0
-0.02037939478,0.355623708,0.2720464767,-1.513537884,1.542166591,0.7771039009,0.6257640123,0
-0.2645389252,-0.09966237728,0.2899268218,0.3602469862,1.946371555,-0.04281363636,0.6504671574,0
-0.1572218766,-0.1222828966,0.1189537514,-2.480550289,-0.3649954498,-1.004641414,1.921889663,0
-0.06839627013,0.2172965287,0.1996815776,-1.265853047,2.162325382,0.6173988581,-1.716094255,0
0.0201932839,-0.1016589861,0.2492587634,1.76689899,1.695881128,-1.100557208,2.092449427,0
0.1625564369,0.1674556712,0.4382957793,0.8002426624,-0.2899623513,1.279711008,-0.2332030535,0
0.02441966889,-0.2878982164,0.09443639295,-1.486247897,-0.5993363261,-0.4251945615,1.32732296,0
0.2457755344,-0.01863619697,0.3560818422,-0.07568198442,-0.0314399749,0.1693486124,0.9082252383,0
0.3511452756,0.05250074978,0.1401480223,0.1483646333,-0.521551609,0.3069953918,-0.09426308423,0
0.2544664235,0.1134363584,0.2475295889,0.419341445,-0.7479657531,0.4541715682,1.773311853,0
0.1668195659,0.1776101148,0.2509025163,0.8167159557,-0.03669969365,-0.4340231419,1.377708435,0
-0.3693472969,-0.07943503668,0.2263147802,0.2118370235,1.334537745,1.273864746,0.6711326838,0
-0.0174978994,0.1978157416,0.2891697497,1.659014821,0.5179479718,-0.6253076196,0.8310977221,0
0.3137680811,0.1898238155,0.2164788209,-2.597518206,1.638256788,0.7436158061,0.8825873733,0
-0.2239991286,0.1750434157,0.2009047297,2.479174376,-0.4065210223,-0.2331448495,1.458642602,0
-0.2913643409,-0.05340068771,0.123940645,0.1812662333,1.335806727,1.339545846,1.83257854,0
-0.236400965,0.2000860427,0.2156842735,-0.7023910284,2.044129848,-0.05977635086,1.112240791,0
0.3110473193,-0.2322006688,0.1439583005,-0.6412655711,-0.939827621,0.6405365467,0.5735362172,0
-0.1175923998,0.2374513197,0.2223207167,2.030802488,-0.2394919991,-0.3480366468,1.448413134,0
0.1405467467,0.05297133084,0.09603282134,0.3604209423,0.1875863075,-0.4093528986,-1.424260378,0
-0.0731092744,-0.1970446037,0.3562454185,1.215516567,1.443471432,0.9515563846,-1.226754427,0
-0.1261466549,-0.002065927533,0.4002146635,-3.125266075,-0.5448006988,1.353938699,1.57078433,0
0.1670555155,0.1141322753,0.06562548861,0.5996030569,-0.1136664599,-0.2648376524,-1.103380322,0
-0.2111159328,-0.2848685632,0.1398335962,0.9329997301,2.074991465,0.2890188098,1.071253181,0
-0.001558954409,-0.2657965296,0.3307213256,1.564998031,1.633104324,0.8304179311,-0.8971723318,0
0.2534571092,-0.213954028,0.02972754446,-0.7010838389,-0.7180589437,0.05701984465,0.09879661351,0
0.2675939609,-0.2388064448,0.2296944399,-0.7286119461,-0.6464624405,0.500059545,0.6943223476,0
0.03664034718,-0.06348022217,0.02476887461,-1.046972394,-0.8316355348,-1.732848644,1.968575239,0
-0.1954961442,0.08900966472,0.1361092495,2.714322805,0.1651051641,-0.2091147155,-1.061594605,0
-0.1251592458,0.09522673025,0.4239907692,2.49118948,0.2182445675,1.000682473,-0.9498577714,0
0.1875501612,-0.2088150099,0.1306294771,-0.8396559358,-1.739827037,1.53974545,1.871487379,0
-0.01982326033,-0.1396026815,0.1881268299,1.429741502,2.181661606,0.2004394233,-2.079236984,0
0.3167809111,0.1205149996,0.1779248337,0.3629161716,-0.534801662,0.7655249238,-0.8806889057,0
0.040853034,0.2661305642,0.063518962,1.418481827,-1.047155976,-0.1985502392,1.932939768,0
-0.3751238956,-0.128088828,0.1940629931,-2.812543392,-0.9302187562,1.117797732,-0.1870651692,0
-0.1777130908,0.1926717994,0.2995383337,-0.826066494,2.052404881,-0.0834543407,0.2322064638,0
-0.1655343992,0.106922862,0.4247619544,-0.5735067725,1.028977394,0.5726406574,0.88210392,0
0.2170687093,0.2574234197,0.2177215142,0.8702427745,-0.3016470671,0.3607356846,-0.2184193432,0
0.1769573048,0.08312453386,0.2017927664,0.4402034879,-0.08500193805,0.5572071075,-1.925362587,0
-0.06904826598,0.1882444334,0.1888353418,-1.219232917,2.044615746,0.7277466655,-2.094395161,0
-0.194674532,0.3428884197,0.05961475217,-1.054427385,1.980324507,1.478547335,-0.6946027279,0
0.2009056164,0.1865326059,0.214156336,0.7478806376,-0.3492728472,-0.2615963519,1.500530601,0
0.1043386669,0.1267858987,0.06784647969,0.8822163939,-0.6327930093,-1.213109732,2.094395161,0
-0.05965695507,0.1712960667,0.2065533311,-1.235665202,1.980114698,-0.8144152164,2.094395161,0
0.3019981384,0.1985290232,0.06053907425,0.5815489888,-0.8397591114,0.5681858063,-0.4214060307,0
0.1821760331,0.166476361,0.2806056898,0.7404000759,-0.02578798495,-0.2778341174,1.274566174,0
0.02641055653,-0.005015616847,0.1649075436,-0.1880968511,1.832097888,-0.7729113102,-1.723507881,0
-0.07274927066,0.3831499444,0.1300781232,-1.38315928,1.965514541,0.6916350126,0.6478216648,0
-0.0657283748,0.02650398135,0.11008517,2.758300543,0.09870226681,-0.5229486823,-2.094395161,0
0.06187604414,0.2707936802,0.2648685357,1.345817566,-0.05498867109,0.527285099,-0.9151908755,0
0.3789288963,-0.0192884307,0.07589390719,-0.05085812509,-1.217087746,0.6535198092,0.9131611586,0
-0.0833700408,-0.3363791571,0.2790811899,1.327847004,1.520627737,0.7209715247,0.7413657904,0
0.14156571,-0.3385736051,0.2712157712,-1.174765229,-0.8166906834,1.363965392,-0.4661490619,0
-0.1396456825,0.01424204279,0.1580129256,3.039957047,0.02413690649,-1.351751208,2.094395161,0
0.05373377257,0.0854648575,0.3547384319,1.00952363,0.5849571228,0.672614038,-1.542713046,0
-0.3586604891,0.04272846939,0.02552326987,-0.1185746565,2.181661606,0.6025382876,1.101426005,0
-0.05146612291,0.2738182751,0.3602454233,1.75657618,-0.9460865259,1.528711677,0.8452854156,0
-0.09334113522,0.1172382057,0.04064506222,2.244410515,-0.7764372826,-1.270823836,2.081856728,0
0.130138469,-0.1708918016,0.1179460562,-0.9199743867,0.02409021184,-0.1233370826,-1.19305408,0
0.2966387781,0.1718490397,0.05214513081,0.5250838995,-0.6990766525,0.1068930179,0.1467866302,0
-0.3064114288,-0.1714034508,0.1264389141,-2.631516218,-1.426727772,1.036646843,1.384113073,0
0.169295875,0.2835248365,0.3324761528,1.032503724,-0.5358575583,0.8763841987,0.359839797,0
-0.02634244195,-0.3507707332,0.2672906878,-1.645754337,-0.4591025412,0.6505644917,0.01407792326,0
-0.04227485357,0.2186840639,0.2182330457,1.761664152,0.01867499575,-0.7044341564,1.524090171,0
-0.2093645454,0.05370690803,0.04689331617,2.890491962,-0.8301072121,-0.7851536274,1.931352496,0
0.1476512923,-0.2570409088,0.06881560181,-1.049334049,-0.7408602834,0.6833124161,-1.315296292,0
0.08977885576,-0.2408137209,0.03280805401,-1.214224935,-0.8221066594,-0.5650794506,1.538720608,0
0.2185434584,0.1896933363,0.2258966071,0.7145285606,0.05233884603,-0.1990120411,0.2307439148,0
-0.1905849109,0.1777413052,0.2557048327,-0.7505413294,1.989585042,-0.3132619858,1.238466144,0
0.2508937588,-0.2386265199,0.1058206065,-0.7603440285,-0.8867206573,0.1674548984,1.135193706,0
0.1225337566,-0.3260506716,0.3213567431,-1.211313963,-0.7790210843,1.400490761,-0.204674989,0
-0.102636442,-0.01416150731,0.03507505761,-3.004534006,0.9877745509,-1.424919963,-0.5927355289,0
-0.2713092897,-0.00778857315,0.3612545969,0.02875547484,1.516975284,0.8024976254,-0.5283073187,0
0.2287717015,-0.1194105132,0.2489805888,-0.4810647964,0.2741739154,-0.1414202005,-0.2572044432,0
-0.2362886028,-0.3054781364,0.2081218886,-2.229170799,-0.8366333842,1.106187582,-0.3634613454,0
0.2113655553,-0.2441006358,0.2306580276,2.284118891,1.928959012,0.1194000468,1.014697671,0
0.2998760939,0.2547116506,0.06482752732,0.7041393518,-1.475735426,1.081317067,0.7495358586,0
0.2687581978,0.1503883296,0.3452682867,0.5101613402,-0.441983819,0.7168303728,0.6188025475,0
0.0009979313895,0.1163663658,0.3437556923,-1.57937181,0.2986276448,1.320355058,2.094395161,0
0.03756115781,-0.06915855192,0.4373729685,2.068256617,0.9759844542,0.9147699475,-1.03995645,0
0.2429543267,0.07512678138,0.02979120572,0.298821032,-0.3276854753,-0.6321781278,0.3783597052,0
-0.1365714096,0.1246677174,0.3196022829,-0.7398793697,1.41573894,-0.1937545389,1.752057433,0
-0.08768916102,0.09399132705,0.1282301014,2.32152009,2.181661606,-1.730537772,-0.3292075694,0
0.3105961091,-0.1385669313,0.2303193236,-0.4196831584,-0.4588930011,0.2386642694,0.7140640616,0
0.1807677214,0.3141451107,0.03354898652,1.048643112,-0.923389554,0.3111543655,0.2691523135,0
0.2752236122,0.1546523479,0.1764027744,0.511975646,-0.6108583212,-0.01241265424,1.334961891,0
-0.1134782569,0.1420945938,0.4392057314,2.244540215,-0.04101343453,1.295962453,-0.8252245784,0
0.1449910713,-0.2282999074,0.2454410556,-1.00497365,0.1489910781,-0.3249596357,0.4755595028,0
0.1931038792,0.1525018623,0.3509102122,-2.473354578,1.378513455,1.179249883,-1.177838087,0
0.02387233428,-0.2171007143,0.2445671524,-1.461184382,0.5824750662,-0.5685842633,0.09301549196,0
0.07680234056,0.2117789483,0.1807954337,1.223305821,-0.109273389,-0.786021173,1.613368511,0
-0.1934163243,0.2949932577,0.03595608348,2.151146412,-0.8262950182,0.3233329952,-0.09097005427,0
-0.2268407907,-0.2317846426,0.3141804615,-2.345417976,-0.3472922444,0.8305396438,-0.3388442099,0
0.06737857711,-0.2140148036,0.3263179296,-1.265769362,0.4085866809,0.03774983436,-0.2840674222,0
-0.1777915271,0.01077751254,0.09960976408,3.079310417,-0.03187505156,-0.1494937092,-1.503256559,0
0.1375547059,0.3358138494,0.1582594441,1.182017803,-0.5510344505,0.3835799396,-0.01682566106,0
0.04357995414,0.07773721051,0.4402911019,1.0597893,0.3479160964,1.168592453,-1.167409539,0
0.1299884827,0.1864721565,0.1849941618,0.96215868,0.2125579268,-0.04192136973,-1.043586612,0
-0.2679593142,-0.04076178633,0.3444281362,0.1509814262,1.203187823,1.564622521,-1.20065403,0
0.1133664772,0.21596022,0.167206485,1.087388754,0.3120634258,-0.6590604782,0.185046941,0
-0.2404373633,-0.2291783145,0.194204283,-2.380165577,-0.2827086449,0.06518068165,0.2418830544,0
-0.1414404507,-0.1517091624,0.1531898523,-2.321213961,0.2322328836,-1.068311691,1.139186502,0
-0.296853011,0.160634244,0.1214891835,2.645357609,-0.43244344,0.08085441589,-0.004151066765,0
-0.1574331548,-0.07828296158,0.1881086742,0.4614417255,2.118524551,-0.9522551298,2.094395161,0
-0.292786368,-0.07386211212,0.1013213606,-2.894474268,-0.3569470048,0.1325722337,-0.6460382938,0
0.1173114615,-0.1380052045,0.1935765409,-0.866325438,0.007159199566,0.3952095509,-1.9142735,0
-0.2073837061,-0.09922782636,0.2942058677,-2.695312738,0.2065522373,0.4207984209,-1.030707359,0
0.1974402676,-0.08188993702,0.1964574511,-0.3930664062,0.2551260591,0.01061699446,-1.187924147,0
-0.3619481424,0.08489074756,0.1317278343,-0.2303727269,1.402821779,1.417105913,1.004933476,0
-0.09158370222,-0.2500411879,0.141155634,-1.92189157,0.05604932457,-0.5999568701,0.4080416858,0
0.1423885345,-0.0696204975,0.1216856403,-0.4563693404,0.7362091541,-0.8186092377,-0.808144629,0
-0.2607181954,-0.3016442708,0.0203230387,0.8580453396,1.91603446,1.268308401,0.4437375069,0
-0.229140907,-0.2810539664,0.02201359595,-2.254791021,-1.253256917,0.4654603302,0.9457621574,0
0.0840379397,-0.220204978,0.1563360319,-1.206236362,-0.3129253685,-0.7102251053,1.72333312,0
0.3674406466,0.1334893971,0.1398735524,0.3484317064,-0.8838233948,0.6386815906,0.3378115296,0
0.0401217011,0.1132329616,0.4102608278,-1.911961913,1.0998739,0.9953513145,-1.249817371,0
0.1770698128,-0.07517373701,0.3311842171,-0.4014795423,0.06297545135,-0.1772738397,1.561663389,0
0.2664212593,0.3005904596,0.05867343124,0.8455872536,-1.500305772,1.181381106,0.5386863351,0
-0.1157253464,-0.1987696054,0.05544917745,-2.098031759,-0.3579582572,0.005631984212,-1.17522788,0
-0.3151018393,-0.1449891526,0.05427673745,-2.710346937,-1.032375097,0.1893061101,1.079716921,0
0.1025518541,-0.2640346473,0.06651571334,-1.200350523,-0.8616717458,0.889664948,-1.608064175,0
-0.2465621302,0.1380321845,0.2083380587,2.6312356,0.07694744319,-0.3272959888,0.3224413395,0
0.2969142949,-0.06912696397,0.1867240109,2.912852049,2.066011429,0.9604277611,-1.370005965,0
0.05922815412,0.2844136233,0.2638605632,-1.77614522,1.808603287,0.9559112787,-1.204175234,0
0.187438461,-0.02234399972,0.1368047963,-0.1186495051,0.04954995215,-0.01164215524,-1.543777585,0
0.1304351399,0.06925280099,0.4551943236,0.4883626103,0.066443488,0.6278536916,0.8219755888,0
0.246704264,0.2291287083,0.1250367117,0.7484098673,-0.4827486873,-0.05478107929,0.5085235834,0
-0.3427240491,-0.1748135912,0.1470260278,0.4716718197,1.911984921,1.25560081,-0.7388174534,0
-0.05405409729,-0.3245839075,0.04377568756,-1.735966802,-0.6422386765,0.0006465390325,0.1167412996,0
0.09772830446,0.007607872454,0.3116625368,-3.063987017,1.54373765,0.4449748993,-1.694613099,0
0.2076611675,0.3152703732,0.1020686264,0.9883487821,-0.9137901664,0.4182964563,0.6240433455,0
0.03443989649,0.05356448779,0.4847510423,-2.142563581,0.1766194105,1.328002214,0.819062829,0
-0.2048371893,-0.3073101314,0.07702336602,0.9828557968,2.085410357,1.380336881,-1.052370429,0
0.2271178798,0.04801831008,0.05860346823,0.2083570957,-0.1612901688,-0.8983054161,0.7597483397,0
0.3316855452,-0.1059232518,0.3070695491,-0.3091117442,-0.6677430272,0.9404280186,0.4061666131,0
-0.2116264896,-0.1099653714,0.166040858,-2.661867142,0.1046825945,-0.8274673223,1.025495529,0
-0.1312591256,-0.3013938009,0.1581404507,1.160058141,1.23003149,1.422711611,1.446978569,0
0.1049719096,0.007325071049,0.02636393391,0.06888861954,-0.883469522,-0.08798278123,-2.094395161,0
0.0007252291638,0.01537501722,0.4446294691,-1.641436696,0.8427186608,0.8159175515,-0.9700330496,0
0.1732827813,0.06411479449,0.3112710823,0.3548229039,0.7239282131,-0.4611549377,0.1810609251,0
-0.2173220816,0.2840022393,0.1553703198,2.223972797,-0.7575848103,1.002978325,-0.9168425798,0
-0.3176350074,-0.1418689803,0.2490476487,0.4200577736,1.718491077,0.5004968047,0.80792588,0
0.01494855269,-0.1966796039,0.2898138169,1.646323323,0.5393455625,1.538024187,1.957051635,0
0.1417346232,-0.09407657886,0.2745131372,-0.5859479904,0.8298934102,-0.3580203056,-0.589690268,0
0.2157248785,0.02526036792,0.2913966562,0.1166088432,0.2264980972,0.4538882077,-1.18076551,0
-0.1875735361,-0.1670379037,0.1392819718,-2.41395998,-0.50397861,0.7476852536,-1.778498769,0
-0.3005885341,-0.1754763015,0.08902327754,0.5284027457,2.100849152,0.372725755,1.309681892,0
0.1759788138,-0.3490685861,0.1671641501,-1.10384202,-0.9466701746,0.757496655,0.526615262,0
0.2422566544,0.03121756275,0.2256668124,0.1281702071,-0.09694818407,0.6061090231,-1.468677044,0
0.01329063106,-0.04430092078,0.3475895986,-1.279640555,1.455731988,-0.6481243372,0.1059288606,0
0.3445340312,0.01402865652,0.1712568467,0.04123947024,-0.71239537,1.060262084,-1.081435323,0
-0.09215705649,-0.2330262444,0.08859172092,-1.947399616,0.007564150728,-0.5167964697,-0.1963741332,0
0.2120251677,-0.2352811279,0.2613847634,-0.8372987509,-0.1434911191,0.2583999634,-0.03857119381,0
0.08027253252,0.3247826355,0.2685491007,1.328505993,-0.3751782179,0.7611244917,-0.5072305202,0
0.3075523293,0.1108202919,0.3161602902,0.3458390534,-0.4067528844,0.9483866692,-0.4144658446,0
0.1200976743,-0.2847851804,0.3317755364,-1.171751499,-0.8043342829,1.109294891,0.9287573099,0
0.05813086849,0.3121213833,0.1757037163,1.386661768,-0.4097890556,0.6185669303,-0.9701812863,0
0.2017829541,0.08672555152,0.3264465285,-2.73566699,1.821707964,0.4287961125,-0.8879771829,0
-0.2663863185,-0.0939109258,0.1203972805,-2.803023577,-0.4657125473,-0.4832493961,1.318421721,0
0.2299072869,0.3075950899,0.03364563889,0.9289389849,-1.185543895,0.6110060215,0.5071824789,0
0.2338641706,-0.1702768704,0.02107583132,-0.6293392181,-0.9349424243,-0.2985911667,1.344545007,0
-0.006151359496,0.2209064662,0.1245698364,1.598989964,0.001722848043,-0.06167887151,-1.208414197,0
-0.383893222,-0.08045472694,0.1581917161,0.2065884471,1.716540456,1.504003286,-0.7038419247,0
0.1980395436,-0.3016209523,0.03348425105,-0.9897906184,-0.8988566995,0.3124064207,0.1794940829,0
-0.2751166269,0.2333275947,0.2065715445,2.438199282,-0.6588186622,0.4168862104,0.7208408713,0
0.1316742688,0.2100515248,0.3634035693,1.010734558,0.03535868227,0.7294134498,-0.6716400385,0
0.2532019539,0.1790378655,0.3001578744,0.6155153513,-0.1726231426,0.2951831222,0.3212471008,0
0.09424038382,-0.05165655537,0.3630571604,-0.5015770793,0.9651921988,-0.06894815713,-0.5748326182,0
-0.102897029,-0.03138657471,0.3843278078,-2.845641851,0.861391902,0.1045721546,-0.5984174013,0
0.2399808701,0.07066289284,0.06534968288,0.2863998115,-0.1008790433,-0.6739905477,0.2353562862,0
0.01127322991,0.2838670371,0.1661258736,1.530847788,-0.3655454516,0.621475637,-1.322837353,0
0.2186517788,-0.3462557622,0.04509943514,-1.007554531,-1.486968637,1.29616046,0.08504749835,0
-0.2123721546,0.02222332907,0.3566983514,3.037386179,0.1064299643,-0.02679979056,1.117337823,0
-0.01292068581,-0.2289318501,0.304682142,-1.62717545,0.4344169497,-0.1362403184,-0.1195610017,0
-0.02975945376,-0.2052204874,0.06984319714,-1.715686202,0.2187072486,-0.9315707088,0.08171384782,0
0.3664882407,0.1781534692,0.130783591,0.4524736404,-1.201250196,1.342882395,-0.3230071068,0
-0.09652873377,-0.27449177,0.1686698222,-1.908894539,-0.1241342574,-0.4151250422,0.6978107095,0
-0.1146152299,-0.2004596046,0.3501593343,-2.090256929,-0.05177917331,0.1017383635,1.193671346,0
0.1606061569,-0.06142995834,0.3401458419,2.775469303,0.4694138169,1.327829242,1.865714192,0
0.2193408775,0.2144246505,0.1371135564,0.7745352983,-0.6422857046,-0.1779392809,1.395209432,0
0.1367847204,-0.3568835069,0.1811139271,1.936805487,1.360366821,1.372728467,0.7693703771,0
-0.2986073264,0.1285046187,0.2592906304,2.735225439,-1.165103197,1.286996603,1.207923412,0
0.2336097732,-0.0201989598,0.352977051,-0.0862493962,0.2812407017,0.2044643164,-0.1537379324,0
0.06555457419,0.04718403557,0.05866400839,0.6238699555,-0.5951829553,-1.820234418,2.094395161,0
0.02686494838,-0.3848994955,0.04378441124,1.640480638,2.142636538,0.7283087373,0.7234942317,0
0.08210381367,-0.05918261591,0.05275147107,-0.6245672703,1.907761574,-1.626875281,-0.9991724491,0
0.01073214005,0.1490981492,0.1930235961,1.498934627,0.6111075878,-1.323413849,1.410992503,0
-0.1797508399,-0.02833267645,0.3052336482,0.1563580334,1.790866137,-0.5536634326,1.382890821,0
0.1561589666,-0.1928017064,0.04977661782,-0.8900234103,-0.1536173522,-0.5986406207,0.03236917406,0
0.1545874972,-0.1374297572,0.3325908367,-0.7267377973,-0.5939520597,0.8016188145,1.845639944,0
0.05306125245,0.2435325156,0.3978797796,1.356267571,-0.6772091985,1.301606655,0.8491077423,0
0.02722306431,-0.133062754,0.4426000461,-1.369144082,0.4693579674,0.5027828217,-0.2619874477,0
0.2688806457,-0.2606774556,0.05449804056,-0.7699076533,-1.037075281,0.4179924428,0.6142596602,0
-0.04799248981,0.2865882746,0.3634507221,-1.404873848,1.26488471,1.287547588,-0.69490242,0
-0.04302594118,-0.1794863101,0.3508053254,-1.806064963,0.05309674889,-0.05093790591,1.540485382,0
-0.07347288756,0.3246967045,0.1248790695,1.793318391,-0.6132041216,0.675850451,-0.9444874525,0
-0.02364856617,0.3785529989,0.1579344286,1.633186221,-0.7239779234,0.500541091,0.2796687484,0
0.05496671108,-0.1642550916,0.2193876617,-1.246508241,0.5487385988,-0.1216777712,-1.251716256,0
0.3838026895,-0.1079354126,0.1523628181,2.867439747,1.797196865,1.331966281,-0.510674417,0
0.2968317064,0.1920227492,0.03481301614,0.5741997957,-0.9131422639,0.6103442907,-0.5404425263,0
-0.2562667862,-0.1743922479,0.3538262697,0.5975262523,1.306255817,0.8306368589,0.4928511381,0
0.3075367802,-0.1504265029,0.146221528,-0.4549162388,-0.4494294822,0.03904958442,0.3808304369,0
0.03473038252,-0.2921473489,0.1651536567,-1.452470899,-1.159152746,0.6656554341,1.936529756,0
-0.2066189778,0.2365734057,0.06763870852,2.288724899,-0.8251995444,-0.1675933301,1.250124574,0
0.09103413759,-0.3609263005,0.1381146273,-1.323725581,-0.7194812894,0.7035288215,-0.4324667156,0
0.3145766638,0.184736711,0.1138007103,0.5309956074,-0.8236712217,0.2705316246,0.7641128302,0
-0.03304986557,-0.3086014321,0.1016647976,-1.677482486,-0.3791200519,-0.3010205925,0.5358303785,0
0.1285554565,-0.01881275439,0.4705011669,-0.1453056335,0.1683495641,1.124849558,-0.5806390643,0
-0.08412739853,0.3267491966,0.3108756017,-1.318801761,1.593524456,0.7785604,0.03728765622,0
0.009940646087,0.06725405354,0.4499085452,1.424052,0.4542176723,0.24554272,1.046779513,0
0.01991428234,-0.1322657339,0.124521662,-1.420020819,0.8866169453,-0.8393766284,-1.02904737,0
-0.04086268375,-0.01166778883,0.1575587769,-2.86412549,1.521718979,-0.7442274094,-1.744747639,0
-0.007963596933,0.3596678363,0.1927824556,1.592937946,-0.5224805474,0.3271756172,0.34308514,0
0.1401152639,-0.1601742305,0.1741546149,-0.8526211977,0.3164199591,-0.1964199096,-1.010927677,0
0.1019083485,0.05335997661,0.2822661655,0.4823774695,1.227095366,-1.036928177,0.6184481978,0
-0.2167128137,-0.211087327,0.3192841825,0.7722492814,1.541708827,0.4192325175,0.8334084749,0
0.04445256832,-0.01856107135,0.1681922405,2.746719599,-0.7374923229,-1.59747541,-1.939057469,0
0.09015015733,0.006307510759,0.4225947548,0.0698530376,0.5214030743,0.8597007394,-1.117631793,0
0.09721719533,0.2693518757,0.3722987625,-1.917175055,0.9945657849,1.083735228,0.7703149319,0
0.2314239942,0.1526870762,0.3373798773,-2.558353424,1.309273958,0.5216973424,1.148927569,0
0.01055877951,0.1059398418,0.3607069251,1.472731113,0.889333725,0.1113058627,-0.8629116416,0
0.1174817535,-0.2471729033,0.3708484696,-1.127094746,-0.3063284159,1.225498319,-0.774895668,0
-0.08351804116,0.1933152133,0.4426227034,1.978606343,-0.1455699503,0.8573499322,0.4691430628,0
0.08580224511,0.2007862537,0.1013750681,1.166967392,-0.6666001678,-0.7387489676,2.07457304,0
-0.1702083228,0.1595389995,0.1086552819,2.388554811,0.02827170864,-0.2414161861,-0.862418294,0
-0.232327914,0.2971655417,0.1667912224,2.234383106,-0.6741062999,0.5155171752,0.1515023857,0
-0.1361709539,-0.02201805793,0.331676573,-2.980042458,0.5146409273,-0.578338325,1.445654154,0
0.1494606618,0.02340330189,0.3497883501,0.1553624421,0.2176938653,-0.2272231579,1.643779278,0
-0.1989964275,-0.02305244149,0.07025615763,-3.026330948,0.2543128431,-0.8352227211,-0.2526652217,0
-0.1471599214,-0.1658052196,0.4231688346,0.8450251818,1.12875402,0.6386172175,0.5663557649,0
-0.2486705634,-0.2322596994,0.2983699093,0.7512874603,1.577192307,1.050601006,-0.4786135852,0
0.2423945018,-0.1762141779,0.09530976041,-0.6287109256,-0.3192057908,0.004128344357,-0.4792174101,0
-0.03350129057,-0.06791630653,0.1320066374,-2.027571917,1.526916265,-0.9955072403,-1.394994259,0
0.09178939526,-0.27405009,0.3078408246,-1.247603416,-0.706597805,0.7641048431,1.355483413,0
0.02597563318,-0.3555366006,0.1455090701,1.643795967,1.324893594,1.420192003,1.174511909,0
0.1597330199,-0.2903092491,0.06747643292,-1.067772865,-0.8546594381,-0.03468123823,1.085454226,0
-0.04489107766,0.1027608645,0.3688506564,-1.161317706,1.307277203,0.7510826588,-1.455277085,0
0.1148165985,-0.2815474868,0.04294200659,-1.183573008,-0.5170606375,-0.2560775578,0.2827796936,0
0.03296844081,-0.1894267316,0.126103289,-1.39849627,-0.0792516768,0.07324564457,-1.629953146,0
-0.02681083585,0.189750569,0.03021101235,1.711171389,-0.9651939869,-0.8677985072,2.094395161,0
-0.1189759836,-0.2242733166,0.0409118985,-2.05862093,-0.2554939091,-0.6355338693,0.3081074655,0
0.1400656442,0.01798644848,0.4449391637,0.1277093291,0.2248938978,0.39053303,0.8288990259,0
-0.2220829812,0.16719455,0.1145473102,2.496230364,-0.3894471526,0.3776473105,-1.197325706,0
0.2859996314,-0.2240689557,0.1853717179,2.476969719,1.937161088,0.4201194048,0.8370835185,0
0.1636136066,-0.2572934171,0.3340131637,-1.004428864,-0.3695898354,0.5449050069,0.7006812692,0
0.1148597339,0.03329322676,0.06706721875,0.2821277976,-0.5247684717,-1.568452716,2.094395161,0
0.06141667011,0.1203300254,0.3123984898,1.098848939,0.8074851036,0.02650057524,-1.050106406,0
-0.2839017247,-0.1157845509,0.06363270869,-2.75432539,-0.543941915,0.2383611202,-0.7109506726,0
0.2593019796,0.2505615158,0.1821537046,-2.373342991,1.902145267,0.4347427785,0.9521291256,0
-0.2875689604,-0.1633781654,0.3325756246,-2.624932289,-0.755007565,1.570796371,-0.5482571721,0
-0.3233103683,0.1273557631,0.1851577312,-0.3752641678,1.999727011,0.2449489832,0.9850777388,0
-0.03504361777,-0.1920767073,0.3062210111,-1.749814868,0.3433041871,0.4203451276,-1.20086956,0
-0.3473043201,0.08678726744,0.241560411,2.896729708,-0.632576108,0.5436971188,0.6481567621,0
0.1183332196,-0.1700395662,0.2223007874,-0.9628044367,-0.13896209,0.7516224384,-1.912972927,0
-0.112983729,0.1018990238,0.04981874355,2.408890009,-0.06901504099,-0.4450256824,-1.28602612,0
-0.0401447769,-0.04935081894,0.254456664,0.8873541355,2.048296452,-0.2661659718,-1.467813253,0
0.3055997518,-0.08771282353,0.3551568542,-0.279515326,-0.5285760164,1.235030174,-0.3218628764,0
-0.2100089876,-0.241860508,0.2849970672,-2.285824537,-0.2078948319,0.3431332409,0.158836484,0
-0.3830127843,0.04461582646,0.2483426906,3.025628805,-0.9488956332,1.315141082,-0.1024667919,0
0.1088851466,-0.3854382699,0.08569603595,-1.295473456,-1.141132832,0.8150604963,0.3457767069,0
-0.2598989299,-0.0305913692,0.4211572034,0.1171657592,0.9412494302,1.303808451,-0.06363022327,0
-0.3013017962,0.03988602852,0.2818069876,-0.1316230297,1.923107982,0.1051448435,0.5624201894,0
0.03632076804,-0.2660328594,0.08559473173,-1.435335159,-0.1076722816,-0.4670569897,-0.01727838442,0
-0.0491064521,-0.08945118916,0.1427980848,-2.072852135,0.2004707307,-1.679688573,2.094395161,0
-0.04068684006,-0.4042046721,0.07245549576,-1.671117544,-1.454088926,1.554085732,-0.4347299933,0
-0.09600574573,0.1357351887,0.4710764937,-0.9551870227,0.8567427397,1.096322536,-0.2196583599,0
-0.1248550167,0.1454708287,0.4498171472,2.280109644,-0.1258090138,1.331121922,-0.6044852734,0
-0.1106366994,0.003729871475,0.1842069992,3.107871532,0.9993182421,-1.592417955,1.381661773,0
0.1330382125,-0.0508627814,0.1519808562,-0.3651715815,0.03496219218,0.05116984621,-2.036555529,0
-0.0004293538452,-0.05008651937,0.3331430065,-1.579366326,0.7621560097,0.641353488,-1.840023875,0
-0.1659555571,-0.1220643242,0.335856406,-2.507424355,0.189020291,-0.2297643274,1.201230764,0
-0.01258342502,0.3317862308,0.1511750483,1.609006047,-0.4597856402,0.5050971508,-0.7345101237,0
-0.01884844338,-0.343365901,0.2475432476,-1.625636697,-0.3643337786,0.3917700052,0.1721657962,0
0.3626072861,0.1538825421,0.06057075204,0.4013320208,-1.106494188,0.9072273374,-0.2482335269,0
-0.2235029069,0.08759931926,0.4288803883,-0.3735373616,1.003725648,0.9659128785,0.3389181495,0
0.05490819912,0.03067374687,0.3658938164,0.5077664852,0.5018314719,-0.2872340381,1.855054617,0
-0.3317473689,-0.05331895069,0.04269852355,0.1593586206,2.181661606,0.4109679461,1.436995864,0
-0.06509018923,0.1107780578,0.2086943241,2.101967573,0.4846447706,0.02654044703,-1.825905204,0
0.1294541127,-0.2249322587,0.2740882999,-1.048568606,-0.1196988001,-0.200759232,1.282027006,0
-0.008306403073,0.2283223277,0.3258573255,-1.534430385,1.41326654,1.22901082,-1.512212634,0
-0.1586659115,0.06557221756,0.2584085624,2.748975039,0.1685260087,0.6012328267,-1.845454335,0
-0.182563581,-0.1433988114,0.0315200889,-2.475744486,-0.6914070845,0.3547566831,-1.504057169,0
-0.1807724938,0.2709864814,0.3442151783,2.159097195,-0.5576562881,1.233869553,-0.3343319595,0
-0.2117593858,-0.1923701258,0.0811831588,-2.404143095,-0.9611403346,1.156020522,-1.779744744,0
-0.2601738519,0.009246718771,0.3023245298,-0.03552638367,1.533756137,0.1219306514,1.415667892,0
0.07394530604,-0.1418588923,0.3042567476,-1.089681029,0.08029919863,-0.3695875406,1.957878232,0
-0.1991752149,-0.005282771685,0.3031562348,-3.11507225,0.3085178435,-0.5032272339,1.223283768,0
-0.1843218352,-0.2367419394,0.0534318948,-2.232337236,-0.6418984532,0.3917448819,-0.9576175809,0
-0.02649661557,0.2532121011,0.3300954037,1.675056338,-0.09976177663,0.08290980011,1.091301918,0
0.3106406819,0.01889295048,0.2825502099,0.06081140786,-0.1301047206,0.2377468646,0.1694955081,0
-0.05594642909,0.1479653932,0.3160327955,1.932168365,0.2860375941,-0.4964210987,1.662496924,0
-0.08289521858,-0.005135951593,0.2850226614,-3.078688145,0.7572717667,-1.032101631,1.825653315,0
-0.1141089583,0.2710303277,0.3008206043,1.96931541,-0.1900655329,0.7827507854,-0.7975282669,0
0.07659619332,0.377297009,0.08705729802,1.370505452,-1.129750967,0.6289126873,0.7588362098,0
-0.1083443483,-0.173276357,0.4066449662,1.011973858,1.274399161,0.3071842194,0.7799426317,0
0.2902838918,0.1891464949,0.2574057754,0.5774906278,-0.3965710104,0.4789740145,0.1481378824,0
0.3136881612,-0.2320949489,0.2064928131,-0.6369986534,-0.9861239195,1.365131855,-0.4726786315,0
0.08568113972,-0.243070412,0.2710697325,-1.231904984,-0.05779207498,-0.2647332251,1.208316922,0
0.2897268451,-0.1205723675,0.3101352893,-0.3943637908,-0.3876862526,1.050946355,-0.7528367043,0
0.02694190775,0.1331591876,0.1911074507,-1.770406842,2.173824549,-1.266837835,2.067601681,0
-0.1171627483,-0.3587475228,0.1870218558,-1.886461377,-0.6971678734,0.819355011,-0.3395050466,0
0.350752871,-0.0763129556,0.1688660654,-0.2140900344,-0.7116194367,0.9633406997,-0.8400861025,0
0.2949158486,-0.1207729906,0.08355955742,2.752909184,2.181661606,0.1526938975,1.584504843,0
-0.3524655852,-0.09530755822,0.02583898248,-2.877533913,-1.109041452,0.930359304,-0.7073323131,0
0.05586262686,0.1999178784,0.2535513694,1.298260689,0.5783826113,-0.2635579705,-0.5700073242,0
-0.1810654016,0.1150912085,0.03507729427,2.575886726,-0.04859605432,-0.7419392467,-0.118962042,0
-0.2388359622,-0.06680834013,0.289309122,-2.868800402,0.0545530729,-0.2730985582,1.090049744,0
-0.1935862428,0.08932606142,0.2896176603,-0.4323123991,1.605564117,-0.2515946031,1.713822603,0
0.1176986249,0.2749964574,0.1241196577,1.16638732,-0.3320827782,-0.406403482,0.8340009451,0
0.125324266,-0.165383888,0.3795293355,-0.9219300151,0.1496698558,0.8159797192,-0.931868732,0
-0.2598539405,0.09314974841,0.3489626879,-0.3440690339,1.648337007,0.5828683972,-0.3226901591,0
0.2372875326,0.167059977,0.3857270709,0.6134334803,-0.3664482236,0.9401460886,0.1862941831,0
-0.1308226161,-0.2566679187,0.1231049655,1.099422097,2.181661606,-0.1500952244,1.752895832,0
0.08294471226,0.03504659197,0.09728534084,-2.741795063,-1.833163142,-1.075959086,-1.251019478,0
-0.3483748175,-0.01634874014,0.2830461021,-3.094713688,-0.9998022914,1.220911264,0.7767533064,0
0.1178541981,0.2388919638,0.3744489002,1.112495303,-0.2952286601,0.5973374844,0.8362777829,0
-0.205791063,-0.04660493682,0.4194455322,-2.918882132,-0.1556408852,1.350625157,-0.8814660311,0
-0.1043991027,-0.01499875238,0.3543035226,-2.996804714,0.916044116,0.07042717189,-0.874186039,0
-0.3418992909,0.1285591932,0.2450404352,2.781941175,-0.6895087361,1.113421917,-0.5494966507,0
0.1137505512,0.2325249315,0.07725899229,1.116403341,-0.1331733316,-0.3188236654,-0.4477235377,0
0.08858885428,-0.2555739523,0.08033197221,-1.237050653,-0.1565864831,-0.545152545,0.2509611845,0
0.3463904786,-0.2132099914,0.1576077929,-0.5517525673,-1.143322468,1.127820253,0.2408242375,0
-0.2262923771,0.08357119884,0.0703870036,2.788464785,-0.6697901487,-0.7052206397,1.715132713,0
-0.1823448509,-0.1769188742,0.3870915064,-2.371297121,-0.1148044318,0.4932305515,0.6004884243,0
0.02721582417,-0.02231574262,0.4227133594,2.453475952,1.121201038,-0.1968645751,0.8329878449,0
-0.3678996205,0.07133270248,0.2173086604,2.950078011,-0.7320376039,0.6505587697,0.4885197282,0
-0.2160139662,-0.2452366652,0.325969835,-2.29292202,-0.4801746607,1.108520627,-0.4638589621,0
0.03459169419,0.2426802825,0.2498488611,1.428985357,-0.08763819188,-0.4003649056,1.442974687,0
-0.2083501603,0.1679684656,0.3327846164,2.463055849,0.1111303493,0.2456115931,-0.03902645409,0
0.2889246888,-0.0628368898,0.09586894701,-0.2141795009,-0.5175712109,-0.4171504378,1.103373647,0
0.1180115973,-0.2674730114,0.2464983455,1.986313701,2.044502258,0.6118977666,-0.9601488709,0
0.1033672766,0.1925440105,0.2086915255,1.078094244,-0.206747219,-0.6073761582,1.878916264,0
0.142804143,0.2101374664,0.2144153581,0.9739106297,-1.363916874,1.430848002,1.964318991,0
0.1921820585,-0.1012156424,0.2109780608,-0.4847556055,0.07031129301,0.3515640497,-1.493646502,0
-0.1145732657,-0.3132779462,0.1420089668,-1.921409488,-0.691834569,0.02899224311,1.145169139,0
0.2866067499,-0.1712802116,0.1733533422,-0.5386639833,-0.3227192461,0.02735090256,0.2656050026,0
-0.04904473186,0.4045511013,0.09513957973,-1.450152397,1.914179564,1.032858849,0.3353556395,0
0.3845300743,-0.1014146367,0.1162845037,-0.2579044104,-1.017472506,1.024289966,-0.3511197269,0
0.1893878725,0.2138645907,0.07997777083,0.846021533,-0.7391654253,0.7588424683,-1.491295576,0
-0.09729335371,0.3653833216,0.09357185833,1.831056833,-0.8444877267,0.4228274524,0.2971899807,0
0.07293621821,0.02475860916,0.3316913555,0.3272375166,0.7442955971,0.5109707117,-1.662098765,0
-0.1007993935,-0.009299018621,0.4535236331,0.09193884581,0.2834579349,1.219588995,1.168972731,0
-0.3249954363,-0.1447906291,0.1457403329,0.4191291332,2.03963089,1.159591556,-1.068704605,0
0.1173925394,0.2157402657,0.2969932118,1.072466612,-0.681851387,0.6646229029,1.809258342,0
-0.3063365918,0.02916059901,0.3776095582,-0.09490542114,1.058896542,1.298647642,0.08370855451,0
-0.04733662967,0.2102921649,0.1306056314,1.792205215,-0.5452413559,-0.7301871181,2.094395161,0
-0.1741564973,0.3389964855,0.05870251315,2.045367002,-1.219337344,0.6293260455,0.8140500784,0
-0.1056880397,0.04692737483,0.02098506081,2.723724604,-0.9228717089,-1.436991215,2.094395161,0
-0.01834866758,-0.1861212601,0.3435845897,-1.669057965,0.5442721844,0.1350859553,-0.6020022631,0
0.219757812,-0.03226086923,0.2415192536,-0.1457608044,-0.2502036393,-0.3576244116,1.908077359,0
-0.02761638878,0.1732439243,0.1598635648,1.728903532,0.9143767953,-1.118143201,0.08670732379,0
-0.08145194144,-0.05214242485,0.3333222065,-2.571797848,0.4797350168,0.8130118847,-1.859785199,0
0.166354561,0.1390596053,0.2199726121,0.6962637901,0.1780660599,0.2363524586,-1.332108617,0
0.04598255518,0.1108101089,0.06914599542,1.177454352,2.181661606,-1.733011603,-0.8720042706,0
-0.2354639454,0.2282107036,0.1194304621,-0.7698628306,2.138489008,1.204303622,-1.418550849,0
0.05977311005,0.1482425545,0.1971430589,1.187524557,0.05289052799,-1.064905882,2.058633089,0
-0.3227199027,0.007316282314,0.08533606007,-0.02266684361,2.181661606,1.327600718,-1.536001682,0
-0.2585997504,0.2327932359,0.1017344699,2.408915997,-0.8838217258,1.021905661,-1.094157219,0
0.09505741963,-0.0696119274,0.3748858607,-0.6318048835,-0.6396361589,1.476281762,1.762190819,0
0.1307217432,-0.1328621088,0.1092672164,-0.7935182452,-0.4777572751,-1.042038202,2.094395161,0
0.03255984004,-0.08305490166,0.2240497453,-1.197172403,1.012786269,-0.2680000961,-1.594002366,0
0.2346016524,0.1075978933,0.4059864545,0.4300164878,-0.2836404443,0.8226791024,0.5092343688,0
-0.2537837042,-0.004847141619,0.3550115868,-3.122442007,-0.02553506941,0.8159134984,-0.7870687246,0
-0.1676913615,0.07511207111,0.03089319831,2.719389439,-0.2236301899,-0.3579409719,-1.065184236,0
-0.2400431351,-0.1891981323,0.07626802963,-2.474096537,-0.3861266077,-0.070662871,-0.2487988025,0
0.1905316928,0.2975271233,0.1160709817,1.00123167,-0.8316642046,0.1924928576,0.990604341,0
-0.2069401808,-0.213965266,0.2104056774,0.8020873666,1.199955583,1.106327772,1.72881639,0
-0.08914630619,-0.1572984558,0.09752271622,-2.086426735,-0.2013373077,0.02421146631,-1.691689134,0
0.2799849332,-0.2814567003,0.1912084541,-0.7880195975,-1.005980492,1.01016736,0.3359652162,0
0.03258829517,0.00843824154,0.2092615748,-2.888227224,-0.7059506774,-1.848334789,-2.094395161,0
0.0928284732,-0.2734256723,0.144487706,1.898153305,2.177517653,1.021214962,-1.645168543,0
-0.02385779978,-0.08697302489,0.391315732,-1.838523746,0.6045702696,-0.2788853943,1.308897734,0
-0.3681413651,0.1249922054,0.2179063365,-0.3273102045,1.470128298,1.569337249,-0.4814884961,0
0.1700906158,0.1049281199,0.45262651,0.5527501702,-0.1532179713,0.9388080835,0.430636853,0
-0.003302231168,0.1627200262,0.2088993109,1.591087699,0.02242094837,-0.9615911245,2.094395161,0
-0.2135076092,0.01101478744,0.3880311185,3.090048552,0.01989022829,0.2504546046,0.9875792265,0
0.02202672662,0.1294354365,0.2168040289,-1.739377379,2.018123388,0.2362635434,-2.020651102,0
0.06413717917,-0.203974419,0.3967990573,-1.266147256,-0.08573496342,0.4127616584,1.040970206,0
-0.1705947909,-0.01654317724,0.4167531091,0.09667137265,1.337353468,0.6309500933,-0.5801507831,0
0.0004532179178,0.2214030151,0.3487060436,1.568738937,0.3839381635,0.0898739174,-0.1461196244,0
-0.08760577223,0.229031553,0.11278639,1.936129689,0.1329488903,-0.7364567518,0.2696877718,0
0.2515242019,0.3139927487,0.1260937047,0.8954148293,-1.206721783,0.9959560633,0.5192471743,0
0.1460501898,-0.07645595417,0.02035054846,-0.4817339778,-0.389483422,-1.27273643,1.324503422,0
-0.1159634845,-0.2142667406,0.02912507949,-2.066884279,-0.2585487664,-0.6711974144,0.2598976493,0
-0.0847004257,0.02700485455,0.2455382952,2.833095551,0.9886052608,-1.342533827,1.582279086,0
0.0003304685696,0.2374407932,0.1975518717,1.568716288,0.323851347,-0.2377773374,-0.627592206,0
0.1556260669,0.06848280317,0.04828239797,0.413446784,-0.3159641027,-1.294588685,1.488445878,0
0.008822334347,0.2158935555,0.3435117324,-1.611624599,1.601119041,0.741605401,-1.10804975,0
0.293123004,0.01566142559,0.1019621607,0.05336111784,-0.6429115534,0.7154858112,-1.38775301,0
0.1920716948,0.2049477619,0.143386283,0.8178252578,-0.004209515639,-0.4218873382,0.1654118598,0
-0.05857879925,0.06438586368,0.2014689804,-0.8325962424,-0.9302692413,-1.868427277,-1.347686052,0
-0.2035594233,0.2581465515,0.2244975686,2.238549232,-0.2258989513,0.1843830794,0.05183175579,0
0.2147506639,-0.2049058987,0.2360741138,-0.7617415786,-0.0521180518,0.2557551265,-0.5253692269,0
-0.003415538785,0.08238109123,0.4549960316,1.612199068,0.4528947473,0.9576243162,-0.861972928,0
-0.02103559417,0.1831318252,0.1285391073,1.685140133,0.4890985191,-1.261949658,0.8403261304,0
-0.1913983132,0.06572132255,0.1598840024,2.810832262,-0.1784896553,-0.9388038516,1.855012417,0
-0.1042708621,-0.2819555756,0.371778787,1.216580868,1.163498878,0.9852982759,0.4628111124,0
0.03273144627,0.211207325,0.1078827259,1.41702354,-0.2178331912,0.1398433149,-1.525262237,0
0.3334954559,0.1213629298,0.05562520949,0.3490135372,-1.643184185,1.090518594,1.304132223,0
0.1437671533,-0.0966260594,0.1204669706,-0.5917057991,-0.05586412922,-1.278301835,1.720572114,0
-0.1955904264,0.2180787522,0.124357547,2.301891565,-0.9225639701,1.353394866,-1.824620128,0
0.3503353948,0.02885105426,0.1637899162,0.08211804926,-0.6269952655,0.1688911766,0.807710588,0
-0.3316421792,0.09105703682,0.1780024135,2.873873472,-1.372669339,1.204310179,1.340369344,0
0.08102090601,0.3963026408,0.1635922001,1.369133353,-1.098641157,1.073821902,0.2640399933,0
0.2439664753,0.1271490309,0.1112828603,0.4804413021,-1.805167079,1.538408756,1.93277204,0
-0.2012805479,0.2020003982,0.2553484836,2.354031563,-0.323130101,0.9714553952,-1.306402802,0
0.3337079288,-0.007750002588,0.2251470027,-0.02320986055,-0.5675595999,0.2504918873,1.030321717,0
0.09763919483,-0.3310015459,0.04800186478,-1.283788443,-0.8461837173,0.06032564491,0.6912992597,0
0.3231854388,0.0384659415,0.3163462883,0.1184639558,-0.4143029153,0.6049045324,0.4757464528,0
0.1573239233,-0.2448197036,0.09133605759,-0.999520123,-0.365984112,-0.4803571999,0.7780154943,0
-0.3103282177,0.06402195597,0.1630892896,2.93814826,-0.3973714709,-0.1908238679,0.9110922813,0
-0.3469953018,0.02920808536,0.272763939,3.057612419,-0.713209033,0.7356767654,0.7911329269,0
0.3121975604,-0.1388015523,0.2595935541,-0.4185418189,-0.5193840265,1.00973475,-0.7281840444,0
-0.2134714643,-0.1570936082,0.1874116056,-2.507216215,-0.5051294565,1.03102529,-1.773277283,0
-0.09081372291,-0.05493807201,0.3427569274,0.5430406332,1.387492299,-0.5527088046,1.614995837,0
-0.1352008699,0.02947999512,0.1444999836,2.926905632,0.07205792516,-1.438255072,1.981859446,0
0.2093440933,0.2399278092,0.266744294,-2.28830719,1.740730166,1.048728585,-0.989130199,0
0.3379291301,-0.2022439143,0.1019637915,-0.5393213034,-1.013227701,0.9801017046,-0.3931282461,0
0.286389158,0.1828069642,0.2669062252,0.5681157112,-0.3590510786,0.4263512194,0.2492122203,0
0.05233962149,0.1506823886,0.02496911531,1.236483574,-0.1173179969,-1.334597945,0.9967135787,0
-0.1076825501,-0.05095518053,0.3958546759,-2.69961524,0.5084459782,0.7231906056,-1.161447883,0
0.09526369277,-0.3005896103,0.02850236399,-1.263769865,-1.104942679,1.083654761,-1.389187694,0
-0.2218146398,-0.1256675877,0.1037690574,-2.625950098,-0.7273310423,0.8811078072,-1.879442811,0
-0.2235235032,0.1634984817,0.4023114794,-0.631529808,0.8296399117,1.402813077,0.3301150203,0
-0.2678054513,-0.2540294277,0.1335230566,-2.382881165,-0.774079442,0.849566102,-0.6635833979,0
-0.09043372121,0.1399551137,0.2187510736,2.144468784,0.06040575355,0.5053628087,-2.02929759,0
0.2777849104,0.1353619982,0.3343056264,0.4534379244,-0.2314049155,0.6176950932,0.01398248971,0
-0.1479535795,0.051318342,0.4094590506,-0.3338594735,1.250743151,0.07609675825,0.9721001983,0
-0.280115881,-0.1585389019,0.08530765843,0.5150260925,2.181661606,1.330266237,-1.546355367,0
0.1919636603,-0.2708842759,0.04465558036,-0.9543252587,-0.76789397,0.4756437242,-0.6846473217,0
-0.02813300724,-0.1045530498,0.1692988981,-1.833716035,1.915097594,-1.33468318,-0.5725892782,0
0.312108845,-0.2053743985,0.1862404231,-0.5819895267,-1.034919024,1.554511189,-0.9392250776,0
-0.1199700371,0.1474825372,0.2181009984,2.25471282,0.0687572211,0.4604144096,-1.795466304,0
0.2184812042,-0.2355826904,0.05228638621,-0.8231096268,-0.6154635549,0.2238274962,-0.4881600738,0
-0.01727856309,0.1546746553,0.03984984003,1.681988358,0.4154791832,-1.255876184,0.07180297375,0
-0.2425790086,-0.01474457547,0.06461886261,-3.08087635,-0.1621884406,-0.818505168,0.6743633747,0
-0.02678710578,0.09278678876,0.465544699,1.852214336,0.5193995237,0.5666767359,-0.1686455607,0
0.2171697852,-0.1395095075,0.2991046865,-0.571080327,-0.02280342579,-0.136510089,1.059617519,0
-0.1650760446,0.1659538851,0.02749150154,2.353517532,-0.2283387035,-0.7527063489,0.3278700709,0
0.1733314795,-0.1872333627,0.1503412208,-0.823892355,-0.06899739802,0.1122467592,-1.066806674,0
0.01639006349,0.2704497584,0.3392822772,-1.631326199,1.707211018,0.5688471794,-0.474389255,0
-0.1019037699,0.129286101,0.1538212628,2.238286018,0.9827076793,-1.007402301,-0.3595046699,0
-0.2829288301,-0.06515154034,0.1363588751,-2.915170908,-0.4418405294,-0.4097963274,1.262235522,0
0.0482854884,0.2666344722,0.04067683973,1.392339706,-0.9420217276,-0.3763943315,1.660117269,0
-0.3947421715,0.06366274271,0.1487295256,2.981692553,-1.029729843,1.172839999,-0.3747282624,0
-0.2947908872,0.1990021436,0.07169605504,2.547799826,-0.7116239667,0.2378333509,0.07111735642,0
0.1809760884,-0.2578132895,0.04468806653,-0.9586848021,-1.935741782,1.421944737,1.580246568,0
0.3536729634,-0.1578197389,0.1670697421,-0.4197123051,-0.7807044983,0.6695736647,0.1440507174,0
0.1692326877,-0.2614617336,0.2487752703,-0.996465683,-0.09653235972,0.1706464589,-0.07023094594,0
0.07084362031,-0.1954036225,0.3371113747,1.918607712,1.362437844,1.201800346,-1.553804755,0
0.09976976925,-0.1515397357,0.1689761382,-0.9885504246,0.8674499989,-1.013360023,-0.01196153369,0
0.09427499782,-0.2019909163,0.02150319282,-1.134269476,-0.2238169312,-0.5050526857,-0.4127310812,0
0.03500566292,0.3622109799,0.2927349631,-1.667141557,1.364448071,1.156749964,0.2175067067,0
-0.1021473268,0.03632033125,0.07980742644,-0.3414781988,-1.214808106,-1.410378695,-0.8371979594,0
0.1620658647,0.360273146,0.2087214045,1.148074031,-1.142417669,1.564906001,-0.3670665324,0
0.1249701798,-0.1161526113,0.1227170214,-0.7498981357,-0.2155256122,-1.230607271,1.95921731,0
0.3019525739,-0.05368947708,0.05928328293,-0.1759477705,-0.4696116447,-0.2681865692,0.3280595243,0
0.04264216446,0.1234982556,0.3342540657,1.238403678,0.4521993399,0.676173687,-1.598032713,0
0.09688891537,0.179488881,0.05530849258,1.075812578,-0.4578590095,0.1213794053,-1.546439409,0
-0.07585510667,0.2324732124,0.1793066307,1.885655165,0.2871735394,-0.3340323567,-0.4651676714,0
-0.0763507177,-0.05525111599,0.0585021491,-2.515173435,0.3180194199,-0.804520607,-1.370564103,0
0.2193364546,-0.1136875028,0.2055532281,2.663380623,2.121587753,0.6989810467,-1.607788801,0
0.06562857161,-0.110199016,0.3998212542,2.10790658,0.2529873252,1.369583011,1.559414148,0
-0.2457706386,-0.2922714473,0.0667619743,-2.269980669,-0.9599998593,0.5007704496,0.2706849575,0
0.09386879738,-0.2607795477,0.2060814589,-1.225271463,0.1230545118,-0.3555608988,0.2532592118,0
0.1979222667,0.2362171194,0.3386504161,0.8733215332,-0.2414774746,0.6617121696,-0.02164322883,0
-0.1116523391,0.1757819089,0.1597134642,2.136892319,0.05181386694,-1.012244463,1.463309169,0
0.1835891499,0.05780705735,0.3492677373,0.304343462,0.5059372187,0.168916136,-0.5574680567,0
0.1880188231,0.179181634,0.2776111379,0.761370182,-0.08819201589,-0.2036937177,1.219626665,0
0.1926964771,0.3022077844,0.06430400289,-2.138425827,1.475062966,1.56949389,1.079013467,0
0.051680267,0.1875085983,0.3295367596,-1.839863777,1.565230966,-0.2662256956,1.424974442,0
0.08553992747,0.01320101581,0.1974351093,-2.988236666,2.05347538,-0.09403207153,-2.083860636,0
0.2352421263,0.00157383598,0.3014415898,0.006690107752,0.03478999808,-0.2441753894,1.256468773,0
0.1645953205,-0.1689045426,0.3545336773,-0.7983136773,0.01705827937,0.8677508831,-0.9892789721,0
-0.2956299573,0.1677210435,0.0508547451,2.625542879,-0.7050799131,0.03470008075,0.320330441,0
-0.1355526001,-0.03288260785,0.3765548173,-2.903610229,0.460300535,-0.2644341588,1.211891055,0
0.2624547686,-0.08563403427,0.04033955813,-0.3153567612,-0.5104479194,0.09811720252,-0.8149879575,0
-0.03495387824,-0.08418563605,0.3224016144,-1.964338541,0.6594932079,-0.7413185239,1.717619538,0
0.2267926953,0.1661633211,0.3396986355,0.6323146224,-0.9655203223,1.414633751,1.063871384,0
0.1041069561,0.2616333003,0.04366279976,1.192083836,-0.4599716067,-0.003150536213,-0.6190552711,0
-0.06613899616,-0.01632341206,0.2596387611,-2.899623394,0.7119019032,-1.172533512,2.094395161,0
0.2405985363,0.02604252643,0.02606606315,0.1078146696,-0.9862672687,-0.5353823304,1.823638082,0
-0.03773618025,0.3699189763,0.1680958862,-1.469134092,2.028664589,0.9598001838,-0.6588565111,0
-0.08515540528,-0.33726883,0.2187798047,1.323168278,1.35012269,1.045624495,1.202030897,0
-0.1997397378,0.05678763072,0.2392337823,-0.2770543993,1.968065858,0.6422958374,-1.7296139,0
0.1783025459,0.0857140537,0.03527799235,0.4481650591,-0.01761977375,-0.6601579785,-0.4939337373,0
0.1903422572,-0.3125523538,0.2877522637,-1.023790359,-0.8100146055,1.135890961,0.2223063558,0
-0.2098932726,-0.2710275305,0.06123603323,0.911847353,2.175816298,1.407094717,-1.352414131,0
0.06334536662,-0.2317798577,0.2559883732,-1.304028153,-0.1143369973,0.7973929644,-1.531481981,0
-0.2741181814,0.1702572487,0.1338297983,2.585779428,-0.3089105785,0.033602193,-0.1648224741,0
0.0966361495,0.2143566832,0.3224570836,1.147261381,0.02943085134,0.7980183363,-1.177104831,0
-0.008622222575,0.08508048655,0.04469534584,1.67609477,-0.4630129635,-0.4271877706,-1.861588597,0
0.06364697589,0.248554288,0.1515274886,1.320094466,0.07503361255,-0.1522129327,-0.6944507957,0
-0.2827592403,0.0753376221,0.05128507971,2.881481886,-1.069938421,-0.09326897562,1.69817102,0
-0.09413349766,-0.1911514255,0.3281006885,-2.028475523,0.3974590898,0.219919771,-0.6609602571,0
-0.01349905217,0.2362261723,0.119534318,1.627763867,-0.4127568603,0.4856641889,-1.686882257,0
0.01877596363,0.124202875,0.4432898338,1.420808077,0.5334151387,0.299348861,0.1171253026,0
0.03145353159,0.02267360434,0.1349738142,0.6251809597,1.107135534,-0.7364513874,-1.954725027,0
0.1709817551,0.3214095767,0.1841656235,1.081896544,-0.891509831,0.5648764372,0.9955487847,0
0.06682486272,0.1847254692,0.2732274881,1.223691702,-1.135217786,1.570796371,2.044419289,0
-0.1406683901,0.216938481,0.05974115797,2.146063805,-1.983129382,1.517830849,2.066836834,0
0.2985569183,0.06023836841,0.03043069479,0.1991357356,-1.110080838,-0.03744397312,1.512160659,0
-0.1302366129,-0.1702594242,0.3026638573,-2.223823786,-0.9858837724,1.354794741,1.854427695,0
0.2138924674,-0.01803850132,0.2787699574,-0.08388552815,0.1810112,0.5039730072,-1.329542398,0
-0.1790238285,0.1113121277,0.07324644705,2.585467577,0.2088734359,-0.8209921122,-0.132461831,0
-0.03231238656,-0.2340474888,0.1069258762,-1.707997918,-0.139027223,-0.8997337818,1.158303142,0
0.1373064764,0.163185113,0.2632896129,0.8710335493,0.03064516187,-0.5146051645,1.607780099,0
-0.09168725973,0.3002802244,0.2962814504,1.867058754,-0.3871276975,1.03229475,-0.840957582,0
-0.07149144082,0.1528276884,0.2896135407,2.008345842,0.1803503186,0.7563567162,-1.797899008,0
-0.3909689038,0.002874362066,0.2010383683,3.134240866,-0.8981409073,0.8810663819,0.3529374003,0
-0.04528201512,-0.233731612,0.2059290748,-1.762160897,-0.5569178462,-0.1595229656,2.094395161,0
0.3072838088,0.1415598611,0.3003246856,0.4316862822,-0.6249517798,0.7556272149,0.6905370355,0
0.202683814,0.1723781349,0.1875168905,0.7047718167,-0.4897635281,-0.2859719098,1.744223237,0
-0.2169820613,-0.08799368052,0.1371685235,-2.756404638,-0.1376456916,-0.8659021854,1.378600836,0
-0.1673202279,0.2015044968,0.381907915,2.263778687,-0.197227478,0.5436463356,0.6879613996,0
-0.1793602455,0.1060738578,0.07530473936,2.607519865,0.1656630337,-1.049851894,0.5108416677,0
0.1551564088,-0.05928846643,0.2433219934,-0.3650095165,0.8676918745,-0.4557560384,-0.70709306,0
-0.08856299343,-0.2573380325,0.387050527,1.239341974,1.229606748,0.7274535894,0.5604663491,0
0.2542413223,-0.1992734736,0.2454807087,-0.6647889614,-0.6943485737,0.4483215809,1.271932244,0
0.2161429217,-0.1439948961,0.02504690821,-0.587683022,-0.830835402,0.5711215734,-1.465388179,0
-0.04440701821,-0.1590628045,0.3589379137,1.298550248,1.406074882,-0.2122218162,1.391955733,0
0.2229501498,0.02342894452,0.02458633324,0.1050599292,-0.8125550151,0.4759671092,-1.680016518,0
-0.03554435723,0.2640013539,0.06647081479,1.704919219,-0.6768264174,0.5760342479,-1.48967576,0
0.1615300605,0.1210041256,0.1737616195,0.6429818869,0.2648719549,-0.0851598084,-1.250299215,0
0.03838802581,0.2414834919,0.1907581836,1.413321137,0.3569642901,-0.5400598645,0.00904659275,0
-0.2535288067,-0.08674648574,0.2189638063,-2.811908722,-0.3528156281,-0.2569295466,1.574081302,0
0.09174753043,0.3225202115,0.338109898,1.293646812,-0.6161059737,1.198109627,-0.1201815009,0
-0.1450546882,0.1429249149,0.1669980676,-0.7780027986,2.181661606,0.6589376926,-2.081403971,0
0.06156422244,-0.05366318892,0.461287465,-0.7139610648,0.295126766,0.4648284912,1.004215479,0
-0.3180912261,-0.1756872257,0.04016541726,-2.636971712,-1.210207224,0.4526923299,0.9957091808,0
-0.2539770076,-0.17298661,0.3477949056,-2.543656349,-0.3389196396,0.6663765907,0.3891305029,0
0.3485939272,0.1540910267,0.2622422118,0.4162112474,-0.9771228433,1.393015862,-0.05729314685,0
-0.08069359618,-0.00631471361,0.1588246078,-3.063496351,0.4763913453,-1.762174726,2.094395161,0
0.165024533,-0.104919119,0.1081751645,-0.5663983226,-0.2796123028,-1.098965287,1.764824033,0
0.1474206485,-0.2629125634,0.2515131444,-1.059759855,-0.2422576547,-0.03810553998,0.9408406019,0
0.1145190149,0.1352293091,0.04548583204,0.8682378531,0.2544562221,-1.173021913,0.2752883434,0
0.1343966414,0.05373729589,0.1594920775,0.3805056512,0.6368815303,-1.470169902,1.334905148,0
0.2225762819,-0.3016813282,0.1032404559,2.206558943,2.095353603,0.4931902289,0.8954383135,0
0.1848867518,0.1431772252,0.1645952273,0.6589143872,-0.06158787757,0.2450273782,-1.386609554,0
0.1574588987,-0.2606736197,0.354527797,-1.027399778,-0.6197704673,1.559586883,-0.7221542597,0
-0.05785392306,0.04932489194,0.2896654038,2.434912443,0.6292036772,-0.9193749428,2.04149437,0
0.3374843688,-0.04166352852,0.05925798449,-0.1228408739,-0.9248249531,0.8769841194,-1.033779263,0
-0.06482288648,0.2558711011,0.3362484043,1.819045305,0.08112214506,0.1094261184,0.4324521124,0
0.00306076916,0.3267417073,0.3450510999,1.561428905,-0.5728607774,1.008410692,0.2851254642,0
-0.0919112881,0.1526183172,0.06297804533,2.112845659,-0.27310583,-0.1043095365,-1.518972158,0
-0.01711291611,0.2064784656,0.3839537465,-1.488113999,1.013455868,0.5357217789,1.364832759,0
0.3966485331,0.06909958079,0.06663552941,0.1724776626,-1.282656908,0.9330644608,0.4063943028,0
-0.1501463246,-0.1235516806,0.3491157414,0.6870453358,1.657048941,0.5426799059,-1.012756467,0
0.3059896073,-0.1812842629,0.2539534659,-0.5348513722,-0.6761926413,0.6329652667,0.7086446881,0
-0.2855395167,0.1248687516,0.2441593479,-0.4122438729,1.653636932,1.37010622,-1.360703826,0
-0.2503108719,-0.01749472627,0.4080534521,0.06977857649,0.9806954861,1.493421435,-0.6986634731,0
0.3150526973,-0.1681417773,0.2088615463,-0.490216881,-0.6169176698,0.3707646132,0.711917758,0
-0.08632773987,0.2652561046,0.1421257041,-1.256250024,2.175118208,-0.2542359233,1.747362971,0
-0.2784515769,0.09467594268,0.04643224999,-0.3277463913,2.181661606,0.2589171827,1.879800797,0
0.219058375,0.1194034535,0.184803381,0.4993843138,-0.1003438383,-0.6567184925,1.342473269,0
0.2693870915,0.1479493741,0.2318206865,0.5021751523,-1.242810488,1.243201137,1.520844579,0
0.07869869751,-0.3909668762,0.0614310903,-1.372157812,-1.227576852,0.825186193,0.4154745042,0
0.1170092808,-0.005466675435,0.3554444691,3.094918251,1.332455635,-0.4087157845,1.568485141,0
-0.180178577,-0.1042372616,0.02953466473,-2.617405891,-0.160555169,-0.4858062565,-0.6417557597,0
-0.3178772926,-0.1178794695,0.2551118904,0.355227679,1.017600536,1.489471078,0.979138732,0
0.1606507197,-0.18183222,0.1118859962,-0.847166419,-0.7933722734,1.021861553,-2.094395161,0
0.2110890096,0.3335088384,0.05492261774,1.00651145,-1.142075777,0.9426287413,-0.2562969029,0
-0.3050314253,-0.01804644435,0.2845058097,0.05910486355,1.837764025,0.7291813493,-0.7299869657,0
0.2942612099,-0.01380928464,0.3110417471,-0.04689421505,-0.1202059761,0.1981319636,0.5326530337,0
0.1032537939,0.1987314351,0.2228946672,-2.049757242,2.0181005,0.7057414651,-1.736814976,0
0.1841633165,-0.2260743007,0.134073903,-0.8868849277,-0.1004725471,-0.355040133,0.1772526056,0
-0.3299570377,-0.1340251506,0.1380318902,0.3859168291,1.324602723,1.454181314,1.171488762,0
-0.3877788136,0.1118754234,0.08212921751,-0.2808738351,1.880117536,1.475637197,-0.5193473101,0
-0.2930331149,0.01113455888,0.06876292102,3.103703499,-0.9331993461,1.029606462,-1.622748017,0
0.1239604073,-0.154251645,0.3930882492,-0.8938492537,0.2793335021,0.09460183978,0.624984324,0
-0.03833382502,-0.3493086121,0.2401523988,-1.68010366,-0.7550782561,1.355395794,-0.9384143353,0
-0.1576878167,-0.06559234776,0.07284632041,-2.747396231,0.1301654279,-1.360632062,1.096025109,0
-0.03683213329,0.3481809962,0.2782304682,-1.465403676,1.462244868,1.410124779,-0.7403685451,0
0.1073100839,0.1423827831,0.2016671832,0.9249123931,0.2713254094,-1.075054407,1.593097329,0
0.1491525751,0.2821329382,0.2938049708,1.084483504,-0.2917529643,0.7637614608,-0.5318138599,0
-0.3436333518,-0.04373427523,0.1317262967,0.1266243905,2.067543745,1.21909523,-1.227363348,0
-0.002108630503,-0.4019058768,0.1228105967,1.565543771,1.830410004,1.40280354,-0.5332676768,0
-0.04223225304,0.3018850169,0.1458313586,1.709789276,-0.6864553094,1.027849793,-1.500175834,0
-0.05919764893,0.2668299821,0.2144388777,1.789116263,-0.1578658819,-0.3945373297,1.201378465,0
0.01343960382,0.1944570019,0.04629537727,1.50179255,-0.874665916,-0.8872050047,2.094395161,0
0.2170724722,-0.250792863,0.1354329916,2.284243584,2.131364584,0.1009249017,1.311876178,0
0.09791091516,0.3770028616,0.05023301111,1.316702485,-1.217247963,0.6956512928,0.5779083967,0
0.1741188736,-0.109821308,0.1340794765,-0.5632331371,-0.2386415601,-0.9878395796,1.785058379,0
-0.0513264184,0.2705919874,0.1637246783,1.758252382,-1.449376345,1.222417712,2.01269412,0
0.2392053177,-0.05979446747,0.3936816152,-0.2447427958,-0.2049065977,0.5850536227,0.7997236252,0
-0.04715918029,0.3967446999,0.0302622442,-1.452486038,1.936977029,1.570270419,-0.4818214178,0
0.1392407084,-0.06139338576,0.3894322064,-0.4152135551,0.377990067,-0.1140711978,1.10698092,0
-0.2713162761,0.08121875204,0.2735671318,2.850782156,-0.03020878509,0.4574400187,-0.7275087833,0
-0.129683683,-0.28152595,0.3608380797,1.139126182,0.9762772322,1.304670811,0.5149665475,0
-0.2808580605,0.1400952691,0.06976921532,2.678923607,-0.8447802663,-0.1504361928,1.296935081,0
-0.07578726899,0.2925292342,0.3298198086,1.824142218,-0.1536284089,0.5216059685,-0.02354772948,0
-0.1126193788,-0.09730827384,0.4273298813,-2.429025888,0.5035280585,0.3206055164,-0.09753476083,0
0.140998098,0.06994579744,0.3547014829,0.4604941308,0.3103560209,-0.2807449698,1.430576444,0
0.2429054647,-0.1217924312,0.2602632187,-0.4647608697,0.01861270703,-0.2744951844,0.8525522351,0
0.3871486894,-0.02063119462,0.1534950252,3.08835268,1.820367694,1.373604417,-0.7416183949,0
0.07483219059,0.2827755031,0.3426641551,1.312091708,-0.1608302593,0.730645299,-0.3762413859,0
-0.2047455571,0.2547843885,0.2028328077,-0.8939031959,1.998326778,0.092057392,1.108786941,0
0.08744102431,0.3435734934,0.2496352789,1.321582556,-0.5324774981,0.5041313171,0.4689389765,0
0.3573646599,-0.1295556587,0.1907131464,-0.3477932215,-0.776548326,1.003332615,-0.4839983284,0
-0.201719925,0.1838282745,0.2634888911,2.402573824,0.1464758664,0.08266831189,-0.3670270145,0
0.01603848883,0.1845260014,0.3041566358,1.484049082,0.1398611963,0.8128728271,-1.646258116,0
0.1958731359,-0.2157562862,0.3146023205,2.307988167,0.9877088666,1.116999507,1.261474609,0
0.1068421814,-0.1435441195,0.2541316769,-0.9309892654,0.385117203,0.2423058897,-1.447496653,0
-0.1266725556,0.265184901,0.02290727735,2.01684761,-0.9641074538,-0.248670131,1.364054561,0
-0.3080854256,-0.0214922699,0.06427301258,0.06957119703,1.467099428,1.474759579,1.639313459,0
-0.3240270533,-0.09721662283,0.1052319579,-2.850082636,-0.686196506,-0.02940975316,0.9011738896,0
-0.2810253145,-0.1543610146,0.226585398,-2.639304161,-1.280167818,1.28894484,1.396459341,0
-0.2722995493,-0.2295045799,0.1358784934,-2.441311359,-0.5682628155,0.1721838266,0.3493335545,0
0.221338357,-0.209654929,0.0446537438,-0.7582451105,-0.5576856136,0.1133995578,-0.5167168379,0
0.08855361171,0.2952248209,0.1758417359,1.279375792,-0.1534842551,-0.2188219279,0.3848765194,0
0.0668473437,0.01169957509,0.1450816813,0.1739643067,0.7950453162,-0.5569483042,-1.901536465,0
-0.3386089635,0.09184467973,0.2331835266,-0.2648754716,1.787584543,1.107687116,-0.8272274137,0
0.3701403988,-0.1367038593,0.03054841048,2.787802458,1.971507549,1.570796371,-0.6135671139,0
0.1762173808,0.08271505142,0.3871899811,0.438863039,0.1437163353,0.1047677994,1.036023021,0
0.1730787807,-0.03659318681,0.4686474586,-0.2083565593,-0.1158995032,1.023900032,0.337587446,0
-0.2132413665,0.003342890243,0.2762247136,3.125932455,0.1816114038,-0.5408585668,1.349089384,0
0.1339357415,-0.172718107,0.3233598138,-0.9111292362,0.4252131283,0.08493813127,-0.4543905556,0
0.2617099101,0.2800067284,0.09920129555,0.8191742897,-1.099223971,0.6123262048,0.802146554,0
-0.3178295067,0.1998564087,0.267536126,-0.5613390207,1.442511559,1.132535815,0.2377262712,0
-0.1195103698,0.3361956483,0.05683376925,-1.229426265,2.131180525,1.451828837,-1.214765072,0
0.1729711492,0.09104403581,0.04180112972,0.484505862,-0.4035336375,-1.113173962,1.393731952,0
0.2494216121,0.1737821591,0.1613916041,0.6085353494,-0.4523696601,-0.2519257367,1.204182506,0
0.1583622327,-0.07819491585,0.3724866618,-0.4599680305,0.3722964525,-0.1763273329,0.9742854238,0
0.06775083665,0.2471834286,0.1017969852,1.301970243,-0.3932584822,0.3412090242,-1.366307139,0
0.2354653337,0.1692007954,0.3749920841,-2.518500328,1.24548161,0.8066749573,0.5060980916,0
0.2450714658,-0.05253216798,0.1071002017,-0.2109458745,-0.1883075237,-0.7967161536,1.083461285,0
-0.2561137724,0.19563517,0.2459013977,2.48941946,-0.5136170983,1.099460125,-1.092042685,0
0.1742759208,0.05293331083,0.1919034693,0.2949562073,0.755446136,-1.119642615,0.6478314996,0
-0.02266264002,0.09690992427,0.3127687814,1.800562382,0.7552331686,0.3206499219,-1.548735738,0
0.1643208299,0.1357317861,0.3035221633,0.6904056668,0.1322780848,-0.362719059,1.357472062,0
0.2402256297,-0.03178174432,0.213982739,-0.1315035075,0.004932103679,0.3851909637,-1.310084105,0
0.3182667881,-0.224720841,0.08503921068,-0.6147928834,-1.041130185,0.6050698161,0.4794348776,0
0.1003240541,0.07095947193,0.3555880316,-2.525977135,1.389901638,-0.4244315624,1.485100269,0
0.1091444254,-0.2851677946,0.140022732,-1.205208302,-0.185815379,-0.2644899786,0.2565107644,0
-0.02709796718,0.1209852045,0.1412648632,1.791112542,0.1069299653,-0.1182871684,-2.028826952,0
0.06282877338,0.3563613974,0.2603952972,1.396284938,-0.5859992504,0.6914076209,0.2757731974,0
0.4018699809,0.04660097593,0.1593875304,0.1154446602,-1.058329701,1.173537612,-0.1726115346,0
-0.006781326747,-0.2513686741,0.4293245465,-1.597767591,-0.4452739954,1.299103498,0.1214389354,0
0.2703316327,0.0735758034,0.1080588341,0.2657985985,-0.1025185212,-0.333124131,-0.1312024742,0
-0.176783878,0.246266225,0.1499813493,2.193406582,-0.9965950251,0.30523476,1.811398268,0
0.07363100302,-0.0954403469,0.1281914064,-0.9136842489,-0.02225687914,-0.1315138191,-2.094395161,0
-0.3180840325,0.2290943452,0.1707488657,2.517419338,-0.8681688905,0.7456642985,0.3006163538,0
-0.185506119,0.08949302353,0.3277110282,2.692103148,0.2010351419,-0.2858483493,1.224441051,0
-0.2873289282,-0.06358316565,0.1891291641,0.2172847986,1.056981087,1.470361471,1.680267811,0
0.1725918817,-0.3599253372,0.1204901272,-1.123665452,-1.336896181,1.122385383,0.650870502,0
-0.02108774459,-0.2036483966,0.4038524628,1.467681646,0.5054046512,1.384326696,1.119814515,0
-0.1506661326,-0.2266040497,0.1284697346,-2.157554626,-0.458376497,0.5897507071,-1.458645821,0
0.1510777745,0.04794828051,0.3381746326,-2.834283829,1.582194567,0.6131958961,-1.375020266,0
0.02110768817,0.02928140185,0.2242811176,0.9482210875,1.275107503,-1.596558928,1.842945099,0
-0.3248510717,-0.2320204464,0.1372088974,-2.521375895,-1.234202385,1.044728637,0.6099728942,0
0.2296712165,-0.2625516862,0.08680249044,-0.8521620035,-0.7677365541,0.6874570251,-0.7762511373,0
-0.1703135993,0.3043034626,0.1373740794,2.081043243,-0.48977229,0.1282158345,0.2151296437,0
-0.26343344,0.03672301611,0.3322600491,3.003083944,-0.1730968654,1.009320974,-1.035006642,0
0.1826875598,0.2400116305,0.1787836888,0.9202007651,-0.08269616961,-0.2325643748,0.2484248132,0
-0.2206630105,-0.08889195549,0.1935945553,-2.758633852,0.1469636261,0.06322481483,-1.05127573,0
0.2592451491,-0.08197452992,0.1925688803,-0.3062566817,0.05225683376,0.03221638501,-0.6793000102,0
0.074951521,-0.1298561273,0.3685710654,2.094254732,1.306222558,-0.1751436442,1.44640255,0
0.05272692916,0.05048839429,0.2893046022,-2.378124952,1.767228007,0.0407070145,-1.520875812,0
0.2562869266,-0.06027165599,0.1478892553,2.910617113,2.181661606,-0.3663707674,1.831787229,0
-0.2110670877,-0.1573061623,0.08554266519,0.6404797435,1.348727584,1.569831133,2.020716429,0
-0.2983065528,0.2200717953,0.1304906661,2.505984545,-0.8061746955,0.8900994658,-0.679993391,0
0.2907544497,0.1290824912,0.3103019509,0.4177990854,-0.2817142904,0.4464008808,0.3763759136,0
-0.1545252565,0.1510521865,0.3124513963,2.367559671,0.0262060985,0.8856974244,-1.451389909,0
-0.1381580072,-0.1809447826,0.2230899839,-2.222904921,-1.361080766,1.570796371,2.070327997,0
0.2469526111,-0.2615567932,0.2204222939,2.327483177,1.628338456,0.698892355,0.9714971185,0
-0.1206492718,-0.1588750264,0.1464835333,-2.220510483,-0.06004694104,-1.060330153,1.653014541,0
0.1570998082,-0.022674796,0.4144012865,-0.1433402151,0.4776431322,0.09212771058,0.4012422264,0
0.1212683768,0.1783210924,0.3260284688,0.9735824466,0.1559702307,-0.2410866171,1.190783978,0
0.1744959336,-0.1028178562,0.3724771694,-0.5324729681,0.08712498844,0.9731342196,-1.159739017,0
0.2246027025,-0.0602917295,0.2176681662,-0.2621312439,-0.1860602647,-0.5316593051,1.721181393,0
0.1804242585,-0.04970520778,0.3040950151,-0.2694359422,0.3186597228,-0.540649116,1.355844617,0
-0.128681414,-0.3022436219,0.160495339,-1.973304749,-0.4670194089,-0.08606922626,0.8589131832,0
-0.2010255531,-0.09360331582,0.04932616501,-2.705842257,-0.5956352353,0.3034803569,-1.582202673,0
-0.1306973738,-0.2030197249,0.06909434303,-2.142258406,-0.3597485721,0.09310189635,-1.198571205,0
-0.1630505184,0.1298371043,0.3643122957,-0.672513485,1.673192382,0.4105115235,-0.6161593199,0
-0.2943411737,0.05015274482,0.3873880152,2.97282362,-0.5859072804,1.295056581,0.0858502388,0
0.2236376437,-0.1004704723,0.2148035496,-0.4220956266,-0.1574462354,0.6476227641,-1.543522239,0
-0.08466224703,-0.2203148869,0.1585657572,-1.937676311,0.3483227193,-0.5623061061,-0.2221913636,0
0.08832811929,-0.1208314369,0.1703080677,-0.939144671,0.6664508581,-0.4234431684,-1.276103616,0
-0.2536030308,-0.1702670422,0.1725144436,0.5913009644,2.127031326,-0.1273764521,1.38257587,0
0.2968282806,-0.009422909307,0.2074316579,-0.03175143898,-0.02867860161,0.05051814765,-0.3422169089,0
-0.1848518282,0.1125522473,0.2580523531,2.594614029,0.5671114326,-0.3470153511,-0.3019002676,0
-0.298283105,-0.2423179426,0.1756813599,-2.459351063,-0.8016084433,0.9543542266,-0.4124762714,0
-0.223470495,-0.07801369001,0.1843869635,-2.805721045,-0.1115911156,-0.7162851691,1.505601645,0
0.124844259,-0.09958161495,0.4458468108,2.468288898,0.8491202593,1.391719699,-0.9305182695,0
0.316458511,0.1695610755,0.06890643537,0.4918382764,-0.9823723435,0.9780931473,-0.9113006592,0
-0.3234924088,-0.1222134303,0.02920634532,-2.780735254,-1.004725218,0.8231719732,-0.86479491,0
0.1941105537,0.3043673499,0.2959691416,-2.138512135,1.37566483,1.108084559,0.2574005723,0
0.03586792933,-0.09083978819,0.3559390282,1.947090507,1.262923598,-0.4444091022,1.641536236,0
-0.3067127896,0.01891069033,0.2649851986,3.080008507,-1.291576266,1.541101456,1.233347178,0
0.038909834,-0.314213962,0.1499205185,-1.447693944,-0.6763162017,0.9988800883,-1.362402678,0
-0.2582771694,0.01240076425,0.3642725548,-0.04802020267,0.6964205503,1.383583665,1.077847481,0
-0.01321986344,-0.2414839182,0.2509642937,1.516097307,0.779399097,1.478955626,1.882912874,0
-0.1012879588,-0.08153725056,0.1906542372,-2.461291075,0.3110526502,-1.338958144,1.984169722,0
0.3468536504,-0.1869425664,0.05039901823,2.647260666,2.063111782,0.8607553244,0.6250833869,0
0.002010011331,0.2507769562,0.3807021124,-1.5788697,1.228978992,0.5301940441,0.9253780246,0
0.008439576238,-0.09585760718,0.4862825967,-1.482979774,0.1950098276,0.7759487629,0.5466454625,0
0.1550735495,0.2904377374,0.3166985164,1.080374241,-0.5333938003,0.7238798141,0.6046331525,0
0.3481520203,-0.05439469001,0.08167653107,-0.1549866796,-0.9270638227,0.9721198082,-0.9963843822,0
0.09298884867,0.2147577395,0.048867437,1.163115144,-0.2842501104,-0.1604008377,-0.9107282758,0
-0.02732224993,-0.1841469036,0.3640663044,1.423532844,1.441802263,-0.1105535626,1.221690297,0
0.1545464795,-0.1412430216,0.4256875727,-0.7404512763,-0.02998766303,0.5724102259,0.658215344,0
0.2715760018,-0.04249633873,0.3866097345,-0.1552217454,-0.401968658,0.8456355333,0.6553348899,0
-0.160168778,0.0527182991,0.3664401626,-0.3179785013,0.9381906986,0.4012158811,1.764699101,0
-0.1412912365,-0.04856013627,0.1693784859,-2.810592175,0.4970985949,-1.393079758,1.495523095,0
0.02067995664,-0.1546959036,0.1163382686,-1.437915444,-0.02466655709,-0.08577635139,-1.783544302,0
-0.01752178293,-0.2562822214,0.1069321754,-1.639196515,-0.3930255175,0.3714469969,-1.390202641,0
-0.3961471379,0.05566137383,0.1722523642,-0.1395895034,1.746251464,0.984192431,0.3704174757,0
0.007127544355,0.125719529,0.07698014131,1.514163136,-0.4529025853,-0.09347825497,-2.094395161,0
-0.1199384949,-0.297434657,0.108028179,-1.954259396,-0.6497389078,-0.1689369977,1.107270718,0
-0.1609063134,-0.2950701713,0.2422839431,-2.069983721,-0.4665181935,0.8955346942,-0.7892290354,0
0.1242054249,0.2937462519,0.2326933421,1.170498013,-0.5844675303,1.20635581,-1.251686692,0
-0.08071064267,-0.1026534719,0.3134102951,-2.237065554,0.458420068,0.5994864702,-1.691300273,0
-0.01053513717,0.06101667119,0.1546576174,1.741770625,0.6428158283,-0.4479231238,-2.094395161,0
0.1833330119,0.2355793384,0.331627207,0.9094765186,-0.2547877133,0.4123823643,0.6248914599,0
0.2219743705,-0.1794745873,0.08804253414,-0.679990828,-0.6155519485,-0.4459311366,1.348767757,0
-0.005999825048,0.1412728926,0.389902941,1.613207936,-0.4779495299,1.118868947,1.684507966,0
-0.07919841704,-0.2569075445,0.04896105973,1.271788955,1.482106805,1.559866428,1.933221221,0
-0.2992737656,0.1587240138,0.1120135765,2.654052258,-0.5235643983,0.3447226286,-0.4770739377,0
0.003682663853,-0.05177101478,0.3113083838,-1.50055635,0.8045268059,0.5033689737,-1.902842879,0
0.05816594351,-0.02420888825,0.3059459119,-0.3941094279,0.8731651306,0.3360947967,-1.745646477,0
-0.1239967828,-0.12698996,0.224468451,0.797085464,2.025516748,0.4845992625,-1.885679364,0
0.1573721049,0.2653926684,0.2240099787,1.03636384,-0.413739115,0.8989106417,-1.170148373,0
0.06263053152,0.1282870101,0.4314396809,1.11649847,0.3809660971,0.7459990382,-0.7041230798,0
0.2123076527,-0.05702050044,0.4231899196,-0.2623851299,-0.06448246539,0.6220770478,0.5708207488,0
-0.2205767875,0.2829588514,0.1271398738,2.232923508,-0.6060910821,0.1929869354,0.3436550498,0
0.02348226307,0.08771895148,0.3802647997,1.309206247,0.7754997015,-0.4408180714,1.099393129,0
-0.1402612194,0.2279906782,0.3307239309,2.122322083,0.05292257667,0.4896857738,-0.488096267,0
-0.02952613857,0.3478339836,0.2698050377,1.655478597,-0.6725769639,0.6783563495,0.7491308451,0
0.3287685768,0.1181340081,0.157964365,-2.79663682,1.434505582,1.131864309,1.340569019,0
-0.05388488073,-0.2871228859,0.03515172859,-1.756318331,-0.8355104923,0.6465018392,-1.267024159,0
-0.3287420008,0.09635720761,0.06558551314,-0.2850665748,2.164613485,1.40723002,-1.360527158,0
0.1096017848,0.1358551269,0.259122529,0.8911097646,0.2040270865,-0.7560520172,1.766969562,0
-0.2635193181,0.1550937145,0.2706791194,2.609670639,-0.2330529392,0.7137448788,-0.7999246716,0
-0.1926116579,0.232066318,0.2404505907,2.263554335,-0.3002382815,-0.05486962199,1.063483953,0
-0.3050916506,-0.0915513877,0.2966257268,0.2915315628,1.446776748,1.405260324,-1.019231796,0
0.1537318905,-0.3759331481,0.1479826591,-1.182611227,-1.078693986,1.152812719,-0.1500759572,0
-0.2159047419,-0.28206451,0.02271659044,0.9174838066,2.147909403,1.570796371,-1.203241944,0
0.1046181461,0.03088498219,0.1721021476,-2.854530334,-1.93888247,-1.637681484,-0.3159473538,0
0.2304049543,-0.1573637478,0.07297574371,-0.59894526,-0.2413076609,-0.2662677467,-0.2663888335,0
0.03855116108,0.09367191847,0.03541701132,1.180368543,2.181661606,-1.755637646,-1.182878375,0
0.1629941979,0.3246836734,0.06169132954,1.105532646,-0.8278204203,0.2586816847,0.3276086748,0
-0.1572501334,0.06919016837,0.1194462043,2.727058172,-0.03941613436,-0.02888502926,-1.704117775,0
0.1541870206,0.3675644078,0.02748717328,1.173607945,-1.326229692,1.106665492,-0.2236079872,0
0.2977742461,0.05937305571,0.02584444818,0.1968089044,-1.27175951,0.1413573027,1.660942912,0
-0.3631986484,-0.06027453024,0.1775596747,0.1644572616,1.720519304,0.7110637426,1.032760262,0
0.1134637551,-0.3403528922,0.1797831949,-1.249424577,-0.681501627,0.9512190819,-0.8065718412,0
0.2824462022,0.1967012123,0.2393312638,0.6084740162,-0.5062991977,0.9061813951,-0.7136701345,0
0.3630368146,0.0363910404,0.1896079227,0.09991449863,-0.5930818319,0.3723151684,0.4381732345,0
0.3273950303,-0.1134026259,0.04800379811,-0.3334744573,-0.7682933807,0.3905128241,-0.369130969,0
0.2909658147,-0.06443098038,0.2421860931,-0.2179267853,-0.500895083,0.1159212738,1.397401094,0
0.1375264782,0.2342030478,0.04861835397,1.039910316,-0.5249313116,0.1974761188,-1.004730344,0
-0.08165291955,-0.1442800454,0.2098825204,1.055816531,2.059459925,-0.9841480255,2.002008677,0
0.0784137971,-0.02734416643,0.1651416155,2.806040287,-0.6413889527,-1.711647749,-1.660096765,0
0.283774776,0.2333857831,0.2280911289,-2.453295708,1.526282549,1.564884543,-0.8579394817,0
-0.1176303708,0.1110932413,0.2322671487,-0.7568250895,1.833495975,-0.8306038976,2.094395161,0
-0.1612034077,-0.1834005119,0.08755230083,-2.291389227,-0.5464633703,-0.7301578522,1.626458764,0
-0.1446144178,-0.2954625371,0.326925818,-2.025969028,-0.4948325157,0.7785162926,0.4120607674,0
-0.03850552744,-0.3738170564,0.1854338268,-1.673427224,-1.206362844,1.076194286,0.9392283559,0
0.128971261,0.2651026916,0.1903702579,1.11805737,-0.6852949262,1.298061967,-1.666905165,0
-0.08769633734,0.3137580385,0.08696277016,1.84370923,-0.8556376696,-0.03372053057,1.271847248,0
0.01388470911,-0.2803724328,0.3073135842,-1.521319747,0.002397906035,0.4640361965,-0.5159938931,0
-0.04131396837,-0.1551693168,0.2677174779,1.310600162,1.739165068,0.6378396153,-1.891936898,0
0.008971453498,0.2827801828,0.3677528436,1.539081573,-0.3454244435,1.224569678,-0.7010504007,0
-0.2509880911,-0.05268023188,0.09380666732,-2.934724331,-0.5935155749,0.606862247,-1.628374219,0
0.1480094969,0.3830993293,0.09593956033,1.202114344,-1.283398628,1.127049685,0.20325616,0
-0.2195849155,0.1537082092,0.07541755741,2.530861616,-0.4855306149,0.3129586279,-1.210963368,0
0.0279120734,0.2832611034,0.1227058367,1.472596049,-0.2684964538,0.1867504418,-0.9021602869,0
-0.2570627293,-0.01307499765,0.1162475773,-3.090759039,-0.7535181046,-0.3826827705,1.946037531,0
-0.1124136182,0.01899307102,0.4208398911,2.975407362,0.6566412449,-0.04254745692,0.5397440791,0
-0.09864573015,0.1250058763,0.3250579601,2.238873482,0.826151073,-0.561809659,0.4117937386,0
-0.1157066513,0.2184702915,0.1206190614,2.057878017,0.09127586335,-0.3484966159,-0.5427412987,0
-0.06112667697,0.1920038262,0.08546042482,1.879034638,0.3341886699,-0.8382187486,-0.2553085387,0
-0.1558057974,0.2878051962,0.2093213437,-1.074597716,1.978116989,0.1093532518,1.079862237,0
-0.004900451888,0.3727033639,0.2664465841,1.583944082,-0.8971142173,1.114545345,0.3989302218,0
-0.1687148457,-0.09909065291,0.05842575434,-2.610536575,0.22625494,-1.023187876,0.1496423185,0
-0.312295608,-0.1828659645,0.2298687952,0.529733777,1.752994061,0.5753044486,0.7245178819,0
0.06027612231,-0.2078322569,0.1757670099,-1.288515568,0.274889648,-0.9616651535,1.041646481,0
-0.09980193572,-0.2209722334,0.1720502221,-1.99502039,0.09865900874,0.005870288704,-1.003721476,0
-0.02545529707,-0.3906043858,0.1537753996,-1.635873199,-0.8969612122,0.6883625984,0.3907757998,0
-0.3635030561,-0.1007242517,0.1323165773,0.2702812552,1.519342303,1.232557654,1.006293535,0
-0.03190288477,-0.04795008961,0.04678279105,-2.157881975,2.181661606,-1.53238225,-1.697926283,0
0.2020682046,-0.2337747526,0.2003047404,-0.8579107523,-0.2429160029,-0.1879888177,0.7965791821,0
-0.22765121,-0.2197024854,0.02315234904,-2.37396121,-0.850787878,-0.1602155566,0.9033076763,0
-0.3438944311,-0.1845508304,0.05207533248,0.4925377965,2.113590956,0.7638790607,0.6616621614,0
-0.01862683371,0.1990836024,0.06575212768,1.664086699,-0.01751039922,-0.3950404525,-0.9510010481,0
0.06189239709,-0.2685277025,0.4066862978,-1.344264746,-0.5312408209,1.462474585,-0.2628233433,0
0.03787960749,-0.1541875487,0.3128029991,1.811666727,1.996132374,0.03024947084,-0.9176738262,0
-0.07513018506,0.185341271,0.3363134045,1.955916166,0.5598890185,-0.2245647162,0.1452835351,0
0.132841404,-0.2510371105,0.2480794081,-1.084085703,-0.106505096,-0.2169549465,0.9458895922,0
-0.2667743677,-0.2038571499,0.05933517102,-2.489093781,-0.647349894,-0.01713214628,0.3298264146,0
0.3613287664,-0.1438426492,0.2179708041,-0.3788640499,-0.8810502291,0.9434981346,0.2911153436,0
0.2796964664,-0.2643404916,0.2083646459,-0.7571805716,-0.8348822594,0.7914477587,0.4177826047,0
-0.0472162516,-0.2630771875,0.1700741147,1.39322269,2.160240173,-0.3772613704,1.686845303,0
9.279663565e-05,-0.1740569177,0.1641215003,-1.570847392,0.8185912371,-0.7742090821,-0.592006743,0
0.2344601038,0.1315135222,0.1667144984,0.5111066103,-0.2776273787,0.5169374943,-1.358849049,0
-0.05876979106,0.1167363493,0.4478891134,-1.103429198,0.9569475651,0.3963984251,0.8792341948,0
-0.2913406415,0.1102065589,0.1883535223,-0.3615765572,1.913550854,0.1000882313,1.485213757,0
0.04697687786,0.3905074732,0.1201590648,1.451074243,-0.9517303109,0.6624001861,0.3433608115,0
-0.1264917567,0.2913927325,0.08490464317,1.980366588,-1.795824766,1.392865658,1.612909198,0
0.2200668096,-0.01928879227,0.05100876546,-0.08734867722,-0.3321278095,-0.06013703346,-1.168381095,0
-0.134647826,-0.1687208679,0.3424663314,0.8974528909,1.724266529,-0.1895880997,0.8717285395,0
0.3300770807,-0.01805362077,0.3279846455,-0.05464084446,-0.4902715385,1.066444278,-0.3193362355,0
0.3643645971,0.1001121508,0.09442204205,-2.873466969,2.025620461,1.36312604,-0.9434241652,0
-0.05623724227,0.05610811304,0.05611792455,2.356419563,-0.1485466361,-0.592912972,-1.737522483,0
0.03083680783,0.01543911437,0.4361244399,0.4616972804,0.6038112044,1.023430228,-1.217531323,0
-0.2573722903,-0.2718949071,0.1923251259,-2.328718185,-0.6934129,0.8772490025,-0.4485197365,0
-0.09332485296,0.1067207953,0.06483722723,2.289394379,0.1512717009,-0.5762671232,-1.248638272,0
-0.09563109762,0.2221194494,0.2546009505,1.977501154,0.04719626904,-0.4706255794,1.254891872,0
-0.1671283688,-0.1721843606,0.3914098179,-2.341351986,-0.5328243375,1.003687739,1.076364279,0
0.3124795268,0.02071931106,0.3074795586,0.06620943546,-0.2947541475,0.847653985,-0.5912644863,0
-0.06067553513,0.183525416,0.3537286388,1.890076756,0.5579065681,-0.1098172516,0.03497363254,0
0.1426982729,-0.0125780386,0.1340802734,-0.08804457635,0.6095536351,-0.5593609214,-1.265581131,0
0.08616952899,0.3631497193,0.1693758161,1.33782053,-0.817989707,0.4913618565,0.7434868217,0
0.3282241038,-0.0764053361,0.1677032138,-0.2287104279,-1.329863071,1.053999186,1.473716021,0
-0.04289636318,0.3002331066,0.05907433777,1.71270442,-0.8677272201,-0.2154538035,1.378728032,0
-0.2512249396,0.1148891498,0.1783099345,2.712608099,-0.3614142835,-0.3984945714,1.441608191,0
0.06035447567,-0.2287304547,0.4102879463,1.828863382,1.135261774,0.6568801403,0.6811560988,0
-0.05486758805,0.1841297881,0.08931459289,1.860401869,0.4557291865,-0.9923015237,-0.08073169738,0
-0.1163307236,0.08601242719,0.210937133,2.506060839,0.4050565362,-1.212606668,1.773065805,0
-0.03056077232,-0.3838058799,0.1100172676,-1.65025425,-0.9459878802,0.5281074047,0.5522010326,0
0.0622722305,0.02817032414,0.1201581427,0.4248263836,0.2469763756,-0.5268753171,-2.094395161,0
-0.1673546133,-0.3568955986,0.09581032238,-2.009270668,-1.150634885,1.24766624,-0.6155435443,0
-0.07159454775,-0.323664576,0.258547605,1.352954507,1.628872991,1.299686313,-1.055142879,0
0.195168932,0.007537722534,0.4064883834,0.03865108639,-0.2964803576,0.7512034774,1.261596203,0
0.1945587443,0.06315560192,0.1780849549,0.3138785362,-0.1627812088,-0.8552670479,1.881635904,0
0.2206919597,0.04009215106,0.08231721094,0.1797296256,-0.2148465663,-0.9785217047,1.223532796,0
0.159878952,-0.2758056939,0.2853632236,-1.045452237,-0.4149392247,1.031113625,-0.8578166962,0
-0.0230617897,0.02447593828,0.05799822658,-0.812564671,-0.07741425931,-1.255093217,-1.623203516,0
-0.06005283972,-0.05659194829,0.4282467047,0.7568480372,1.109120607,0.7136307359,-0.9459794164,0
0.1513206067,-0.260441386,0.08213485087,2.097139835,1.381451368,1.518360496,1.701479435,0
0.20753496,0.05455514746,0.05918620789,0.2570438683,-0.3139753044,-0.03411294892,-1.273184896,0
-0.2405746732,-0.008247433652,0.3146936294,0.03426592425,1.938148379,0.2917890847,-0.6316142678,0
0.0314771463,-0.2667806842,0.0628069022,-1.453389525,-0.7559866905,0.6840072274,-1.564112663,0
-0.1412584064,0.2192805686,0.225318153,-0.9984849095,1.927138329,0.9443928003,-1.619335771,0
0.1381646685,0.2631998316,0.1012312789,1.087393165,-1.794113278,1.456714272,1.776429176,0
-0.2554319901,0.1049821051,0.2634345353,2.751718998,0.03363664821,0.3460523188,-0.7237731814,0
0.1173253696,0.2160582375,0.3085892638,-2.068270445,1.814654112,0.6114396453,-1.012099385,0
-0.003621992941,-0.1538633616,0.4528794223,-1.594332099,0.1263187826,0.5580566525,0.7074030638,0
0.1936229072,0.0212416582,0.2614567557,0.1092693135,-0.02624726295,-0.5147558451,1.874408603,0
-0.2124330039,-0.2602045993,0.2188902278,-2.255461454,-0.2874274552,0.3149447143,-0.1372751296,0
0.2471070027,-0.05647742589,0.1071839892,-0.2249385864,-0.1043871269,-0.0978980884,-0.8564731479,0
-0.2796425109,-0.1896721873,0.2167830318,-2.545582294,-0.3386792243,0.1580540985,0.3917244077,0
-0.3078765892,0.08197403207,0.03179891646,2.881332397,-0.7656118274,-0.1721342504,0.7563098073,0
0.1964542215,0.3241171642,0.05249070806,1.025996685,-1.140846252,0.5259042978,0.7141343355,0
0.1928872821,-0.1990155785,0.3240067318,-0.8010331988,0.03601139784,0.152382195,0.3167259991,0
0.2671739232,0.1876335316,0.09717009413,0.6122668386,-0.4408210814,-0.09464241564,0.2131211907,0
-0.2116689019,0.194382091,0.2726969782,2.398750305,-0.36008811,0.09458440542,1.290292621,0
-0.03586815067,-0.04136568448,0.3455203902,-2.28511858,0.8636607528,0.4868249595,-1.571163416,0
-0.102703789,-0.3055827757,0.2787907617,-1.895027518,-0.4368137121,0.3512961268,0.8622908592,0
-0.1211291563,-0.3261498307,0.1094498755,-1.926391006,-0.8863133192,1.068442464,-1.125525832,0
0.1397315966,-0.08579994291,0.06364857136,-0.5506747961,-0.6610273719,-1.206995845,2.094395161,0
-0.3581794064,0.09465546679,0.2191016638,2.883230686,-0.6950176358,0.5909053683,0.5254281759,0
-0.1299601357,0.3527816251,0.1434524204,1.923841476,-1.171432376,0.8141456842,1.033061862,0
-0.3590223252,0.1363744443,0.1826257678,2.778571367,-0.7676267028,0.8918999434,-0.3129982352,0
0.1544639698,0.09133685572,0.2722286021,-2.607577324,1.728533506,0.7404705286,-1.829903364,0
-0.1549313246,-0.1009201438,0.3556796418,-2.564270973,-0.8244606256,1.428125262,1.632408261,0
0.2086583978,-0.0695830857,0.05568685415,-0.3216644526,-0.0961316824,-0.3961333036,-0.7305157185,0
0.1824449911,0.08797729084,0.2992726343,0.4493201077,-1.010956287,1.43440938,1.916314006,0
0.2671415443,0.06837755,0.09348302404,0.2506537437,-0.8771803379,-0.2536619604,1.833089232,0
0.2688727577,-0.09738161926,0.3290499859,-0.3474881351,-0.9055813551,1.233742595,1.17694521,0
0.09891118696,-0.03754060013,0.4782176155,-0.3627412617,0.1547524631,1.285164714,-0.6918626428,0
-0.01617446916,-0.2032576379,0.247067341,-1.650204301,0.3255109787,0.1893520057,-1.246415257,0
0.1395319896,-0.3484385662,0.1334924265,-1.189902782,-1.503839374,1.309917688,1.002354503,0
0.2172554203,0.3155077395,0.07826747737,0.967881918,-1.130363345,1.200968266,-0.7653617263,0
-0.1097757092,-0.07038076642,0.03670486842,0.5701159835,-2.181661606,-0.661057651,-1.149611354,0
0.005301497936,-0.1255896897,0.09738991008,1.612972498,0.3904628754,-1.893054605,-1.836816192,0
0.0877892331,-0.2166775874,0.06519739214,-1.185010672,-0.6587096453,-0.7665860653,1.717982769,0
-0.2889689566,-0.1643496832,0.2914403373,0.5170696974,1.544497132,0.5929823518,0.7924878001,0
-0.1160211504,0.3284072854,0.1111444061,1.910387397,-1.480484486,1.043038964,1.422687054,0
-0.1297360553,0.0473815341,0.2975515408,2.791458607,0.4457539916,-0.7421724796,1.698110819,0
-0.111158448,-0.2488566013,0.05360741556,-1.990883589,-0.7577548027,-0.4883159697,1.467345119,0
0.1602826072,0.07642471897,0.07692545306,0.4448946714,-0.5096196532,0.2222093791,-1.95374012,0
0.04143651537,-0.3808200554,0.1904109529,1.679178715,1.741017938,1.327628851,-0.6812770963,0
0.194592602,-0.2250610315,0.1345271359,-0.858164072,-0.1619358659,-0.06974948943,-0.3605868816,0
0.1044700963,0.03238706459,0.2717440466,0.300686419,1.104650497,-0.3176204264,-1.062968254,0
0.1633875557,-0.1147635278,0.1304027772,-0.6123353839,-0.4517161846,-0.894723475,2.094395161,0
-0.1172297359,0.05023556934,0.4824117556,-0.4048514068,0.7337580919,0.8672050834,0.4334155023,0
0.2192219294,-0.3269472282,0.2047916878,-0.9801365137,-0.9461559057,0.9840239286,0.3056641519,0
0.07327333832,-0.2430618342,0.2521393166,1.863577366,1.810003877,-0.2143814564,1.587401986,0
-0.02269536051,0.2925625362,0.3234361808,1.648208261,-0.348477006,0.4007952213,0.9470819831,0
-0.3191327945,0.1679985223,0.1823980524,2.657024145,-0.576836884,0.2965199351,0.5036056638,0
0.2622828206,-0.1651945028,0.3426627127,2.579525232,1.275280476,0.8169962168,0.723554194,0
-0.2129802365,-0.07661395682,0.3810491533,-2.79633379,0.09540469944,0.7748330832,-0.7319099307,0
0.1070349338,0.004559502963,0.4546122176,0.04257210717,0.2989207208,0.390984863,0.903339386,0
0.1543760468,0.1622049995,0.3997457279,0.8101047277,0.1558241844,0.5687746406,-0.2530813217,0
-0.2662955767,-0.07303163863,0.2179015992,-2.873936653,-0.1963287294,-0.3466268778,1.239518881,0
0.05729942122,-0.345260005,0.1600384207,-1.406336069,-0.7776886225,1.107377768,-1.075758815,0
-0.1763409837,-0.1570116065,0.1292523601,-2.414063692,-0.2351277769,0.2871467471,-1.474602461,0
-0.2769666485,0.09428318311,0.1187653889,-0.3281089664,2.181661606,1.16946137,-1.730572343,0
0.2286332841,-0.06031835627,0.3750003362,-0.25801,0.1690767109,0.2148537785,0.3307704628,0
-0.2108990256,-0.05111330227,0.3762807844,-2.903822422,0.2809847295,0.4160400927,-0.4154636562,0
-0.2439513642,-0.1939073843,0.1327559474,-2.46968317,-0.235070616,-0.1958575398,0.1670915782,0
-0.1118300515,-0.04393855522,0.02377722643,-2.767050028,-0.7288461328,-1.471489906,1.908278942,0
-0.07777418489,0.3859910822,0.1228182153,1.769588232,-1.043189883,1.16985476,-0.565053463,0
0.2644252713,-0.09412923622,0.1182405516,-0.3419901729,-0.698872447,0.9259977341,-1.674278378,0
0.2488409257,-0.1546110572,0.1745139966,2.585638523,2.10803628,0.9616975188,-1.509968877,0
-0.3725769819,-0.0736988839,0.06514497599,0.1952874362,2.054049253,1.430276752,-0.9198195338,0
0.1287205218,0.1655228408,0.4427776874,0.9098261595,-0.1472411156,0.8538535237,0.4917417467,0
-0.03645357375,0.2141142174,0.1447510043,1.739020705,0.4027210474,-0.9712350368,0.5181426406,0
-0.2598036779,0.007820584587,0.3052817542,-0.03009266779,1.815019608,0.6462266445,-0.9522935152,0
-0.144814987,0.06082694438,0.3479125232,2.743947029,0.7858796716,-0.1641115546,-0.2884552777,0
0.1667342013,-0.1850677934,0.06554240787,-0.8374447227,-0.0835416317,-0.6473333836,0.1288223118,0
-0.1079043633,0.1656923594,0.2580739443,2.147976398,0.1964545548,0.4672785997,-1.532830238,0
0.03910464935,0.04181736121,0.04504119508,-2.325591803,-1.371891975,-0.9177796841,-1.473477006,0
-0.1983527294,0.1353041797,0.3414023146,2.542953968,-0.105512768,1.06302321,-1.214133263,0
-0.0934534441,-0.1941803852,0.2422530218,-2.019440174,0.2179388404,0.2856578231,-1.292316318,0
-0.3170942242,-0.1322668652,0.1897805604,-2.746422529,-0.362195462,0.2014293671,0.1110385507,0
-0.3736733625,-0.07674960545,0.2063982915,-2.939017773,-0.7894648314,0.7113127112,0.4368745685,0
-0.3482674375,-0.06186236763,0.2612437505,-2.965797186,-0.6721540689,1.219303727,-0.7039424777,0
-0.3520020964,0.02899135835,0.2114776633,-0.0821653828,1.888430715,0.3758692443,0.8468027711,0
0.2793553976,0.03568124459,0.3827426531,0.1270390302,-0.2578459978,0.9841444492,-0.2941417992,0
-0.2807867934,0.002204063269,0.2407005307,3.133743048,-1.242881298,1.309257865,1.693637371,0
-0.1173192594,-0.04330657666,0.06693798928,0.3536183238,-2.181661606,-1.684967875,1.130196571,0
-0.2480662445,-0.1870366031,0.2138700838,-2.495553493,-0.1412677169,0.2404378951,-0.4387770295,0
0.170135261,-0.07813976145,0.0793672452,-0.430529058,-0.642770648,-1.02622509,2.092577696,0
-0.1975557288,-0.1049816793,0.2596833098,-2.65312171,-0.1614805609,-0.3406713009,1.764702678,0
-0.1753209353,0.09504066903,0.4484131835,-0.4967806339,0.4892531037,1.513446569,0.5061924458,0
-0.1169295492,0.3526834478,0.2703037175,1.890933871,-0.7968116999,1.020302534,0.292656213,0
-0.06567706356,-0.2190268108,0.2090046391,-1.862188458,0.1828727722,-0.7743197083,1.150773406,0
-0.2445769619,-0.3281823161,0.1617255739,0.930343926,1.627057195,1.340247631,0.04445069283,0
0.1472600261,-0.2575539528,0.03247527341,-1.051397324,-0.5409795642,-0.3236307502,0.3938097954,0
0.264206966,0.09742196516,0.05187366307,-2.788289309,1.485306382,1.519293904,1.846610665,0
-0.06655647253,-0.06917332426,0.4438944792,0.8073415756,1.223403692,0.3126961291,-0.1421041638,0
-0.0004244651079,-0.2331963499,0.2846614502,-1.572643757,-0.1186870113,-0.218753472,1.558972239,0
0.334470723,0.1884829547,0.166409785,-2.628419638,1.875011802,1.215224266,-0.6810547113,0
0.3146559505,-0.08838288695,0.1427088983,-0.2737380862,-0.3385872245,0.1743082702,-0.3453314304,0
-0.07918318816,0.1457036365,0.4340987762,2.068599701,0.3141832352,0.3255853057,0.4250530303,0
0.1001514661,0.03490059467,0.3623556259,0.3352997899,0.5896372795,-0.4555129707,1.437933445,0
-0.3242208398,-0.01810549085,0.1246948795,0.05578576401,2.154819965,0.06608022749,1.412311912,0
-0.06689145292,-0.1808469856,0.1040695006,-1.92544353,0.2259987146,-1.220933318,0.9898427129,0
0.3733008873,0.1698813183,0.05148637571,-2.714523315,1.90997684,1.290255308,0.1104229093,0
-0.1425855062,0.3648007069,0.2044494323,1.943397522,-0.8800050616,0.9154495597,0.2306849211,0
-0.2113832798,0.1669337278,0.3921228765,2.473150969,-0.2567411065,0.7317059636,0.4685932398,0
0.1851214799,0.01290221744,0.2120879314,-3.071640968,2.063832283,-0.8578771949,1.927214146,0
-0.1335266864,-0.2967546603,0.2430219478,-1.993510485,-0.3054251075,0.1194838285,0.634722054,0
0.008381560745,-0.2097740757,0.07589935523,-1.530858278,0.2352279872,-0.8847748637,-0.003273603972,0
-0.351847211,-0.04423890733,0.0673305195,-3.016509771,-0.9646874666,0.9518505931,-0.9405350089,0
0.1752206879,-0.08827723216,0.1509852016,-0.466176331,0.3603529632,-0.328353256,-1.04971385,0
0.07930561559,0.3227375773,0.09101669518,-1.811750054,2.020834684,1.570796371,-1.546745896,0
-0.1639113023,-0.3345670685,0.08953518708,-2.026446581,-1.606287599,1.260987163,1.077526927,0
-0.1020528016,-0.07761431857,0.1961020059,0.6505487561,2.119622231,-1.288018465,2.088351488,0
-0.03761139933,0.2777806306,0.22004329,1.704288125,-0.3648618162,-0.1972713619,1.455127954,0
0.05317078379,-0.2328032314,0.3289216365,-1.346329808,0.2677122951,0.2630109191,-0.4837309122,0
-0.3107285961,-0.2244442152,0.1206606607,-2.516052246,-1.47514677,1.236936688,0.9252848625,0
0.01866076942,0.1643346093,0.1500965988,1.457721233,0.1080069095,0.00640338799,-1.750205874,0
-0.0645558641,0.06885729992,0.4635014264,-0.817476213,1.037654638,0.6106236577,-0.2977192998,0
0.2974693746,-0.1260109686,0.07794211818,-0.4006927609,-0.8751494288,-0.05457979068,1.285765648,0
0.1675244503,-0.1557834787,0.08590104041,-0.7490987778,0.1516418457,-0.7728471756,0.03700432926,0
0.1159360604,0.3655989123,0.1433166273,1.263750076,-0.8518114686,0.5310925841,0.5181505084,0
0.2428860701,0.09984242516,0.4099363653,0.3900085092,-0.3414934278,1.269382,-0.3905256689,0
0.1504031365,-0.09751154671,0.08193457883,-0.5752034187,-0.597720623,-1.100058317,2.094395161,0
-0.3163504705,0.1273508861,0.3114608387,2.758884192,-0.9891843796,1.392204762,0.5746427774,0
-0.1510631651,-0.1543143165,0.2850610337,-2.345549822,0.02753323503,-0.3831937015,1.541160703,0
0.1778388398,0.2298741082,0.08147474271,0.9123424292,-0.2720097601,-0.3821363151,0.216396302,0
-0.06337288589,0.1209570715,0.4761151672,2.053367853,0.1895867735,0.7644994259,0.2139363289,0
-0.1936912332,0.1325470366,0.07904423664,2.541469336,-0.09168252349,-0.2610146701,-0.8102124929,0
0.1919765799,0.02536725347,0.3291460109,0.1313756406,0.2252066135,0.6994706988,-1.322852969,0
0.1558583944,-0.2115500953,0.05123904329,-0.9359624386,-2.039937019,1.561434388,1.990877271,0
-0.05745714009,0.2374489287,0.02796338564,1.808264613,-0.2694311142,-0.4518110156,-0.2666388154,0
0.2838923022,0.1499627784,0.1914123874,0.4858826697,-0.2769028544,0.3809884489,-0.603446424,0
-0.2088660749,-0.0005144601683,0.1174178687,-3.1391294,0.007783666719,-1.088980436,1.282115102,0
0.3197301369,-0.1777825422,0.1899758903,2.634117603,1.914275646,0.458366096,0.7924357653,0
-0.2136207764,0.02874606607,0.08767778501,3.007835388,-0.3072986901,-1.006111622,1.499407411,0
0.171887669,0.06679319872,0.1760250601,0.3704956174,0.253344059,-0.01344737969,-1.479526281,0
0.0672481822,0.08174528812,0.2239646712,0.8823728561,0.6149822474,-1.328000903,1.900280952,0
-0.1569172899,0.0006450857006,0.2932443094,-0.004102949984,1.565996408,0.7997611761,-1.879657388,0
-0.2235522756,-0.2574838107,0.02880815115,-2.285792351,-0.8399602175,0.05763810128,0.499437511,0
0.2156220963,-0.05459139182,0.06151882909,-0.2487933636,-0.5887870193,0.3667528629,-1.670161486,0
0.06909147093,0.04565914691,0.3609375239,0.5840288401,1.167660475,-0.3052971661,-0.3061100245,0
-0.1966147612,-0.05714982918,0.2957766915,-2.85863781,0.2614863515,-0.5045437813,1.26510191,0
-0.2486431013,0.05353563554,0.1276519062,2.929519176,-0.249455899,-0.7285869718,1.294643521,0
0.1797814595,0.02781379477,0.07860133551,0.1532837749,0.01627807692,-0.3347913921,-1.218290687,0
0.3219242948,0.242356295,0.1731297394,0.6453137994,-1.078886271,1.076616764,0.2715533078,0
0.3625938603,-0.1209974072,0.06257555277,-0.322086364,-1.020472169,0.5008936524,0.4441586435,0
-0.160479759,0.1134295464,0.05962100093,2.525977135,-0.2681281567,-0.1034100279,-1.350820899,0
-0.1024642663,-0.3416794958,0.07316459651,-1.861977577,-0.8646816611,0.7675387263,-0.7511612773,0
0.05972253142,0.05454649743,0.1376779764,0.7444663644,1.304996967,-0.872284174,-1.440654278,0
0.101756363,0.1723326244,0.1554288418,1.036602736,-0.1791225523,0.3790746629,-1.859190106,0
0.09925791327,-0.1185592156,0.3527741662,-0.8737793565,0.3854825795,-0.3498239517,1.354244471,0
-0.2718317859,0.2071142662,0.2965916056,-0.6510448456,1.476830482,1.276440024,-0.651956141,0
0.2689388956,-0.2333551637,0.07665901278,-0.7146741748,-1.727740288,1.34515059,1.233543277,0
-0.0907195206,0.2491974144,0.1493566571,-1.22171092,2.10259366,-0.2684623301,1.903423667,0
0.3193557584,-0.1009473734,0.06927498421,-0.3061538041,-0.6841481328,0.4520059526,-0.6568984985,0
-0.02623730791,-0.2834007521,0.1488549583,-1.663113117,-0.02555814572,-0.4165329039,0.2598981857,0
0.1960234858,-0.1321262875,0.1166712124,-0.593034327,0.2064371258,-0.5680500865,-0.2952626646,0
0.08265915431,-0.2407925269,0.1719755967,-1.240117073,-0.55690974,-0.3334204853,1.911089063,0
-0.002185493843,-0.3387900987,0.2147409707,1.563850403,1.643339157,0.547146678,1.27511251,0
0.3630448229,0.02080677298,0.2349626526,0.05729386583,-0.6334158778,0.5603601336,0.536509335,0
-0.1171011138,0.239747724,0.1859649063,2.026017666,0.1410299391,-0.1703533828,-0.4504654706,0
0.01112185377,0.3272879911,0.04366177447,-1.604765296,2.181661606,1.537217379,-1.534289718,0
-0.04329421282,-0.0181042747,0.03987588802,-2.745522738,2.181661606,-1.540851593,-1.806267262,0
-0.2251840979,-0.1745348999,0.1259747808,-2.482234955,-0.07344040275,-0.3705561161,0.06217624247,0
-0.1623642547,-0.06932138655,0.3215262886,-2.738250971,0.3240198791,-0.4662629366,1.391605258,0
0.2441385632,0.1041997785,0.09346153359,0.4035996497,-0.1951593012,-0.07754772902,-0.7579810619,0
-0.2856748075,0.1463158093,0.1694087808,2.668231726,-0.7525481582,0.1286885142,1.437131763,0
-0.2837638374,0.1925364185,0.222264618,2.545435667,-0.4101727009,0.2228295058,0.510328114,0
-0.1929268984,-0.1021915831,0.1215302873,-2.654475927,0.3383298218,-0.9610394835,0.4101185799,0
-0.1923078386,0.05677981654,0.2008538047,2.85449481,-0.2558918595,-0.6593387127,2.094395161,0
-0.3080929354,0.1219663068,0.2066992434,2.765253544,-0.2865508199,0.365894258,-0.3825794458,0
-0.08136267201,0.05745115394,0.3240355717,2.52682519,0.9827449918,-0.849653542,1.080500484,0
0.1290366835,0.1602648395,0.4578039748,0.8929253817,-0.2383191139,1.297894359,-0.1625870168,0
0.07156793354,-0.1065255455,0.4747620722,2.162363291,0.9292519093,0.7012678385,0.1543969363,0
0.07341896059,0.2655310082,0.2483913557,1.301046848,0.1490935683,-0.2319335938,0.2688049078,0
-0.3760911579,0.03200306808,0.1591243987,-0.08488816023,1.949075341,0.5506190658,0.7585961223,0
-0.01915468563,0.1007136096,0.4912822337,-1.382860422,0.7110477686,1.091583133,-0.2841279805,0
-0.04638975955,0.07377467061,0.1638380553,2.132125616,-1.983628511,-1.804170012,-2.094395161,0
0.1260807069,0.1575987961,0.03209377671,0.8960489035,-0.9879636168,-0.7744865417,2.094395161,0
-0.1418990784,-0.09062480564,0.1345021978,-2.573118687,0.700561285,-0.7493914366,-0.7751730084,0
-0.2562931849,-0.1077339732,0.3039751635,-2.743427277,-0.1399367899,0.8080440164,-0.9591570497,0
-0.3660975173,0.157264076,0.02099037243,2.735858679,-1.366775632,0.9583098292,0.2376968712,0
0.2598656708,0.2102333048,0.1790061955,0.6802729964,-0.5633069277,0.05913763121,1.010747433,0
-0.2504653501,-0.04759651861,0.05864913951,-2.954147816,-0.2980891466,-0.1097583622,-0.7880173922,0
-0.3121807361,0.1665306761,0.1040432149,2.651310444,-0.7673833966,0.1295557916,0.8038218021,0
0.0629400927,-0.3429433267,0.2908886077,-1.389286637,-0.4967997074,0.8439483047,-0.119626686,0
-0.117765722,0.01899299543,0.3546106584,-0.1591015458,0.8157511353,0.2873014808,2.08868289,0
0.09240250499,-0.2788131813,0.3163779949,1.89082098,1.563095093,0.3275792599,0.9417095184,0
-0.2113380415,0.08904907281,0.3442874461,-0.3983110487,1.768191338,0.4008037448,-0.6250267029,0
0.4032783571,0.05271636705,0.09178890129,0.1299823821,-1.224008918,0.9811785221,0.3028374314,0
0.2359889398,0.0135511518,0.07709623798,0.05735985935,-0.9044296741,-0.4913514555,2.094395161,0
-0.139564958,0.02357862766,0.3505156069,-0.1672338992,1.416910052,-0.3717157245,1.502120018,0
0.001032994485,-0.05566495919,0.1319878189,-1.55182898,0.8411195874,-0.6688113213,-1.919873118,0
0.1315748472,0.09121420801,0.2670942496,-2.534480095,1.719236016,0.6647531986,-1.926093102,0
-0.2566254833,-0.2813887707,0.1204236212,0.8313808441,1.978338838,1.302313805,-0.8620313406,0
0.1596818795,0.136099431,0.2768593997,-2.435773134,2.036094904,0.340575397,-1.202334404,0
0.1518273888,0.1689327683,0.3563480522,0.8386882544,-0.04384907335,0.1257582009,1.183779478,0
-0.1019344384,-0.2031145085,0.1530381194,-2.03592658,0.4157573879,-0.7170643806,-0.03548969328,0
0.3685849312,-0.1173143006,0.04844046533,-0.3081445992,-1.200379014,0.6520830393,0.6010914445,0
0.2408402809,-0.1797172525,0.06483814632,-0.6410727501,-0.7220218778,-0.323597163,1.209243774,0
0.0560973864,-0.1827423068,0.2040122396,-1.272870421,-0.004695210606,0.469679147,-1.860415459,0
-0.3276374857,0.1605900778,0.2394214066,-0.4557330608,1.276371121,1.241831541,0.8215497732,0
-0.09001438295,0.174602835,0.3732272976,2.046802998,-0.1059751362,0.2750011981,1.440714836,0
0.1904964574,0.02815895466,0.3305439568,0.146755144,0.2139885277,-0.3087993264,1.346247077,0
-0.1195021196,-0.2076811078,0.3039049395,-2.092748165,0.2745528817,-0.2836342454,0.6333470345,0
-0.01104765442,-0.125995769,0.1949701125,1.483243585,2.158817291,0.1116297618,-2.051337957,0
0.07995891358,-0.01572258179,0.1990302214,2.947413921,2.014719009,-1.548645496,2.093965769,0
-0.1365610375,-0.3565214253,0.0909905768,1.20499754,2.088631153,0.5894214511,0.8098642826,0
0.2573093736,-0.07220576967,0.3889660925,-0.2735821903,-0.1482149661,0.6422116756,0.2879000306,0
0.1159265941,-0.2785019896,0.3150418821,1.965228438,1.587839246,0.3629683256,0.8292171359,0
0.03228181953,0.2720723669,0.06383904128,1.452586293,-0.3356334269,-0.06536380947,-0.653529644,0
0.1463661177,-0.007161529787,0.2850924927,-0.04893095791,0.4056793451,0.4876378775,-1.710443377,0
0.115250794,-0.1891106065,0.1891490443,-1.02342999,-0.1078760549,0.4804165065,-1.673251867,0
-0.2129992463,-0.3137350675,0.1527305104,-2.167230129,-0.8891620636,1.111580133,-0.7134419084,0
0.3379984028,-0.1044751009,0.07841032127,2.841799736,2.129588604,1.36380136,-1.230171561,0
-0.03499571434,0.319746316,0.1754725062,-1.461777806,1.339622021,1.108705401,1.599924922,0
0.2670566592,0.1237821795,0.3471215547,-2.707819939,1.53650403,0.8462398648,-0.4519515038,0
-0.03999258277,0.1616681331,0.03386762487,-1.328275442,-2.145640612,-1.234582663,0.3293667436,0
-0.02862496803,-0.03232012562,0.1574190523,-2.295638084,0.8933448195,-0.5280291438,-2.094395161,0
0.1941735517,0.1401120039,0.1787617664,-2.51661849,2.148140192,-0.5495520234,1.837308049,0
0.2222348124,0.1861908154,0.149202875,0.6973842978,-1.579695463,1.360741377,1.853802323,0
-0.09971508925,0.1765523478,0.2423867077,2.085245371,0.704351902,-0.6515241265,0.0452388078,0
-0.06788348119,-0.1098433256,0.4335102471,1.017243028,1.017264366,1.063994884,-1.02862668,0
-0.0313649078,-0.06128982988,0.348542663,1.097838759,1.091425538,0.9064100981,-1.884827971,0
0.2251233991,0.2068133371,0.2784764599,-2.398553133,1.771453619,0.919113934,-0.9488924742,0
-0.3733472187,-0.1298495844,0.1240623302,-2.806878567,-0.980042994,0.706084609,0.3745877445,0
-0.2322373834,0.2854322655,0.1963817996,-0.8878013492,2.0514853,0.6748043895,-0.2770367861,0
-0.2611473602,0.01990644304,0.2162487218,-0.07601514459,2.097842216,0.7023081779,-1.447131276,0
0.09187372471,-0.1629004247,0.3702193655,2.08427,1.234138966,0.107608065,1.425162673,0
-0.03338238901,-0.07573063354,0.2661555961,-1.985950708,1.401039958,-1.281021714,0.9557301998,0
0.1543444439,-0.194008118,0.1050306894,-0.8986881375,-0.3765251637,-0.7605707645,1.439942241,0
-0.1003094184,-0.04390159238,0.440601635,0.4125751853,0.9144048691,1.150231242,-1.087448239,0
0.02278670741,0.4008435338,0.1044935281,1.514016032,-1.044530034,0.9239650965,-0.1053785533,0
-0.1266440722,0.1340755494,0.2618692877,-0.813896656,2.103963375,0.2385340482,-1.359114885,0
-0.08355493086,0.3432998728,0.09948631898,1.809429049,-0.6661428809,0.1066645235,0.4859040976,0
-0.1061626607,0.01972826489,0.4575631471,2.957858086,0.1992446035,1.284653664,-0.9773690701,0
0.2706248182,-0.2671660219,0.08713004479,-0.7789672017,-1.294657707,0.794241786,0.9804558158,0
0.2338202216,-0.2136463659,0.1117796969,2.401413679,2.166174889,1.219031572,-1.53890717,0
-0.1489353955,-0.00741252618,0.1961789803,0.04972910136,2.10387969,-1.133198023,2.094395161,0
0.3129199791,0.02073442851,0.1271097658,-3.075227499,2.176291704,-0.02486142889,1.49753654,0
0.2204612695,-0.0463905651,0.05188300744,-0.2070963085,-0.1696492434,-0.9403492808,0.7866129875,0
-0.0681288959,-0.1254328919,0.08789508192,1.072304726,-0.4892599881,-1.912184954,-0.6189386845,0
0.008364175773,-0.3044326865,0.03851133432,-1.543324113,-1.900953412,1.29394865,1.7225734,0
-0.0912107179,-0.06375989366,0.2622714137,-2.531568289,1.43601799,-0.8852321506,-0.2589276731,0
-0.2241466472,-0.2978687954,0.1542485895,0.9256157875,1.426707387,1.27997005,1.02070725,0
-0.3265595169,0.0280402255,0.2936112466,3.05597496,-0.3518359661,0.4359573424,0.4680568576,0
0.2530493567,-0.1875256393,0.2846687418,-0.6380614042,-0.4258407354,1.083167195,-0.948877871,0
-0.01522502527,-0.09233366898,0.1075787258,-1.734217286,-0.05265409127,-0.357763201,-2.094395161,0
0.04011744776,-0.3224514481,0.3355834356,-1.447002769,-0.4167026877,0.8092183471,0.1383281946,0
-0.09090879915,-0.1069391013,0.3272964076,-2.275347948,-0.01160195749,-0.04917356744,2.094395161,0
0.09906885848,-0.1384746717,0.1692201268,-0.9497830272,0.331823349,-0.1187117472,-1.492250443,0
-0.04662449651,-0.2884499091,0.267475222,-1.731030464,-0.3098102212,0.04013911262,1.166468143,0
0.2061262934,-0.2264482859,0.2219686935,-0.8325272799,-0.4046244025,-0.04261182994,1.187369704,0
0.2854350708,-0.2493085129,0.1601847724,-0.717987895,-0.7938154936,0.4983335137,0.5498059392,0
-0.2626480581,0.0195439103,0.07960000183,3.067318439,-0.1459211409,-0.3012004793,-0.4214987457,0
-0.1914832851,0.2688805094,0.1867691022,2.189629316,-1.526318431,1.515033722,1.323785663,0
0.1309621019,-0.3814179139,0.1511178727,-1.2400527,-1.028769016,0.9540778995,0.1881966442,0
0.09998518769,0.1574983337,0.05432119348,1.005153894,-0.6188551188,0.2598112822,-1.865151882,0
0.311520583,0.06464414547,0.2968843382,0.2048648,-0.4262271523,0.4223100841,0.8300658464,0
-0.1167480601,0.08634581219,0.4645831421,-0.636818707,0.7933869362,0.745551765,0.7208127975,0
-0.113008843,-0.259941915,0.2872660063,-1.980901003,-1.085240722,1.297114134,1.44857502,0
0.3178731717,0.05011079017,0.3167506895,0.1563361138,-0.5478410125,1.309259534,-0.7783914208,0
0.02227161746,-0.1514564951,0.07058823604,1.716736794,-2.143619776,-1.027142406,-0.5518396497,0
0.0005293730399,-0.03231970857,0.2679532196,1.587173343,1.32180357,-1.195344925,2.094395161,0
-0.3218039591,0.1997113858,0.2342972212,2.58617878,-1.144721627,1.294976115,0.5920186639,0
-0.2719599826,-0.2740475929,0.1934696308,-2.352371216,-0.7566224337,0.7743194699,0.03969085589,0
-0.06174698248,-0.1050453293,0.3347853323,-2.102205038,0.5219832063,-0.5752812624,1.573467016,0
0.3043564356,-0.004820696574,0.1257813215,-0.01583140716,-0.2167491764,-0.2849828005,0.2598785162,0
0.04441413381,-0.007962041462,0.2768008812,2.963813305,1.339711428,-1.099439144,2.084631205,0
0.1743865269,-0.0183265638,0.1713172619,-0.1046387255,0.7805450559,-0.689966321,-0.6755398512,0
0.09232334012,-0.3865239676,0.04633807127,1.80525887,1.825706363,1.24921906,0.5992783308,0
-0.006131364775,0.3486448002,0.08543785183,1.588390589,-1.657311916,1.230362177,1.365227818,0
0.0677933592,-0.2982716292,0.1219746425,-1.347950101,-0.4151594639,0.3802569509,-0.9181696177,0
0.1266051748,-0.213667651,0.1847342673,2.105679989,2.158228397,0.761705637,-1.718668938,0
0.03254622221,0.2440266854,0.3591527696,1.438209295,0.1699074358,0.1730921417,0.2595126033,0
-0.2104952915,-0.3359182367,0.04195656069,-2.130568981,-1.219455719,0.8023765087,0.2622923851,0
-0.3710832172,0.07946114578,0.177128195,2.930608749,-0.8498700261,0.5995861888,0.6629642248,0
0.03673864071,0.1950928623,0.1012521437,1.384662628,-0.5792759657,-0.927557528,2.094395161,0
0.05126515275,-0.02418778636,0.09974611542,2.701096058,-0.9698471427,-1.260672569,-1.603618026,0
0.2188656185,-0.1362637506,0.1858288308,-0.5568684936,-0.162299931,0.4608083665,-1.350986838,0
0.1211827894,0.2114642453,0.0990930444,1.050566077,-0.1172921434,-0.8521742225,0.9537259936,0
-0.226508526,0.1846058345,0.3687873109,-0.683824718,0.9107874036,1.263305068,0.7071422935,0
-0.1649081074,-0.02396519129,0.2273536547,0.1443254948,2.143163443,0.2685848475,-1.718173146,0
0.03975630804,0.1921450128,0.02883198186,1.366755486,-0.1757996082,-0.4442189932,-0.8206287622,0
-0.03926880148,0.1404845748,0.08256411432,1.843363523,-0.4706045091,-1.386281967,2.094395161,0
-0.003322311964,-0.07199989758,0.1740037885,-1.616906643,0.6358987093,-0.294336468,-2.094395161,0
-0.05049072886,0.2045114596,0.2085126405,-1.32878089,2.181661606,0.4858477414,-1.696073055,0
0.03821394413,-0.1199619743,0.07568012984,-1.262408614,-0.4642592371,-0.09138184786,-2.094395161,0
0.1715923454,0.002499208491,0.04939060844,0.01480878517,-0.4149943292,-0.04198142141,-1.624679327,0
0.001740845203,0.05303801282,0.2187546211,-1.603606939,1.733484983,-0.09019975364,-2.094395161,0
-0.02845890284,-0.2435970539,0.07416785125,-1.687097073,-0.01411760226,-0.6239682436,-0.02311523072,0
-0.2484772089,-0.2545942211,0.09793206933,0.797583282,2.096269369,1.31820333,-1.193522096,0
-0.249162574,-0.1258998321,0.2243988957,-2.673835993,-0.09670670331,0.4433748424,-1.004728675,0
0.07681010122,-0.1288720458,0.1020765962,-1.033159971,0.5819261074,-0.7516326904,-0.9933442473,0
0.1187974284,0.05662778598,0.3343849534,0.4448750913,0.7144581079,0.2374331504,-1.142142296,0
-0.1429691443,0.3578009298,0.1718256404,1.950961351,-0.7616984248,0.798078835,-0.1992889792,0
0.1245497747,0.06588317206,0.3638292591,0.486520648,0.457418859,-0.3422022462,1.301981688,0
-0.3337964927,0.2184997191,0.0254704222,2.561997652,-1.411867738,0.9900721312,0.3679970801,0
0.0258261494,0.09455070759,0.1389408531,1.305001497,0.3993161917,-0.3700354099,-1.927143812,0
-0.2341931613,-0.04593673142,0.4163522444,-2.947902918,-0.1348319948,0.7022474408,0.455824852,0
0.1390156827,0.04667602265,0.1522526535,0.323933661,-0.04278992116,-1.319254875,2.094395161,0
-0.07427163496,0.03347387164,0.08345036631,-0.4233784974,-1.242605686,-1.239247799,-1.254186392,0
-0.2317501634,0.073314823,0.0568141645,2.835201502,-0.8112954497,-0.6161062121,1.803247929,0
0.1461716648,-0.02495345142,0.1774443533,-0.1684173793,0.9009321332,-1.411049604,0.9835521579,0
-0.05437465158,-0.2713652865,0.03828476494,-1.768698215,-0.8636960387,0.7196199894,-1.481866956,0
-0.01547433045,0.1837072959,0.09764036254,1.653948784,0.1980517805,-0.429602325,-1.087961078,0
0.1420571011,0.06101647336,0.267285139,0.4056932926,0.2441680431,0.5960881114,-1.894040823,0
0.03514569498,-0.4000378869,0.1487208365,-1.483165383,-1.100145936,0.9564943314,0.4267445505,0
-0.004256517078,-0.05988540214,0.02821766407,1.499493837,-2.142830849,-0.4513479173,-1.909539938,0
0.2727477702,0.01252040193,0.1730857469,0.04566692933,-0.2438520193,-0.5040130019,1.270234585,0
0.1544475942,0.2382668645,0.2258090569,0.9957088232,-0.2760691643,-0.223828882,1.273679972,0
-0.2709193854,0.1397608052,0.1572541087,2.665331602,-0.1415735334,-0.2401393801,0.2330515087,0
0.2283859002,0.3173894907,0.2041381128,0.9470577836,-0.8699729443,0.886480689,0.2633125484,0
-0.02153730808,0.3190789812,0.329325891,1.638192415,-0.3512723446,0.6461276412,0.2792719305,0
-0.2004471583,0.1147229593,0.1021255378,2.621791601,-0.223003,-0.9207214117,1.330257058,0
-0.2001294883,0.220268725,0.2259077363,2.30830574,-0.34979707,-0.1062814742,1.21291852,0
-0.07262918024,0.2576706074,0.07734751809,1.845163345,-0.6355386972,0.5742007494,-1.488744855,0
-0.03118139995,0.1310232687,0.02945455051,1.80445075,-0.1123233512,-1.502817631,1.212671876,0
-0.2936068424,0.1613613727,0.166964308,2.639075518,-0.3540702164,0.005800966173,0.3547122777,0
0.2740304961,-0.005942633675,0.1291099461,-0.02168265544,-0.008981629275,-0.5183131099,0.2714788616,0
0.362193336,-0.1514043131,0.09788524972,-0.3959443271,-1.125639439,0.7200037241,0.629075408,0
-0.2536761896,-0.04656730904,0.382111416,-2.960045576,-0.1709051728,0.5064916015,0.7101119757,0
-0.1889723542,0.0256345424,0.1345890838,3.006770372,0.6550824046,-1.116663575,0.2867716551,0
0.01246179106,-0.3109906014,0.3083279826,-1.53058219,-0.1706617624,0.4172324836,0.08002037555,0
0.1617342177,0.01462602282,0.1237141814,0.09055704623,0.7131387591,-0.8007696867,-0.7859686613,0
-0.2443997134,0.07148099855,0.06658426298,2.856556892,-0.1211672053,-0.4529933929,-0.239284426,0
0.0497659717,-0.3007861105,0.2516777274,-1.406828761,-0.205959931,-0.02945022099,0.7966603041,0
-0.07547535863,0.1516877047,0.2228218048,2.03311944,0.9848083854,-0.7939990163,-0.2547957301,0
-0.1737660432,0.05965695917,0.3744392497,-0.3308274746,1.609899759,0.4193316996,-0.709243834,0
-0.04287175637,-0.351808024,0.3008601399,1.449533224,1.248474121,1.560939312,-0.45954898,0
0.3148736856,0.09135962898,0.05870837019,0.2823849618,-0.6490986347,-0.1242207289,0.5607124567,0
-0.1511714936,0.285854908,0.3046671409,-1.084306359,1.445858955,0.6465275288,0.8742336035,0
0.1404110546,-0.3434076103,0.06645550143,-1.182662249,-0.9146344662,0.337287426,0.4871362746,0
-0.1666931807,0.0007085469494,0.08168326273,3.137342691,0.09831599146,-0.4061013162,-1.269144535,0
-0.2988216034,-0.1733877427,0.2658617038,-2.615782976,-0.4206464291,0.4829349816,0.2971366346,0
-0.03262531136,-0.2588765283,0.4187577246,-1.696160555,-0.3440296352,1.171260595,-0.06840986758,0
0.0839904796,-0.3834977033,0.1768356794,1.786403894,1.79505837,0.8371925354,0.4946894646,0
0.1895890702,-0.2530260825,0.3262032369,-0.9277493954,-0.8448079824,1.156356096,0.8786888719,0
-0.1081096849,-0.1696088182,0.3249885516,1.003321767,2.004833221,-0.005005813204,-0.4515580237,0
0.2093255283,-0.0218685952,0.1440144648,-0.1042800099,0.5283767581,-0.812574327,-0.1225326359,0
-0.2362221503,-0.1281597994,0.2704900409,-2.64445281,-0.1402263194,-0.1692824662,1.203937769,0
0.1186999017,0.04035743022,0.3200988872,0.3277404606,1.004930258,-0.7708031535,0.654866159,0
0.04439669712,0.0386636418,0.3393471694,0.7162342668,0.7458884716,0.6305910945,-1.755861878,0
-0.05125735911,-0.01189199889,0.1523913116,-2.914664268,1.098250747,-0.6274495125,-1.874649763,0
0.04373823907,-0.2549482994,0.277328844,-1.400892735,-0.1548837125,0.8740262389,-1.339108348,0
-0.1803117088,0.04909793941,0.2296702163,-0.2662429512,1.946675897,0.6200950742,-1.919129729,0
0.1852354855,-0.07290292195,0.1928127074,-0.3749498427,0.1762851775,0.149208352,-1.488819718,0
0.1161085431,0.005571029246,0.06548056973,0.04797175154,0.9609562159,-1.832594752,0.7733879685,0
0.2825252933,0.2776726203,0.1856029174,0.776735425,-0.9065058231,1.036151767,-0.1476759315,0
-0.1753226375,0.2023898741,0.2930899282,2.28465724,0.1345703453,0.2484140694,-0.4683722854,0
0.00936605523,0.2481757828,0.3740878674,-1.608518004,1.20928812,0.5186068416,1.052376747,0
0.1213222732,-0.0390662807,0.2942647028,-0.3105965555,0.6656570435,0.2442631572,-1.488518715,0
0.3053768617,0.1649307999,0.04621587804,0.4952016771,-1.697136283,1.109173298,1.373577356,0
-0.2701850799,-0.1378743235,0.09636628046,-2.669723511,-0.6709507108,-0.2869836688,1.29360795,0
-0.2176530887,0.3004773704,0.05803388001,2.197683334,-0.9203010201,0.6692510843,-0.3942291737,0
-0.1867463114,-0.2426601635,0.08401116991,-2.22671628,-0.387129873,-0.3115104735,0.4173549712,0
0.01251388064,0.1173807201,0.4737559941,1.464606881,0.1461763084,1.242452383,-0.6785460711,0
0.05313485749,-0.3525360304,0.06538697576,-1.42126596,-1.744609594,1.322968841,1.231803417,0
-0.09626956998,-0.08509346434,0.3287560359,0.7238384485,1.457475185,0.7098520994,-1.680937171,0
-0.1728008422,0.1124542634,0.3781534474,-0.5769167542,0.7033005953,1.031048656,1.460951209,0
-0.2726714456,-0.03730879587,0.03208585494,-3.005613327,-0.6540331244,-0.5277300477,1.069565892,0
0.1376283249,-0.2569652796,0.0839077277,-1.079266548,-0.6929936409,-0.36948964,1.387272835,0
-0.3442948478,0.01897345539,0.05802539284,3.086524487,-1.327360272,0.5393276811,1.405234694,0
0.2599298944,-0.02741887121,0.04312463591,-0.1051149443,-0.772434473,0.5865908265,-1.508072376,0
-0.149709931,-0.06748421484,0.3925371795,-2.718103409,0.09554684162,0.1619755179,1.365750074,0
-0.01049252435,0.02720717171,0.3800298679,1.928719878,1.070063353,0.3047688901,-1.098496318,0
-0.1074917835,-0.1192566987,0.1879141223,-2.304352283,0.3451075554,-1.23492074,1.639368176,0
0.07443973908,-0.01848713135,0.349526285,-0.2434754223,0.737313509,-0.61774683,1.555898905,0
0.08000837806,-0.0422798529,0.1842723751,-0.4872744679,0.5798984766,-1.600421429,2.022216082,0
0.06281408887,0.2520655867,0.4131100039,1.326573253,-0.3614090383,0.9959606528,0.4047322869,0
-0.04261521316,-0.2343684023,0.08557821657,-1.749305844,-0.5959761143,0.5465573668,-1.736315608,0
0.1956990789,0.2532900071,0.07116284239,0.9130510688,-0.7301892042,0.6288580894,-1.029715657,0
-0.04158398261,-0.1440453113,0.4542072893,1.289770603,0.822905004,1.357695937,-0.8605746627,0
-0.171795589,0.03923913482,0.2891823104,2.917037249,0.5962238312,0.05416088924,-1.016972065,0
-0.2474241582,-0.2819258039,0.2470987009,0.8504852057,1.547680855,1.337610245,-0.501159966,0
0.1054856951,0.1055941868,0.4099679207,0.7859114408,0.2262197137,0.1404992789,1.176280499,0
0.1860250799,0.296423183,0.2570666979,1.010355711,-0.4241135716,0.5433521271,0.0725839287,0
-0.09555205696,-0.3150778814,0.1678121452,-1.865274906,-0.2922794223,-0.01616145484,0.2285235226,0
0.1375874048,0.3224036016,0.1887715542,-1.974295259,2.009227514,0.9677945375,-0.8948254585,0
-0.3594611395,0.1104728285,0.1359550098,2.843341351,-0.7127704024,0.4282411337,0.2169941813,0
-0.3205770147,-0.06701065505,0.3489166708,-2.935528278,-0.6357660294,1.131833911,0.2396457493,0
0.3067151762,0.03812151311,0.2882404886,0.1234573275,-0.2256411016,0.706111908,-0.6392139196,0
0.2504782856,-0.172786324,0.1115882147,-0.6038624644,-0.5171045065,0.5194703341,-1.092244864,0
-0.06445701713,0.2592603309,0.1700823112,1.814484119,-0.2566722929,-0.5383927226,1.353158116,0
0.0582356541,0.0688473379,0.1596620143,-2.272925854,-0.03917690739,-1.804644227,-2.093963385,0
0.3126686251,0.233551121,0.1877908694,0.6415529847,-1.123852491,1.570796371,-0.6416556835,0
-0.1733748368,0.200685442,0.167615715,2.283190966,-1.545339942,1.446366191,1.999584317,0
0.136872594,-0.08958509183,0.4034214357,2.562845945,1.062060237,0.2586303949,1.304715633,0
0.1329482997,0.3157575991,0.285801238,-1.969312549,1.56176424,0.6567441821,0.6706382632,0
0.1528950496,-0.2075188139,0.08152876241,-0.9359465837,-0.7409583926,-0.5271262527,1.75335753,0
-0.2501269531,0.0215102162,0.07789236132,3.055816412,-0.1482341886,-0.7729588151,0.6807765961,0
0.3635934676,-0.02998000586,0.1026178492,3.059324026,2.181661606,1.084273815,-0.9394370914,0
0.04579989946,-0.159264987,0.265100053,-1.290399671,0.9703374505,-0.773435533,0.1055167615,0
-0.2250845106,-0.06439224882,0.1468563354,-2.862954855,0.338481009,-0.6207304001,-0.1653209776,0
-0.2318766559,0.01870141134,0.07400878761,3.060912609,-0.4078601301,-0.8815659285,1.406696796,0
-0.2346128467,0.1722533139,0.2582307106,2.508350134,-0.1533213705,0.6155892611,-0.9176572561,0
-0.01758167273,-0.07225288914,0.379573284,-1.809493065,0.6112462878,-0.3418503702,1.527641177,0
0.2277417962,-0.08486967314,0.1498907334,-0.3567492664,0.1521677077,-0.2270354033,-0.7324078083,0
-0.03919229533,-0.2936884695,0.3503088932,-1.703460932,-0.7257320881,1.08700645,0.9033679962,0
-0.005989855051,-0.0431411914,0.1089550806,-1.709408998,1.41966176,-0.9892660975,-1.747770667,0
0.1039157232,-0.2794997818,0.1863735392,-1.214928031,-0.09232828766,0.1042073667,-0.503900826,0
0.362411608,0.04569211985,0.2568989163,0.1254154444,-0.8030520678,1.357694507,-0.6273703575,0
0.08259828305,-0.3513573223,0.254311321,-1.339904904,-0.6208039522,0.6415641308,0.4725036621,0
0.0890810843,-0.360997205,0.2712610148,1.812726974,1.3345505,1.529024839,-0.3868248761,0
-0.2596306488,0.18819212,0.3362375534,-0.6271870136,1.438941836,1.07357347,-0.416390568,0
0.04207934408,-0.3217464075,0.1820210762,1.70084548,2.061419487,0.03872917593,1.204200029,0
0.1526571593,0.3101548343,0.2397347188,1.113410354,-0.4086954296,0.3378914297,0.3794563711,0
-0.111777773,-0.06486922822,0.3064628818,0.5258207917,1.356612682,0.9256306291,-2.031983376,0
-0.3535410893,0.0229440138,0.02576951131,-0.06480631232,2.144821644,1.57069838,-1.221707821,0
0.2521397676,0.2113251095,0.1232720095,0.6975626349,-0.3978734612,-0.09667838365,0.3305279911,0
-0.1657540949,-0.1772248803,0.07731502197,-2.322824955,-0.03951693326,-0.421523422,-0.47028929,0
-0.107922729,-0.2550494403,0.3951035584,1.170497894,1.043431163,1.43475461,-0.5159367323,0
-0.2282632521,-0.1126368466,0.3025759964,-2.68335557,-0.03546759486,0.7527821064,-1.119381666,0
-0.2801852889,0.03400034622,0.2163661028,3.020833969,0.09427243471,-0.2885581255,0.2560900748,0
0.2766156617,-0.1008346024,0.06843390429,-0.3496213555,-0.4406392872,-0.4328489006,0.6742533445,0
-0.207164408,-0.008735110647,0.307788674,0.04205689207,1.540638089,1.025518417,-1.64390111,0
0.1721494544,0.2552431006,0.302746441,0.9774196148,-0.2871232927,0.2994274199,0.7282307148,0
-0.2029713009,-0.02760926854,0.4549375976,0.1351947188,0.9220337868,1.034913063,0.07363596559,0
0.1552882705,0.1591598685,0.3017367416,-2.343886852,2.106375456,-0.3889119625,0.5080231428,0
0.1242876768,-0.3233167297,0.06997783924,-1.204050183,-0.6882953048,0.05860128254,0.3949657977,0
0.03946599198,0.2326904503,0.02386281133,1.402863145,-0.4143930674,-0.1335353255,-0.8590331078,0
0.1874221708,-0.3603307216,0.07469591713,-1.091167331,-1.25178194,0.9811301827,0.2500925064,0
-0.1939563126,0.1876975075,0.02956838666,2.372597218,-1.110262752,-0.2357872128,1.804214239,0
-0.2200911407,0.08431704564,0.1126382701,2.775738955,0.2075063139,-0.7887735367,0.2151071131,0
-0.0536564654,0.15106252,0.3593083079,1.912091017,0.1157031208,1.157997966,-1.626967311,0
-0.1796926994,-0.133867957,0.2419064312,-2.501324415,-0.2465420067,-0.3558850884,1.8853724,0
0.2784022109,0.1680093117,0.1423108178,-2.598591328,2.136434078,0.04098640382,1.344792008,0
0.2951528058,-0.06767079728,0.09714855033,-0.2254014164,-0.6811908484,-0.281426996,1.320598602,0
-0.1509585134,-0.04961815924,0.1028973483,-2.824040174,-0.05534711853,-0.1315214634,-1.702500343,0
-0.2107955893,-0.196954882,0.02464520913,-2.390090227,-0.7493159771,-0.401137948,1.046288848,0
0.005202835384,-0.2364818891,0.4135828242,-1.548681259,-0.2274423242,1.30138123,-0.7034130692,0
-0.07041195243,0.0136743124,0.4907024743,2.949680805,0.2854146659,0.742916882,0.5262797475,0
-0.2855314183,0.124422022,0.1949125976,-0.4109265506,1.971754909,0.0252767317,1.371980786,0
-0.2452839676,0.1541317741,0.2358473914,2.581006765,-0.3029607832,-0.1338871717,1.241767883,0
-0.1866682615,-0.327203096,0.2715372739,-2.089239597,-0.9243687987,1.292068601,0.08868855238,0
0.127119697,-0.2841676771,0.1277312537,1.990705967,2.174940348,-0.03819531202,1.521719933,0
-0.102426067,-0.2679978197,0.3331712762,-1.935881615,-0.244278729,0.9966693521,-0.8201081753,0
0.04066892953,-0.1918508006,0.4354383715,-1.361955881,-0.0185405314,0.6130219102,0.6737301946,0
0.3320061921,-0.1378471215,0.2608016491,2.748052597,1.25481987,1.205861211,0.7757861614,0
-0.1655614753,0.3143640406,0.2671445115,2.05551362,-0.7938226461,1.446681499,-0.7628099918,0
-0.1370508672,0.2124345956,0.3614768321,2.143750191,0.1231666282,0.2708346248,0.1553191841,0
0.08965392085,-0.09411857073,0.1546227646,-0.8096965551,0.3208000362,-0.1752474606,-1.827049613,0
0.07219969649,-0.1216037293,0.2938759952,-1.03436327,0.4141593277,-0.7409173846,1.724725366,0
-0.0972239129,0.379254938,0.154690286,-1.3198452,1.761914492,1.446293712,-0.7020087838,0
0.0528377804,-0.1300048651,0.04685533622,-1.184758663,0.6818858981,-1.403574705,0.0334212184,0
-0.1399095967,0.01555665114,0.04747644169,3.030862093,-0.4942395091,-1.430009365,1.83167696,0
-0.06699799016,0.3768861773,0.194598447,1.746725678,-0.9063677192,0.7617018819,0.6334133148,0
0.1318319048,-0.1873191747,0.368288979,-0.9575499892,0.0784194693,0.1178259477,0.8567647338,0
-0.1397625501,-0.1158976272,0.02200229028,-2.449257851,-0.3421180248,-1.179072976,1.17054522,0
-0.1083051196,0.1528013205,0.3305036962,2.1874125,0.2027043104,0.7794620395,-1.421901107,0
-0.1096632157,-0.02934823791,0.2562609195,0.2610239089,1.717708707,0.3861856759,-2.02064085,0
0.001944736993,0.01505796826,0.4339746382,-1.68127048,0.1553992182,0.908659637,1.608611226,0
-0.01999001404,0.3154339288,0.2381091101,-1.507515669,1.884626865,0.1112048551,1.088522792,0
0.08890232813,0.3275393717,0.3378709747,-1.835835695,1.173202515,1.320112467,0.06292103231,0
0.09179585984,0.009034070313,0.4156239261,0.09806405008,0.5722071528,-0.09854105115,1.094778895,0
-0.2260122683,-0.195204192,0.1314112306,-2.429213762,-0.2655230463,0.1643883884,-0.7120825052,0
-0.1736703673,0.3315623351,0.08219599707,-1.088288426,1.575679183,1.351772785,1.011421323,0
0.2181086379,-0.07901345995,0.4207763147,-0.3475608528,-0.06345145404,0.9409819245,-0.3241223991,0
-0.3009805941,-0.1999879711,0.2364526789,0.5864411592,1.793906689,1.017126203,-0.5888820291,0
0.04692293162,-0.1675065658,0.4462446896,-1.297382474,0.04694634676,0.6008560658,0.6965118051,0
-0.05495063247,0.1955292715,0.2809729433,-1.296743631,1.683709741,0.8861080408,-1.736239433,0
-0.3057018806,-0.1029760013,0.1252448342,-2.816516399,-0.3462920785,-0.1501516402,0.3180890679,0
0.0717308917,-0.1069981922,0.1667604631,-0.9802181721,0.1395448744,0.03629783913,-2.094395161,0
0.08839634461,0.1509775906,0.1055118489,1.041111946,-0.4421867132,-1.147495151,2.094395161,0
0.1344004266,-0.09728327393,0.06157380292,-0.6262627244,0.377835989,-0.8880990744,-0.5833286047,0
-0.01317602332,-0.1963891271,0.1075972089,-1.637408853,0.07717762887,-1.18584013,1.225717783,0
0.1820351398,-0.2033801817,0.3228238066,-0.8407222629,-0.1871567518,0.9742124081,-1.015754819,0
-0.1442068917,-0.1770241545,0.2386745675,-2.254385948,0.4911704957,-0.5830408931,0.2622779012,0
-0.1717305631,-0.222310523,0.1479657798,-2.227835655,-0.2753347158,0.3690243661,-1.127938747,0
-0.1945015103,-0.04932271697,0.1554836496,-2.893242836,-0.1883906871,0.3915548027,-1.864503026,0
0.05283572898,0.1953159154,0.3401436911,1.306591511,0.5127444863,-0.2423156798,0.333832711,0
-0.1745279041,0.2481739183,0.2420018317,2.183904886,-0.1488903165,0.4538400769,-0.6873058081,0
0.01045406978,-0.1512515712,0.3389629207,1.639833212,1.783436298,-0.5537503958,0.9862602353,0
-0.2485078806,0.1580543671,0.1440672155,2.575260639,-0.3105090559,0.3579038382,-0.9848915339,0
-0.03742326295,-0.185592433,0.442202949,1.371670961,1.048224092,1.068531036,-0.5670226216,0
-0.08493568648,-0.1128117228,0.2470396019,-2.216150284,1.170686841,-1.084028959,0.4300350249,0
-0.06680274459,-0.1725331145,0.07730454011,-1.940203905,-0.001358273439,-0.3233011663,-1.20298481,0
-0.1714078672,0.1790085677,0.07406281911,2.334547043,-0.4325965941,0.234578535,-1.309248328,0
0.06867101957,0.2153078086,0.3615398652,-1.879579425,0.8931598067,0.8301560283,1.486202836,0
0.05263212934,-0.07979828477,0.281065294,-0.9877209663,0.6426760554,0.3664767742,-1.879538894,0
0.1330647136,0.04221439167,0.3818537721,0.3072074056,0.7779328227,-0.1414265782,0.02245589346,0
-0.2385751545,0.2214812948,0.2664898175,-0.7478852272,1.802075386,0.2740507126,0.7997869253,0
0.3733606587,0.1043839271,0.130302754,-2.868975163,1.91336906,1.327933073,-0.7592785358,0
-0.01295339813,-0.2685987689,0.0739126336,-1.619045019,-0.5345169306,0.3851356208,-1.280559659,0
0.2463778198,0.3113883221,0.06876208151,0.9014297724,-1.174176097,0.7693376541,0.420805335,0
-0.03712833409,-0.1416657357,0.1771338897,-1.82711482,0.07130613923,-1.243543029,2.081304073,0
-0.3575904166,-0.1783300282,0.1097281565,-2.678986073,-1.176005363,0.8752838373,0.5488709807,0
0.04854232313,0.2967294371,0.2713838454,1.408637881,-0.07081037015,0.03500907496,0.408419311,0
-0.1988619875,0.02329181084,0.2534749092,3.025335789,0.1609212309,0.4904645979,-1.564272642,0
0.1079380361,-0.345955937,0.1445458188,-1.26837337,-0.7915356159,0.3046608269,0.8651770949,0
0.1207660588,0.30301604,0.137068054,1.191635489,-0.4014163911,-0.1506353915,0.5901945233,0
-0.01045922147,0.05648676116,0.426709113,1.75539577,0.6627770066,-0.06697718054,1.092414856,0
-0.1722826308,0.01787707826,0.1447309881,3.038237333,0.2963384986,-0.2298860699,-1.395825744,0
-0.2543778938,-0.1074963553,0.2748737179,0.3996971846,1.24352634,0.6706705689,1.686818004,0
0.1558366034,-0.04129413224,0.4086025116,2.882467747,1.224666119,0.1125686914,1.021324635,0
-0.07476622497,-0.281696197,0.2327455979,-1.831016183,-0.07682723552,-0.2364990711,0.7425453663,0
-0.113628658,0.3454103871,0.02489017077,-1.252980471,2.181661606,0.6175253987,1.064549208,0
0.1616100211,0.2803445613,0.09196883973,1.047868967,-0.4466377795,0.08804412186,-0.279974848,0
-0.3640619614,-0.1321203514,0.1164010309,-2.793467522,-1.079243541,1.266136169,-0.7429982424,0
0.04348990935,-0.2606376987,0.0555983402,-1.405338287,-0.3563193083,-0.6624340415,0.7665592432,0
0.1681623885,0.06534831503,0.2708334573,0.3708721995,0.4633620977,0.1869701147,-1.272904754,0
0.02029832477,-0.2416197892,0.3041723992,1.654629111,1.918805957,0.4299247265,-0.8715008497,0
-0.07490956334,-0.09348391082,0.1600743746,-2.246255875,1.098795652,-1.656146884,1.130122542,0
0.2871814966,0.0382466466,0.3870667439,0.1323992461,-0.5316758156,1.442108154,-0.4322238266,0
0.1875106111,-0.03080873068,0.1552393678,-0.1629493684,0.7381742597,-1.060444713,0.1977464259,0
-0.1017958073,0.05401245841,0.2458439775,2.654064894,0.522403121,0.2419433594,-1.923586845,0
-0.2859455384,0.1797680987,0.04762795142,2.580405951,-1.055512309,1.068469644,-1.191868782,0
-0.0839038904,-0.365463726,0.135407062,-1.796467662,-0.7811543345,0.3924923539,0.5326420069,0
0.2749573366,-0.0891370175,0.1932971795,-0.3131591678,-0.4143451452,-0.2383551896,1.402497172,0
-0.1463419332,-0.3372433882,0.1262141417,-1.979766369,-0.9756243229,1.240164638,-1.003516555,0
0.05023194959,0.1524571087,0.1015444099,1.253459811,-0.2309394777,0.024738729,-1.895876646,0
-0.04662352922,-0.1071194738,0.1668108206,-1.981350064,0.2246440649,-1.493929267,2.094395161,0
0.1440443987,0.02174326204,0.2572836568,0.1498221904,0.6180152893,0.07828433812,-1.458046436,0
0.05283275893,0.1899362925,0.1205747352,1.299572468,-0.274564296,-1.059099317,1.825562477,0
0.1469861789,-0.2759150273,0.2346178748,-1.081316948,-0.1435808241,0.3087006509,-0.4080346227,0
-0.01260304646,-0.1413665719,0.3437433602,-1.65995729,0.6801671386,0.2362728715,-1.011852026,0
0.0377162945,-0.3644205136,0.12345839,1.67387712,2.014322281,1.292461157,-1.047288418,0
0.3455922186,-0.07788354921,0.04578616206,2.919940233,2.181661606,1.419711113,-1.211672068,0
0.09785142405,0.2448542242,0.08503834218,1.190536261,-1.877194643,1.499697924,2.055559397,0
-0.2148629749,-0.005258202788,0.309421268,-3.117124796,0.04435998574,0.8494240046,-1.450001955,0
0.3545455331,-0.1990979215,0.1220474013,2.629919052,1.726338863,1.17574358,0.4400709271,0
-0.09591755413,0.08646802816,0.1148084863,2.40857482,0.1056879237,-0.2608917654,-1.819029689,0
0.05854418223,-0.1339660765,0.1119414176,-1.15877521,-0.2547817826,-1.395519376,2.083522558,0
0.1121032939,-0.04022162475,0.3676628592,-0.3444844186,0.8355675936,0.1002620161,-0.7205640078,0
-0.1842139146,0.06031521981,0.239834827,-0.3164176643,1.904139996,-0.6741654873,1.860693216,0
0.09855318345,0.2617490349,0.12587656,-1.930897117,2.181661606,1.123813033,-1.81485343,0
-0.3228664114,0.2540463242,0.05895330785,-0.6666688919,1.907832742,1.264193416,0.1150091588,0
0.04453706256,0.1014360714,0.372876723,1.157963991,-0.6508789062,1.528680205,1.77633059,0
0.1316528448,-0.08895603196,0.1780905198,-0.5942870378,0.1567537338,0.1322305053,-1.870390534,0
0.351561539,-0.06802757573,0.2960085992,-0.1911389232,-0.7415978909,1.027478576,0.3343661726,0
0.1081739121,-0.261191249,0.3770785238,-1.178158402,-0.3705774844,0.7670683861,0.6141111255,0
-0.03395154489,-0.2656136397,0.07425655941,-1.697930336,-0.6882687807,0.6419098973,-1.546269655,0
0.1590220597,0.3131421929,0.2875948008,1.100906372,-0.6233019233,0.7680875063,0.4918501377,0
0.04870072726,-0.07587463869,0.4907468589,-1.000225306,0.2012862563,1.208661795,-0.488527298,0
0.05407025367,-0.38095138,0.1622054495,-1.429803371,-0.9017193317,1.128181577,-0.6131884456,0
-0.1380933821,-0.3336338417,0.09985655622,-1.963176608,-0.8844311237,0.9502510428,-0.8806685805,0
-0.03500018018,0.08696152937,0.2165054343,1.953438163,0.541116178,-1.376211405,2.094395161,0
-0.01699380908,-0.1347349678,0.06570491258,-1.69586134,0.1601590663,-1.586480975,1.295226574,0
-0.09996313977,-0.03273257291,0.1928298561,0.3164293766,-1.358489633,-1.872401237,-0.6310089827,0
0.04768447413,-0.002732957041,0.1935192931,-0.05725121871,0.9341122508,-1.728353977,2.094395161,0
0.2635889619,0.05340221407,0.05650038093,0.2004337609,-0.3743908405,-0.6275456548,0.7574822307,0
-0.1901702744,-0.07732627876,0.3524258881,-2.755153418,0.1001559794,-0.06642044336,1.255233288,0
0.315258813,0.04684373869,0.1035596807,0.1474909186,-0.4592259526,0.2802752554,-0.6507996917,0
0.278428965,0.08699965484,0.19217024,0.302903533,0.001646189019,-0.2895136476,0.2800246775,0
0.04235249888,0.228305032,0.1447416944,1.387191415,-0.06873112172,0.1420180649,-1.324513793,0
-0.07728708439,0.2933657544,0.2810875495,1.828389525,-0.3485928476,0.1938797385,1.022053599,0
0.01514341407,-0.1340806977,0.224682623,-1.458155036,1.317040443,-1.210340619,0.3296352923,0
0.1933763004,0.1282997986,0.1738963494,0.5858195424,-0.294133991,-0.6642200947,1.791633487,0
-0.1007954421,0.1897863531,0.4398222201,-1.082575083,0.9554582834,0.8715683222,0.5008603334,0
0.2227813832,0.1073074245,0.1879413279,-2.692694426,2.094473124,-0.4667597115,1.786275029,0
0.1294588166,-0.08670596421,0.3358121001,-0.5898874402,0.7460566163,-0.006902506575,-0.6856104732,0
0.04361085161,-0.2657886406,0.3568759149,1.733335853,1.359289408,0.4489199519,0.9337525964,0
0.2424817844,-0.1857198707,0.02669246701,-0.6536287665,-0.5816774964,-0.07587502897,-0.1081350595,0
0.2592216343,0.04916848565,0.3038208332,0.1872651577,0.04106663913,-0.1070994735,0.8067771196,0
-0.002352341177,0.06534952373,0.4947298716,1.606785417,0.2727121115,0.8019601107,0.4931625724,0
0.1164883732,-0.304747711,0.04025705238,-1.205471754,-0.9916670322,0.9257553816,-1.190187573,0
0.01294872956,-0.02983483878,0.4891125583,1.981301308,0.7219686508,0.5815527439,0.2995021343,0
-0.1084455893,-0.02074585839,0.1514179339,-2.952552795,0.9763975143,-1.722646236,1.350533605,0
-0.07769384883,0.1871892272,0.03392235961,1.964212537,-0.2425132245,-0.3081733584,-0.9669272304,0
0.107608366,0.07531699361,0.2308989659,0.6088449359,0.7562181354,-0.1468267441,-1.448356748,0
-0.07461439377,-0.2382088738,0.3336586331,-1.874342918,0.0128112901,0.01006984524,0.9401085973,0
0.1624519098,-0.2163515312,0.03311283627,-0.9267386794,-2.107942104,1.570796371,1.878804445,0
0.2090229492,-0.2379695988,0.0392883482,-0.8501291275,-0.5906423926,-0.1173380241,0.1720499694,0
0.1890290656,-0.1717075229,0.3421146982,-0.7374193072,0.1142944917,0.4666852057,-0.4786177278,0
-0.2725358778,-0.239877333,0.04967486763,-2.419833183,-0.88032341,0.2714022398,0.3642174602,0
0.3058174531,-0.1086119243,0.06782110099,-0.3412398994,-0.7351810336,-0.1488316357,0.9509642124,0
-0.001642573023,-0.3502273459,0.2375961201,-1.575491428,-0.4470722675,0.3827431202,0.3718085289,0
-0.1292310381,-0.3541015255,0.03702543319,1.220860004,2.163120508,0.6667768359,0.8741271496,0
0.09782113821,0.2677758138,0.3928415332,1.220548034,-0.3927254081,0.9960153103,0.2250112295,0
0.1167199136,0.0515841319,0.3330092947,0.4161188304,0.6072794795,0.4377747178,-1.391088247,0
-0.3100373126,0.03131671309,0.2137027481,-0.1004325002,1.951657414,1.001361847,-1.256075025,0
-0.1910526764,-0.3526205738,0.1848722752,-2.067328215,-1.043551326,1.075020194,0.2520493865,0
0.0159078256,-0.1389645425,0.08885548788,-1.45681417,0.05420100316,-0.3469440341,-1.595007181,0
-0.004268888664,-0.3521507802,0.09597890711,1.558677673,2.058511972,1.412595391,-1.278411031,0
-0.1220163666,0.2821470341,0.2674458355,1.978868484,-0.3109803796,0.113194041,0.9422848225,0
0.2270741918,0.2729596254,0.09370916634,0.8768526912,-1.307705879,0.6982864141,1.350771666,0
-0.05189280208,0.326556978,0.07006397359,1.728410721,-0.5647559166,-0.05860243738,0.2613504827,0
-0.06841771589,0.01188300891,0.06931322337,2.967697144,0.8030492663,-1.026939511,-1.421684504,0
0.003396322142,0.3767505896,0.2635358176,-1.579810977,1.344513059,1.522364378,-0.3239229321,0
-0.06458847537,-0.0002678185822,0.3089887324,-3.137522459,1.238292575,-0.1566836536,-1.13218379,0
0.306441835,-0.02936519378,0.3565002786,-0.09553470463,-0.458409369,0.8318798542,0.4826795161,0
0.1110771341,-0.3332155003,0.1353286445,-1.248596787,-0.6303066015,0.6666417718,-0.7083674669,0
-0.324596244,0.04045154025,0.1893688173,-0.1239824742,2.020988703,0.08386908472,1.178263068,0
-0.04955873024,0.3209365258,0.08131171141,1.724409103,-0.7523486614,-0.1283359677,1.085302711,0
0.2571101519,-0.04194034974,0.05257158305,-0.1616971791,-0.2158485949,-0.557634294,0.151709795,0
0.03260184067,-0.1319413665,0.2369183522,-1.32855463,0.4795001745,-1.125191092,1.77906692,0
-0.1177098847,0.05824840005,0.3972558758,2.681412935,0.4527181387,0.7477669716,-1.124079108,0
0.3761528133,0.07872475223,0.03056252083,-2.935280085,2.026454687,1.570796371,-0.8186475039,0
0.127793196,0.1015015291,0.08959095895,0.6712377667,0.5099488497,-0.8070034981,-0.7789042592,0
-0.2476314357,0.04869634238,0.2608655934,-0.1941664368,0.750635922,1.521227479,1.730796576,0
-0.05335864913,0.006973998942,0.1509032068,3.011628866,0.7121235132,-0.5104621053,-2.094395161,0
-0.07938023296,-0.3567491263,0.2467560838,-1.789740086,-0.6188477278,0.9398287535,-0.3551574349,0
-0.1638625481,0.1989356439,0.2438608492,2.259819984,-0.4841306508,1.331545949,-1.807431579,0
0.1102930576,-0.2521773317,0.2001120674,-1.158499002,-0.311388731,-0.3499463201,1.417217016,0
-0.3161581669,-0.1031577672,0.2791425965,-2.826199293,-0.5124809146,0.4769661725,0.7955300808,0
0.1635823637,-0.09397471523,0.1621395244,-0.5216028094,0.1160637513,0.06391394138,-1.579119921,0
0.1907433653,0.2418189708,0.1946947822,0.9029163122,-0.2993939817,0.5423066616,-0.9355438948,0
0.1794263286,-0.1156323582,0.08218611977,-0.5733550787,-0.1397220045,-1.062202215,1.20253861,0
0.2300854872,-0.237510006,0.3048897006,-0.8012794852,-0.3420596123,0.6231259108,0.05986162275,0
0.0495672654,-0.2799671849,0.1865950989,1.746026874,2.134630203,0.8378504515,-1.461707473,0
-0.1856974272,0.2831337528,0.05320312954,2.151283979,-0.9551846981,0.0684440434,1.063584685,0
0.007632801894,0.1959071963,0.1802082493,-1.609737873,2.181661606,0.5587044358,-2.0077703,0
0.0851237611,-0.3010205465,0.3529480933,-1.295207858,-0.4859850407,0.8614256382,0.4583033323,0
-0.06042449451,-0.1023842598,0.3538775926,-2.102326393,0.4493995905,0.7938592434,-1.593242168,0
-0.1042922985,-0.2280287596,0.2607491211,1.141824722,1.909220695,0.7490400076,-1.384443879,0
0.1453173463,-0.09965246669,0.1954300077,-0.6007869244,0.563205421,-1.170415759,1.151573658,0
-0.186623387,0.2891984194,0.2936083503,2.1438694,-0.5149345994,0.6744828224,0.4035556614,0
0.1474609057,-0.2009422017,0.1353806387,-0.9387120008,-0.5075159669,0.7298563123,-1.787301183,0
-0.3673303712,-0.1198646347,0.1656321099,-2.826173306,-0.8561731577,0.6375625134,0.4797249436,0
0.3894101227,-0.1207586913,0.1429405583,-0.3007030189,-1.158845067,1.096904516,0.2413696647,0
0.1052666853,0.06979471428,0.3041510931,0.5853536725,0.6062152386,-0.8065377474,1.55125761,0
0.2757992034,0.009886423346,0.1195851575,0.03584673628,-0.1536137164,-0.02268615365,-0.715195775,0
0.0115729003,-0.05459399744,0.4109517012,-1.36191988,0.5935240984,0.9572070837,-1.38784802,0
0.07630118297,-0.3242231132,0.08056925829,-1.339870572,-0.5405926704,0.1608845294,-0.2564180493,0
0.3525073769,0.1105982449,0.03608938518,0.3040221334,-1.122866273,0.4174279869,0.7384499907,0
0.03628760752,-0.2090243174,0.4165475416,-1.39890492,0.1570310891,0.4725184143,0.1698340476,0
-0.1385820261,-0.05500145359,0.2912285138,0.3777931035,2.165388584,-0.1520936489,-0.9060507417,0
0.04802364399,0.1396769099,0.1975968493,1.239636183,0.6052097678,-0.2047002316,-1.448543072,0
0.1169767525,-0.08278433401,0.1035721988,-0.6158418059,-0.172940731,-1.4603163,1.943593502,0
-0.2736859649,-0.002963304838,0.183958232,0.01082827244,2.099521875,0.9078838229,-1.617893934,0
0.004981275101,-0.1538299477,0.04722222642,-1.538449168,0.1370601803,-0.6815615296,-0.9537941217,0
0.08768643289,-0.02199373637,0.331606617,-0.2457541525,0.6450153589,0.5852499604,-1.693101048,0
-0.2387333542,0.06611181981,0.1158655704,2.871410608,-0.3107126653,0.3071159422,-1.401160121,0
0.06376321292,0.02312643888,0.2014475978,0.3483226895,1.081647158,-0.3600240946,-1.769204736,0
0.1015640162,0.1392185924,0.4433252945,-2.201050282,0.4324359298,1.375523567,0.8881651163,0
0.1948595329,-0.1384029541,0.07773771696,-0.6175859571,0.03691203147,-0.7379878163,0.154908061,0
-0.2642457674,-0.02703943689,0.2364534557,-3.039771557,0.09210944921,0.2038351893,-0.7904111743,0
-0.1535737706,0.05072854207,0.1383590765,2.823038101,0.9808941483,-1.065364957,-0.3587074876,0
0.02352325409,-0.1748611955,0.1886447228,-1.436945796,0.2680215836,0.0576437749,-1.584237337,0
-0.001592092333,0.2368833457,0.03825421335,1.577833295,-0.1570161283,-0.7021948695,0.1497548372,0
0.1497371168,0.2751728102,0.3430191989,1.072452664,-0.4613585472,0.749356389,0.5647488832,0
0.03632010808,-0.1340026994,0.1756029483,-1.306108952,1.39302361,-1.403266668,0.2526648045,0
-0.165543329,0.3444258032,0.02115203737,-1.12275815,2.170817375,0.7644305825,0.7499709129,0
0.2499480704,0.2925299432,0.1732229928,0.863735199,-1.09314847,0.8979203701,0.8002358675,0
0.04738742661,0.1593809105,0.4639951254,1.281800866,-0.05695050955,1.325212479,-0.5723081827,0
-0.2309079122,0.03331749673,0.2266990935,-0.1432996243,1.809703708,1.061622262,-1.920102715,0
0.3861599342,0.008484549536,0.1624710461,-3.119625092,1.769197822,0.8144716024,0.7704534531,0
-0.1156467938,-0.1469962412,0.2983221275,-2.237395048,0.7432165146,-0.4217201769,-0.07724297047,0
-0.1405694978,-0.3882309777,0.09592185098,1.223403335,1.765214205,1.447556496,-0.1415087283,0
-0.1844676412,0.2101066484,0.1116740419,-0.8502857685,2.181661606,-0.1437278986,1.877994537,0
0.01520086554,0.3452452994,0.3160945805,-1.614795566,1.427641273,1.122584581,-0.2043043077,0
-0.08909931498,0.07411291829,0.0548352247,-0.6938333511,-2.181661606,-0.7019829154,-1.291662693,0
-0.2960642523,0.01349590474,0.1387809797,3.096096516,-0.2924132049,0.2815751731,-0.8807829022,0
0.01796611866,-0.3339069087,0.2225176934,-1.517043471,-0.2876764238,0.1679044813,0.261903435,0
0.1560419215,-0.1023988238,0.09815194178,-0.5807372332,0.5419889092,-1.148801208,0.2205882668,0
0.2511061167,-0.02009965446,0.3759540101,-0.07993142307,-0.1340497434,1.054627419,-0.8174790144,0
0.1431811579,-0.1939061214,0.06799741879,-0.9346764684,-0.5556447506,0.383008033,-1.525980949,0
-0.291572916,0.1611257533,0.3340990225,2.63674736,-0.7590361238,1.166918039,0.4765173495,0
0.03848653996,-0.1539326674,0.1048206937,-1.325827003,0.8379134536,-1.076219797,-0.4423365593,0
-0.02263291494,-0.07861620283,0.1516109283,-1.851111531,1.294830561,-1.905029297,1.446543694,0
-0.3122575308,0.1573274297,0.2634116103,2.674890041,-0.4615236521,0.522395432,0.3097888827,0
-0.08759465084,-0.1070765112,0.1145238109,-2.256450653,1.415351629,-1.596017241,0.1435489953,0
-0.05240268346,-0.06509027715,0.2171421767,-2.248625517,0.6237632036,-1.422928214,2.094395161,0
-0.1309574779,-0.04026183558,0.1557818762,-2.843341589,0.2068759799,-0.07083816826,-1.901219249,0
0.347826765,0.03567973883,0.09860611616,0.102213189,-0.5851626992,0.2380498797,-0.106627129,0
0.3218801384,0.2185493742,0.09412502897,-2.545115471,1.869868279,1.570796371,-0.8463716507,0
0.1145187429,0.1801720556,0.3514559942,1.004681349,0.1239863485,-0.07217438519,1.124352217,0
0.3291872867,-0.1619211912,0.1945188047,-0.4571316838,-0.7305493951,1.048467755,-0.7262898684,0
0.06599677898,-0.3846644292,0.06322948653,1.740711689,1.935596824,1.570796371,-0.7935385108,0
-0.09533441498,0.2927990741,0.3404215749,1.885596752,-0.3074887395,0.9134521484,-0.4025580883,0
-0.1544786137,-0.2225570742,0.3642245205,-2.177454948,-0.04462072253,0.4127395749,0.290248394,0
0.2499582654,0.2413833214,0.10966871,0.7679497004,-0.8508391976,0.1535727829,1.081235886,0
-0.06111667106,0.07255239866,0.2496047069,2.270849705,0.5320332646,-1.139652491,2.094395161,0
0.1972162441,-0.3164088518,0.2696357451,-1.013423562,-0.7606417537,1.086901546,-0.01691494882,0
-0.1302569019,-0.04112403598,0.391985275,0.3058077097,1.328234673,0.7210572362,-1.124454856,0
-0.1832607025,0.01776147187,0.310258665,-0.09660926461,1.591659784,0.8301566839,-1.625165105,0
0.2118784483,-0.1278809394,0.08235512525,-0.5430335402,-0.3340052068,0.1332215071,-1.202104568,0
-0.2396133056,-0.1566535826,0.06456509037,0.5790254474,2.181661606,0.1303565502,1.941773653,0
0.07104950185,-0.003527736084,0.08173268811,-0.04969441146,1.688801408,-1.291604757,-1.386068106,0
0.1414557243,-0.1486116821,0.2330490703,-0.8100630045,-0.02039585076,0.6417019367,-1.778000474,0
-0.3559891097,0.08962333921,0.2287087642,2.89495945,-1.262472272,1.395415187,0.7924961448,0
0.2561865737,0.1591551129,0.3766471943,0.5558961034,-0.4973411858,1.274109125,-0.2873345315,0
0.1330628795,-0.1634343279,0.1615592627,2.254116297,2.181661606,0.7208790183,-2.086799145,0
0.03696996708,-0.3150553585,0.3474943788,-1.454020858,-0.3842458427,0.8611950874,0.02085600793,0
0.2343769802,0.2500618357,0.3030443685,0.8177639246,-0.6268857121,0.8131737709,0.5586906672,0
-0.3328640722,-0.11467802,0.1426297822,-2.809807777,-0.4926563203,0.2270870358,0.03220750019,0
0.06049367789,-0.176277874,0.3824221517,-1.24021709,-0.04489465058,1.333288431,-1.400879145,0
-0.09405374188,0.03745218376,0.3023191724,-0.3788228631,1.428871632,0.6371408701,-1.95144105,0
0.1267124443,0.1314367265,0.08212703163,0.8034543395,0.289719969,-1.277441263,0.7822055221,0
-0.07945839982,0.1418432184,0.1632077563,2.081486702,0.1422742903,-1.262960076,1.794547677,0
-0.2421185976,0.1023694296,0.3287107506,2.741614342,0.144797653,0.1023628265,0.1965844631,0
0.04466618896,0.08288670322,0.1677992312,1.076528668,0.4079725742,-1.640692115,2.094395161,0
-0.009390490884,0.1327886626,0.1388219898,1.641400099,0.02953745611,-0.05336940661,-2.032689333,0
0.1721893603,-0.3109465145,0.2012799139,-1.06507206,-0.4893078208,0.2990080118,0.3819708228,0
0.02550464037,0.1541857306,0.4270199504,1.406858921,-0.5617908835,1.412062287,1.154986262,0
0.04785292545,0.3253536202,0.1259863513,1.425078869,-0.4969967604,-0.1395353377,0.7488181591,0
0.03278309978,0.08997085303,0.1871316283,-1.920219302,2.181661606,-1.545819759,2.06161499,0
-0.1585322116,0.2174385382,0.06546545621,-0.9408007264,1.421512723,1.562568307,1.953734279,0
0.2399588135,0.2410560733,0.1741298441,0.7871189713,-0.5111269951,0.6878250241,-0.7959282398,0
-0.07773395875,-0.03533496233,0.2693143636,0.4267000854,1.859920502,-1.18988359,1.638402462,0
-0.1137359269,0.2082705505,0.4045086161,2.07063818,-0.02467647195,0.5095574856,0.4657118618,0
0.2248488429,-0.3102722519,0.09551702771,2.197845221,1.996914268,1.379097104,-0.874355495,0
0.2740181686,0.07319090004,0.2803295033,-2.880583525,1.752668142,0.03567123786,1.17583406,0
0.3608470823,-0.013205675,0.2045949514,3.105000734,1.867498279,0.4569259882,0.8169196248,0
0.1750484276,-0.09701108609,0.1068193112,-0.5060619712,0.2282810956,-1.165523767,0.908819139,0
0.1805751208,-0.1076046899,0.3453120394,-0.537394762,0.09257704765,-0.0940412432,1.253909588,0
-0.1044820539,0.08617660336,0.3281125684,2.451905489,-0.8228669167,1.570796371,2.016909838,0
-0.2313310326,0.07672109168,0.3693679658,2.821197271,-0.06637198478,0.983946085,-0.8957021832,0
-0.352729608,-0.0246217358,0.1178598307,-3.071902275,-0.580513835,0.1445851177,0.2897415459,0
-0.04843654398,-0.06004692687,0.4961078776,-2.249576092,0.1994024813,0.8872649074,0.451769948,0
-0.2935423055,-0.2066087546,0.1584405834,-2.528323174,-0.7831192613,0.3179436028,0.9410588741,0
-0.1248467544,0.2459090928,0.3651623159,2.040569067,-0.08483461291,0.6794003844,-0.2509528399,0
0.06782993527,0.3282032037,0.07040787508,-1.774597406,2.181661606,0.2820030749,1.426230073,0
-0.01477289227,-0.2702765723,0.4043680874,-1.625400543,-0.5540095568,1.20851326,0.4753447771,0
-0.2192322335,-0.06319051905,0.4168260689,-2.860963821,-0.1330808103,0.6503670812,0.6539540887,0
0.1602482223,-0.118008712,0.3188080924,-0.6352717876,0.183367312,0.7169658542,-1.379435182,0
-0.1682715454,-0.2880124339,0.3404883615,-2.099555254,-0.6489377618,1.114549398,0.2370396405,0
-0.1358408336,0.04612970605,0.406814175,2.814259052,0.5022091866,0.5419370532,-0.756493032,0
0.2492589841,0.1594494533,0.287258545,-2.572496653,0.8726481795,1.410344481,1.288133144,0
-0.1984210096,-0.1982264102,0.2143047753,-2.356685638,-0.1528716385,0.4975429773,-1.090754509,0
0.02959250427,-0.300255523,0.0585486772,-1.472659588,-0.8047742248,0.728793025,-1.293462276,0
-0.2133689979,-0.1237535327,0.1417979371,-2.616025925,-0.2392336726,0.3560721278,-1.438050866,0
0.1391715024,-0.2497071056,0.2789530308,-1.06233871,0.04018285498,0.2512899041,-0.3657195568,0
0.0935769942,-0.04538666416,0.4439906678,2.690097332,1.217537642,0.3845046461,-0.229034856,0
0.0765651799,-0.001237929945,0.3643286355,3.124077082,1.626691461,-0.620251894,0.7924197912,0
0.01813389954,-0.1638395795,0.3990372243,-1.460565567,0.221896708,0.9688225389,-1.136442184,0
-0.01311006155,0.03449967435,0.3308467434,1.933948874,0.6448674202,-0.5595937371,2.094395161,0
-0.009978965263,-0.268357469,0.08600949085,-1.607993126,-0.1158568859,-0.541259408,0.1878117919,0
0.2340910869,-0.2805492606,0.2898232703,-0.8754273057,-0.7916427851,1.140323162,0.1617588401,0
-0.0002932090299,-0.05771823758,0.2073313141,-1.575876236,-1.476812601,-1.907380819,-2.094395161,0
0.2051734182,0.1195733046,0.3535075188,0.5275621414,-0.05191824213,0.9929891825,-1.088972211,0
0.1662678612,0.1008198477,0.3040869385,0.5450938344,0.2478585988,0.5831414461,-1.383994341,0
0.2578482271,0.02114681144,0.2499710535,0.08184531331,0.2080350071,0.05368198827,-0.5743957162,0
-0.01933941938,-0.3386781775,0.1508966029,-1.627980709,-0.598342061,0.02536819875,0.927434206,0
0.2156012836,0.04862865523,0.1346824707,0.2217622995,0.1366116256,-1.000821352,1.022452712,0
0.04044830601,0.2081352409,0.3919746344,1.378894091,0.1058016196,0.8622689843,-0.8193608522,0
0.02673483218,-0.3558183399,0.2820276924,-1.4957968,-0.6339620948,0.7935208082,0.4003150165,0
-0.1253407811,0.2137570316,0.03783085224,2.101184845,-0.2317506224,-0.6576619744,0.2549922466,0
0.2626098316,-0.2971408359,0.1022790082,2.294582844,1.903105855,1.419307828,-0.6636101007,0
0.03452185065,-0.2791559464,0.2755553646,-1.44776082,-0.7463954091,0.6256145239,1.628275156,0
-0.1705742715,-0.1666254205,0.2548593587,-2.367878675,0.3308517337,-0.01580300182,-0.6465374231,0
-0.07486086498,-0.3713688867,0.1125797198,-1.76969254,-0.7780587077,0.478713572,0.10599415,0
0.03781450629,-0.3163845343,0.2774934521,-1.4518224,-0.3434569836,0.2555162609,0.7668933868,0
0.003250285408,-0.3639006832,0.183405609,-1.561827779,-0.7178367376,0.3914056718,0.769181788,0
-0.0518678936,0.3303137631,0.1494603675,-1.415048242,2.081810474,1.119462371,-1.269817829,0
-0.3435868737,-0.08833103781,0.2810287743,0.2516355217,1.457259417,1.371592283,-0.6213226318,0
-0.05656531849,-0.1720355458,0.1070339178,-1.888459444,0.5224228501,-1.277693391,0.6213502288,0
0.0844328467,0.196005465,0.4173903661,-1.977745652,1.121699214,1.165338755,-0.7794927955,0
0.1766495126,-0.209010815,0.0506171143,-0.8691367507,-1.090233803,1.185818315,-1.87460959,0
0.02682916919,0.0278410511,0.2961913543,0.8039047718,0.7970423698,-0.92797333,2.094395161,0
-0.2335905481,0.3012009945,0.08608580791,-0.9111554027,2.004013538,1.421030164,-0.9158635736,0
0.1881700349,0.1921632008,0.3837962023,-2.345695972,1.227553725,0.6824588776,0.6753118634,0
-0.280540018,-0.08289817216,0.3246015136,-2.853537083,-0.2477468997,0.9534144998,-0.7992582917,0
-0.153285932,-0.3243615731,0.2040329198,-2.012265205,-0.4767152071,0.4731118083,-0.06616435945,0
0.2476622382,-0.1923804545,0.2398634088,2.481167316,1.815228581,0.1571373045,1.197913289,0
0.06872334772,-0.2410730409,0.09569031637,-1.293089986,-0.02680393122,-0.3294575214,-0.5407169461,0
0.009462059437,0.0552563097,0.2520413437,1.400780439,1.918938875,-0.9393396378,-0.6254025698,0
0.03543449235,-0.3838471307,0.1566865908,1.662854671,1.565781474,1.118672132,0.8581536412,0
0.002356113929,0.249744462,0.3084589439,1.56124413,0.1835224926,0.3444903493,-0.668738544,0
0.1356402854,0.1727974364,0.3846098599,0.9053351283,0.1343388408,0.170640111,0.7192361951,0
-0.1634813946,-0.1261668694,0.4217003526,0.6572619081,1.233458877,0.8700563312,-0.5148195028,0
-0.02542929325,-0.2370156501,0.3032524302,1.463845491,1.479659915,0.05090206861,1.603796124,0
-0.2331789079,0.1804632461,0.04268628879,2.482964516,-0.7947012186,0.6179174185,-1.229827642,0
0.1652320064,-0.1247068715,0.2269296622,-0.6464548111,0.6012655497,-0.3986480534,-0.5306649208,0
-0.2496308349,0.2145064997,0.1732896258,2.431746006,-1.356443286,1.118686557,1.528134942,0
0.1399031131,0.2550828355,0.05874564591,1.069125652,-0.3669633269,-0.36848858,0.2360452116,0
0.04756346151,-0.04538209967,0.2861004649,2.373530865,1.733045816,-1.146102667,1.577827454,0
-0.2553809512,-0.04781824128,0.3677319967,-2.956439972,0.04043547064,0.5339069366,-0.213924244,0
0.02195397395,-0.1619131139,0.3947181957,-1.436024189,0.2615835667,0.01714306697,1.131668448,0
0.09586898034,0.0563289874,0.2140012353,0.5312496424,0.8671059012,-1.429673433,1.537071228,0
0.09519532118,0.03930582859,0.2935944818,0.3897083104,0.9560684562,-0.03047484905,-1.287743688,0
-0.002022407762,-0.3964650906,0.06128597216,-1.575897455,-1.146861792,0.758207798,0.2802765965,0
-0.3025328041,-0.08590166196,0.06451567417,-2.864939928,-0.4829728603,-0.1852670461,0.2357695103,0
0.081430116,0.2183772869,0.3216089045,-1.927713752,1.648054123,0.8264785409,-1.222783685,0
-0.3401498433,-0.01655212538,0.06160025788,0.04862515256,2.176564693,1.412278056,-1.378552198,0
-0.1359843631,-0.2915779992,0.06146399718,-2.007132053,-0.5390202403,-0.1225733608,0.2401190996,0
0.2392439767,0.1939434231,0.1426501207,-2.460506916,2.163091898,-0.08521198481,1.491574526,0
-0.1291917348,-0.3864650532,0.1049828208,-1.893409371,-1.138605237,1.014870405,0.02320392057,0
-0.09355144856,0.1998794317,0.3594912026,2.008553267,0.1108010113,0.7917602658,-0.9924803376,0
-0.3008021328,-0.1934860949,0.1215557797,-2.569993496,-0.6113501191,0.1787621379,0.3434402049,0
0.02342970146,-0.2570180956,0.3035309537,1.66170013,1.572964191,0.06571576744,1.374668837,0
-0.06263749943,-0.004359302377,0.2712097231,-3.076444149,1.000717878,0.06280131638,-1.740089417,0
0.09287105759,-0.1084678575,0.3923920535,-0.8627042174,0.4379514754,0.6999536157,-1.072620511,0
0.3061306097,0.08361633019,0.08661470932,0.2666373849,-0.8451548815,0.9495402575,-1.351243258,0
0.1421666634,-0.1127345594,0.208816441,2.47115922,2.121196032,-0.9213266373,1.8905406,0
0.03274184129,0.1738583377,0.0479696847,1.384651065,0.3016414046,-1.064021707,-0.05113438889,0
-0.2692182185,-0.08532046702,0.02485318464,-2.834703684,-2.011807442,1.367535949,1.864046097,0
0.2061992672,0.2807412889,0.3034622326,0.9373010397,-0.5938051939,0.8548437357,0.3132683933,0
-0.1606975583,0.1684384451,0.2800137858,2.332978249,0.3618199825,-0.4547231197,0.6241598129,0
0.2883054691,0.0005092107942,0.238411785,0.001691977493,-0.2192026228,0.6892147064,-1.113433361,0
0.07473991805,-0.3872978401,0.09808874899,-1.380160451,-1.056296587,1.052518249,-0.4527248144,0
0.01214453735,-0.1425769398,0.06080927259,-1.485380888,0.3093864322,-0.756087184,-0.9999095201,0
-0.1847899812,-0.1475150529,0.2341405509,-2.467852354,0.2871367335,0.01379126776,-0.8254308701,0
-0.1011223774,-0.07799495258,0.4532891762,0.6570240259,0.8850296736,0.4828315079,0.8916006088,0
-0.2424407151,-0.279824,0.2013143565,0.8569003344,1.324608684,1.284724355,0.9164898992,0
-0.2451630662,0.3255954186,0.08673941537,2.21619463,-1.271594644,1.03204906,0.3088978529,0
0.08901418732,0.2463717693,0.1661055252,-1.916704178,2.167500973,-0.4074235857,1.747127533,0
0.1697134564,-0.1877941463,0.3365871015,-0.8359377384,-0.2336884588,0.2460135818,1.251546025,0
0.2555218488,0.05113936585,0.3451849506,0.196691826,-0.04196753353,0.7933393717,-0.7924724221,0
-0.1472887678,-0.02576432678,0.1780735687,-2.968396187,0.4010711908,-1.3404392,1.647236705,0
0.1302788817,-0.1867102659,0.4313499429,-0.9615754485,-0.3810917437,1.570796371,-0.6159940958,0
-0.07413940461,-0.0613362389,0.3098423658,-2.450057268,0.789806664,0.2829575837,-1.545493603,0
0.04543414004,0.2313437271,0.1009903565,1.376790643,-0.4864441752,0.4779842496,-1.692987442,0
0.1372551995,0.2294331945,0.05538703167,1.031674385,-0.2421320677,-0.5158000588,0.1633903086,0
-0.3462116039,0.1212044472,0.1423988797,2.804842949,-1.354476571,1.055450678,1.17076683,0
0.1172503842,-0.1971288495,0.12694035,-1.034216046,-0.6477335691,0.8684202433,-2.094395161,0
0.2676557129,-0.06524138337,0.3288742807,-0.2390886396,0.05934426188,0.3032241762,-0.08237371594,0
0.269684236,0.002190121501,0.1784679395,-3.134001255,2.139139175,-0.3608304262,1.639006972,0
-0.006382308507,-0.002886614105,0.05223271729,-2.716952562,1.998565197,-1.382111549,-2.094395161,0
-0.1803929326,0.3040705492,0.314944942,2.106245279,-0.7896689773,1.254362583,0.1238660812,0
0.2783057284,0.2264489838,0.03365828623,-2.458571911,2.181661606,0.5529666543,1.142699122,0
0.1470093391,0.02515602581,0.1924941014,0.1694472283,0.5454432368,-0.1723105311,-1.503053308,0
-0.3701291468,0.1734211585,0.117131207,2.703426361,-1.288432479,1.148607492,0.3630354106,0
0.03496196369,-0.3484918911,0.1680136599,1.670799375,2.02218008,1.077685595,-1.036241293,0
-0.08976503004,0.2587657092,0.07039168296,1.905052543,-0.3291736841,-0.02080278844,-0.7312425375,0
-0.1034139975,-0.1617326114,0.1841231766,-2.139484882,0.7630062699,-0.7818547487,-0.2711322308,0
0.362665009,-0.1093376966,0.1211168827,-0.2928205729,-0.965331316,1.122740149,-0.7728643417,0
0.1027390828,0.07460449508,0.2436281195,0.6280456185,0.5718970895,0.141056031,-1.741783023,0
0.3939260252,0.02318411113,0.1940491845,-3.082806349,1.609952688,1.065369964,0.4738809764,0
-0.3503662792,0.1262083685,0.1497945837,-0.3457488716,1.768910766,1.570796371,-1.052740574,0
0.06843249493,0.2601699495,0.3448330851,-1.828001142,1.322369933,1.342694044,-1.124595881,0
0.04854190469,-0.00646343845,0.1794862758,-0.1326363087,0.9307361245,-1.819025397,2.073562145,0
0.2930907214,-0.2806287167,0.09868938178,2.377912998,1.924277186,0.9821010828,0.3902314603,0
0.3972111603,-0.09589868634,0.1616565248,-0.2368967235,-1.187861919,1.346201301,-0.09964852035,0
0.2388027123,-0.1383992321,0.2494091149,2.616339445,1.916752934,-0.1725225598,1.306580186,0
0.1229311592,0.005995209407,0.3901092843,0.04844091088,0.8160880804,0.006661934778,-0.2882886529,0
0.01393601403,-0.1084625724,0.05479794939,-1.443000793,0.88305825,-1.218067527,-0.8089055419,0
-0.2672935622,0.01684241002,0.02830308871,3.078663111,-2.024791002,1.386273623,1.988861322,0
0.08022960501,-0.1879877401,0.06161300642,-1.167419195,-0.4587580562,0.1600150913,-1.599493861,0
-0.2187424933,-0.1728069524,0.370302782,-2.472980022,-0.2139402032,0.5611370802,0.5204757452,0
0.09748286797,0.2470803751,0.3229719551,1.195005059,-0.07329317927,0.06487440318,0.9245630503,0
-0.1624061038,-0.01042794685,0.4257796331,-3.077471972,0.1769893765,0.3038439155,0.932207346,0
-0.1181050906,-0.2353177644,0.3690237209,-2.035959959,0.01048379391,0.5593884587,-0.1840242594,0
0.3022008216,0.1312547279,0.2732226365,0.4097921252,-0.4399316311,0.3650874794,0.7644059062,0
0.208619243,0.1154789409,0.08953361698,0.5054201484,-0.048204422,-0.8801421523,0.7652485371,0
0.1984304482,0.1505281108,0.4221411457,0.6489783525,-0.3269768953,0.9997753501,0.3956672549,0
-0.2687000796,-0.004391482408,0.3155004495,-3.1249125,-0.01167391241,0.005572840571,0.7853548527,0
-0.3674944784,0.1821594718,0.1485099074,-0.460185349,1.697034121,1.248444796,0.1296444684,0
0.1288637652,0.240387148,0.02925792198,1.07868433,-0.46558097,-0.0864444077,-0.5554907918,0
-0.1715000323,0.1100113063,0.09489241928,2.571239233,0.178353861,-1.135356188,0.8356531262,0
-0.2003936558,-0.2043482323,0.3116200886,-2.346371651,-0.05931761116,0.1223192289,0.5542256236,0
0.2373576096,-0.01692594369,0.1527838386,-0.07105435431,0.226798594,-0.3184578121,-0.6432383657,0
-0.1414632544,-0.316036699,0.2178461173,-1.991784453,-0.4272895753,0.2412914634,0.476644367,0
-0.2165017823,0.1854283911,0.3226931579,-0.7082412243,1.277275562,1.570796371,-1.23953712,0
0.007276576879,0.3347513032,0.04042511143,1.549189568,-0.8601690531,-0.02220954001,0.8317444324,0
-0.2335334829,-0.2848270743,0.07698020287,0.8840300441,2.144314766,0.4792212546,1.009429932,0
0.01001797484,0.1784684504,0.09388657011,1.514722109,-0.2609571517,-1.233693957,1.757049561,0
0.2738087314,-0.1155817616,0.06831317198,-0.3999127448,-0.5518698692,0.326736033,-0.9346325994,0
-0.08863718546,-0.352128092,0.09984234455,-1.816979527,-1.064849377,1.298460722,-1.102154732,0
0.1704230842,-0.04910862502,0.02090783865,-0.2805565894,-0.9860787392,-0.9636793137,2.094395161,0
0.1130349877,0.1818057795,0.3452814719,1.014538288,-0.1327452362,1.277481318,-1.49805665,0
0.3331177113,-0.03697255306,0.1899092421,-0.1105377004,-0.3073185682,0.2671197057,-0.223708421,0
-0.05579137512,0.08187617293,0.205250714,2.168905973,0.9467254281,-1.528989077,1.57887578,0
0.3344620095,0.1500554075,0.1853585535,0.4217325151,-0.7617776394,0.4544948936,0.7896707058,0
-0.2240696161,-0.2940976818,0.1078145251,-2.22162199,-1.400854588,0.9770405889,1.173818469,0
-0.0715466104,0.2775995268,0.3291347741,1.822994709,-0.2249650955,0.3024600744,0.8234985471,0
0.2991644474,0.1286900322,0.2371883216,0.4062359631,-0.2517063022,0.1070968509,0.4404065907,0
0.03870276204,-0.08838816015,0.2320700736,-1.158068776,0.5780920982,-1.282178044,2.035396814,0
-0.09756941365,0.1442004252,0.3177199161,-0.9759706259,1.786470652,-0.5492606759,1.253236294,0
-0.1333502915,-0.2874605763,0.3293607523,-2.00514102,-0.7499911189,1.029567599,0.845386982,0
-0.02988300822,0.003410125485,0.4433575028,3.038010597,0.5866302848,1.063364029,-1.175296545,0
0.234891108,0.2760692767,0.2459233934,0.8658141494,-0.6799502373,0.6456868052,0.5984672904,0
-0.06668311069,-0.1473624735,0.231004118,-1.996035337,0.4110635519,0.1569703668,-1.606322408,0
-0.04974801193,0.2150032243,0.1110018587,1.798221469,0.3177534044,-0.8803628087,0.1666440517,0
0.1578513912,0.1320765858,0.08560869033,0.69777596,0.07074021548,-1.124127626,0.9308053255,0
0.03318127464,-0.3105466799,0.3525324277,-1.464359641,-0.4029485285,0.8022338152,0.2977112532,0
0.2342373159,-0.08747130619,0.3422118072,-0.3573974967,0.05900289863,0.04613411799,0.7706018686,0
0.07921568865,-0.1803033519,0.03426484042,-1.156835437,0.03780058026,-0.9944409728,0.2368200123,0
-0.1325516666,-0.2267740852,0.2458183455,-2.099748135,0.2532549202,-0.2890722454,0.1304292381,0
-0.1175848067,-0.1774395856,0.04528882262,-2.155858517,-0.905071795,0.6784130335,-2.03701973,0
-0.2342159917,0.172084646,0.3558892214,2.5079422,-0.3141106665,0.5840927958,0.6511512995,0
-0.07144206407,-0.05219229483,0.05489002792,0.6310185194,0.06643938273,-1.618943453,-1.382012844,0
-0.04565424643,-0.1899908248,0.4493585293,-1.806622148,-0.04568894953,0.7867436409,0.4252685308,0
-0.3361969581,-0.01542890638,0.1936561128,0.04598457366,1.181529641,1.378055573,1.310329318,0
0.3382703933,-0.1257151395,0.03625016684,-0.355822593,-0.990303278,0.7609608173,-0.618450582,0
0.1830908138,-0.2805828266,0.3405267019,2.148953438,1.224514008,1.172154784,0.1947535276,0
-0.05605292712,-0.2026256111,0.3096428163,-1.840650678,0.4475549459,0.1166997254,-0.6952406764,0
-0.09062517555,0.06456291257,0.05315486355,2.52249217,-0.5051972866,-0.2261289209,-1.962368965,0
-0.2551240861,-0.2675402737,0.1896545146,-2.332448006,-0.6262454391,0.4404388666,0.3827390075,0
-0.1006417617,0.2623698386,0.2893459368,-1.20454824,1.938285112,0.5035093427,-0.7030325532,0
0.0759107426,0.1768862289,0.3511308288,-1.976134062,1.238842726,0.1011147648,1.602003932,0
-0.2212384514,0.135129682,0.08351514558,2.593289137,-0.2617781162,-0.002558265813,-0.919585824,0
0.2399959317,-0.04976251815,0.1235401294,-0.2048229873,-0.3162721395,0.3655599356,-1.483158231,0
0.2076791228,-0.2037896019,0.2249904543,-0.7759035826,-0.214753136,-0.2284032851,1.066653371,0
0.3909333825,-0.02051181754,0.04154355094,-0.05242101848,-1.138385773,0.840016067,-0.1395982802,0
0.3180601695,-0.1348036709,0.1048883724,-0.4013447762,-0.6230621338,0.01536629349,0.6035888791,0
-0.05779235705,0.2102232899,0.1075284743,1.839075804,-0.07244977355,-0.06018447503,-1.246609569,0
-0.2555622132,-0.002259842969,0.1642136734,0.009067475796,2.176207304,-0.4476691782,1.794583082,0
-0.08270394161,0.3189605715,0.08869136918,-1.317086458,2.174566269,1.307807207,-1.461847782,0
-0.3235171003,-0.1385017031,0.2946895471,-2.737088919,-0.6458805799,0.8538292646,0.4210055768,0
-0.2760316542,0.204861452,0.1759362153,2.503197193,-1.369077682,1.186254859,1.351506948,0
0.05001623901,-0.08288878486,0.2332977565,-1.027877808,1.015603423,-0.2629607022,-1.490314722,0
-0.1521530131,0.1279013492,0.4355059665,-0.6990167499,1.202337384,0.7244868875,-0.1503485739,0
-0.04344691022,-0.3671605492,0.1818589693,-1.688581705,-0.6636104584,0.8156002164,-0.4975748956,0
0.1268299714,0.1190804803,0.03146250633,0.753146112,-0.0134462975,-1.248112202,0.7690365911,0
-0.1594173074,0.1594914942,0.2660635323,-0.7856527567,2.050677538,0.4179168642,-1.23200798,0
0.1581213953,0.3650283241,0.05496369582,-1.979583502,2.074383259,0.8680335283,0.5187164545,0
-0.1138027612,0.1859787395,0.02975142473,2.119956493,-0.4024678469,-0.09998256713,-1.090361357,0
0.2431221291,0.02518918237,0.2990668368,-3.038366556,1.659983635,0.9630685449,-1.394017339,0
0.2461483885,-0.1695427307,0.3013271993,-0.6030913591,-0.1779258698,0.7162865996,-0.6758649945,0
-0.05271698997,-0.09681348079,0.3253071948,1.069857597,1.469935894,-0.657954812,1.687898993,0
0.1259712513,0.09670256926,0.1598453952,0.6547437906,0.1723749489,-1.304144621,1.77472353,0
-0.06352720436,0.1576878654,0.3758715237,1.95378232,0.5875226855,0.1435060948,-0.3916069567,0
0.2316054501,-0.1931788736,0.05782563789,-0.6959005594,-0.8729249835,0.8506752253,-1.399629712,0
-0.03224442655,0.1671026823,0.2824491421,1.761410236,0.2319975793,0.6357097626,-1.729572654,0
0.0612372245,0.2269283575,0.3794208683,1.307221889,0.02742659301,0.8498963118,-0.7500162125,0
0.3022958686,-0.2199911867,0.2689998616,2.512493372,1.507583737,1.188006282,-0.1620288193,0
-0.1318051071,0.3573010621,0.2139142818,1.924199462,-1.26781106,1.385156751,0.6486617327,0
-0.2094094718,-0.006125415815,0.02039557564,-3.112340927,-0.1173116118,-0.8272379041,0.09283407778,0
-0.3165829813,0.1805061056,0.1705046711,2.623327255,-0.7629333735,1.039515138,-0.8279729486,0
0.0453160341,0.2957640856,0.2980578648,1.41878283,-0.2277861983,0.1825446784,0.7998939753,0
0.1271662882,-0.06301158536,0.3446805921,-0.4600454867,0.4576002061,0.6281945109,-1.419643879,0
-0.406717374,-0.009560534929,0.1220126241,-3.118090391,-1.1386801,0.9896197319,0.2410132885,0
0.1217099097,-0.2175877616,0.3186149125,2.080802441,1.539543509,1.080329418,-1.317030787,0
0.2501164177,-0.00610096915,0.2638668213,-0.02438755706,0.3331208825,-0.3125723898,0.1667331904,0
-0.3227163557,0.03843526648,0.1030335956,-0.1185408309,2.170661688,0.120497115,1.474701047,0
-0.05749773446,-0.2413189151,0.2806728336,1.33689642,1.591756463,-0.02130556107,1.630667686,0
0.1762802237,0.3577929817,0.02411745535,-2.028577566,2.091866732,1.007846355,0.3907591105,0
0.07024957534,0.01230475782,0.2783054743,0.1736579239,0.8935195208,-1.136464953,1.774020553,0
0.2888949931,0.01514614958,0.09816991791,0.05261339992,-1.191106439,0.285038501,1.994473577,0
-0.1002806289,0.2905839706,0.1378519932,1.903095961,-0.2039735317,-0.2470419109,0.2467784882,0
0.1046083631,0.1135777041,0.0405293532,0.8264835477,-0.1751860678,-0.3882923722,-1.308109283,0
0.1198639035,-0.1154895052,0.3386862422,2.374931335,1.52769208,-0.3652873933,1.445110559,0
-0.1655079302,-0.1327139336,0.2516950884,-2.465718508,0.4770419598,-0.7246444225,0.782807529,0
-0.1387343772,-0.009657053953,0.3808273459,0.06949642301,1.419905305,-0.2570343614,1.114241719,0
0.1461285753,-0.1757364738,0.2456548685,-0.8770793676,0.1927126199,-0.6302790046,1.16504097,0
0.1455173645,-0.2243680112,0.3100484798,-0.9954354763,0.1607417613,0.1160202026,-0.05833467469,0
-0.2387905138,0.0160899145,0.2175005873,3.074330091,0.1699028164,-0.6791469455,1.036714435,0
-0.2856412265,-0.05887857178,0.1042103504,-2.938613653,-0.6514282823,-0.3510490358,1.434441686,0
-0.122348337,0.300137098,0.04994193739,1.958547354,-0.5906500816,-0.07046609372,0.1721743941,0
-0.01943727766,-0.3440578083,0.2446825521,-1.627267361,-0.363311708,0.3945587575,0.1349505037,0
-0.3340300691,-0.1467922272,0.0768325877,-2.727429152,-0.9690776467,0.3029922247,0.8408656716,0
0.108145643,-0.3119302939,0.27992539,-1.237076879,-0.4925456643,0.4477428496,0.8100150824,0
0.2023677946,0.02932365567,0.1236928102,0.143840611,-0.3459096551,-0.9704594016,1.883791804,0
-0.09354906431,0.1136878392,0.1211348776,2.259258032,-0.05219172314,-0.05498028919,-1.911106944,0
0.06713730449,0.2461314986,0.1717770442,1.304550052,-1.54526639,1.498326302,2.052298784,0
0.2610757049,-0.1691283395,0.1531710669,-0.5748351216,-0.6159070134,0.9213806391,-1.351821065,0
0.2321057101,-0.08699260936,0.1633322474,2.78300333,2.181113482,0.8486972451,-1.848785639,0
-0.3624291238,0.1919563292,0.102813109,2.654516697,-1.411632419,1.559981585,-0.3270434141,0
-0.01516070978,0.3380289036,0.1301198277,1.615624309,-0.423661232,0.04760528356,0.1316524446,0
0.3860514891,0.1019938855,0.05257072677,0.258286804,-1.279649734,0.8676031828,0.423727572,0
0.04025582517,-0.2061649994,0.1408691121,-1.378829479,-0.2381322533,-0.9439023733,1.785408616,0
0.3101555799,0.0004997370649,0.04860477963,-3.139981508,2.181661606,0.290943861,1.718632936,0
0.1764371441,0.06581975394,0.4578109269,0.3571012318,-0.01724854112,1.057268381,-0.2536105812,0
0.1892567928,-0.3498137241,0.1735090195,-1.074872375,-0.9183731079,0.9088851213,0.1011324823,0
-0.07548980167,-0.2233925633,0.2264650458,1.244919658,0.7973385453,1.570796371,1.989983201,0
0.1387550085,0.2332387728,0.3718339887,1.034131169,-0.249327898,0.5520294309,0.7256446481,0
0.2043551089,-0.08575204668,0.3319749459,2.744277477,1.274460196,1.434531808,-1.619554281,0
-0.06903572138,0.1030118712,0.162538607,-0.9792025089,-0.4420605302,-1.91382575,-1.393463135,0
-0.009405332046,-0.1273510155,0.3261090675,-1.644514918,0.4249761105,-0.5566629767,1.70690918,0
-0.2049766736,-0.09840677888,0.3218709685,0.4468801618,0.7529659867,1.157307029,1.718631387,0
-0.1392521737,0.3194405198,0.3006421769,1.981884241,-0.6920781732,0.9110338092,0.5160570145,0
-0.1265539906,-0.07373149117,0.4543324932,-2.614062548,0.3215141296,0.6982701421,-0.2694626451,0
-0.3258359694,-0.03785573096,0.2242092496,0.1156873032,1.872710228,1.06329751,-1.097408414,0
0.2960064461,0.1637735547,0.2770540658,-2.636237621,1.635357857,0.532733798,0.7523195744,0
-0.1002876244,-0.04969961217,0.07024909957,-2.681494951,1.105114818,-1.905677438,0.8125708103,0
-0.1941943084,0.1497177705,0.1518435103,2.484811544,-0.374583751,0.6260621548,-1.703183174,0
-0.3592346026,0.1657359508,0.07366568437,2.709333181,-1.199120879,0.7748757601,0.5424187183,0
0.1991940348,-0.073866513,0.03835933974,-0.354960978,-0.3091816306,-0.1796446145,-1.061990857,0
-0.01457197597,0.1470780275,0.1263562491,1.668510437,1.043298364,-1.070217967,-0.5733830333,0
0.0587011942,0.1075551067,0.1591649731,1.071184516,0.727897644,-0.4716730416,-1.480750561,0
0.233734218,-0.04950898351,0.0768630547,-0.2086773217,0.01561020501,-0.7837395072,0.3021445572,0
-0.2028810954,-0.1945289038,0.2062901596,-2.377073765,-0.6451123357,1.351490378,-1.767219305,0
-0.120223635,-0.1381877421,0.4240164689,-2.286748648,0.1283831596,0.3648169637,0.7839691639,0
0.08120519,-0.1047273385,0.3612740279,2.229935884,1.622720718,0.3119877875,-0.9917832017,0
-0.02972044031,0.0797622832,0.1837867943,1.927476645,0.8275900483,-1.667728424,1.828792214,0
0.1863853958,-0.2930922649,0.2596417404,-1.004386306,-0.480461657,0.8569872975,-0.4889620543,0
-0.01983424814,0.03051512497,0.45064716,-0.9959455132,0.4867582917,0.5361585021,1.354025722,0
-0.06527625844,0.03013304772,0.3125853966,2.710062027,0.6833896637,-0.8025977015,1.899770975,0
-0.142833779,-0.1340473933,0.04785819885,-2.38791728,-0.8691940904,0.5631377101,-2.094395161,0
-0.05983450064,-0.03947632254,0.3692390865,-2.553876877,0.6214123368,0.8072770834,-1.618359208,0
0.1801256115,-0.2074359586,0.04815923753,-0.8562749028,-0.4786645472,-0.5745660663,0.8502799273,0
-0.3802770146,0.09924036379,0.0813429253,2.886317492,-1.047263384,0.9321050048,-0.3393907249,0
-0.2122490248,-0.03119479533,0.167713663,-2.995663643,-0.08004046977,0.3219778538,-1.632280588,0
0.3617705777,-0.1251290669,0.2545575531,-0.332999438,-0.9309878349,1.214651585,0.1417955756,0
-0.3449175134,-0.02678849487,0.2867727927,0.07749278843,1.572966099,1.143487096,-0.5770674944,0
0.3444778303,0.1115203276,0.06972576545,0.313090235,-1.10342896,1.209797859,-1.04136312,0
-0.3320308881,-0.1760778038,0.2679674699,-2.653995514,-0.9637153149,1.486192107,-0.2724909186,0
-0.03055234649,0.330724463,0.07160802113,-1.478680372,2.181632996,1.379991055,-1.460341811,0
0.3399376148,0.09300460208,0.2076250397,0.2670645416,-0.7299243808,1.199960351,-0.9784585834,0
-0.3080995896,0.08667016432,0.2618228262,2.867366314,-0.1726755649,0.3191844523,-0.1001482755,0
0.3199823813,-0.02937744669,0.215159027,-0.09155144542,-0.5614510775,1.079273939,-1.210504174,0
-0.05726030562,-0.01578302668,0.2475588097,0.2698138654,1.621194601,-1.320124388,2.037287474,0
0.1978042623,0.1318092523,0.2536232431,0.5878106356,0.0899669826,-0.5129154921,1.231681705,0
-0.2008514784,-0.2407399907,0.05918488487,0.8753534555,1.52823627,1.396824121,1.630878687,0
-0.2487943269,-0.1445542083,0.2054484333,-2.615228415,-0.1178059652,-0.3530625701,0.8828914165,0
-0.1104792667,-0.1430408884,0.4235293533,-2.228880167,0.25229159,0.7290597558,-0.5452260375,0
0.2060662282,-0.2098153088,0.2136590915,-0.7942715883,-0.3402884305,0.7818543315,-1.24287653,0
0.02110155878,0.02196289742,0.4599219181,0.8081040978,0.6490207911,0.8672058582,-0.8226109743,0
-0.3452141593,-0.2219096684,0.1003939023,0.5713093281,1.8080796,1.192175984,0.2909079194,0
0.2012254032,0.07346116707,0.1589702252,-2.791556835,2.181661606,-0.6903281808,2.088026285,0
0.2077048744,0.1098318534,0.1774313833,-2.65506196,2.125618458,0.8185628653,-1.903494239,0
0.1547421919,-0.0428772493,0.09683397199,-0.2704140246,-0.1781652868,-1.365445971,1.797745228,0
0.2446140637,0.2579323555,0.1330019633,-2.329698086,2.064346075,0.3208522201,1.105153561,0
-0.2134679492,0.2418111212,0.1145983186,2.29400897,-1.706793785,1.409106135,1.56098032,0
0.01631958228,-0.2495041447,0.3140917018,1.63611114,1.358996511,0.2775725722,1.54194665,0
0.1025453569,-0.05778943568,0.404276587,-0.5131874084,0.5311338902,-0.1412378848,1.047423482,0
0.0957418926,0.360945591,0.1220227267,-1.829959154,2.06570363,0.4670136571,0.882699132,0
-0.145347406,-0.02858914504,0.03001158392,-2.947673798,-0.8204938173,-1.262411356,2.041191101,0
-0.1598387055,0.2487932893,0.04865626438,2.141913414,-0.4319545925,-0.2930232584,0.1574207842,0
0.2163489156,-0.2909768876,0.2378200346,-0.9314104319,-0.7292606831,1.211485267,-0.7135894895,0
-0.09775404278,0.1612593427,0.2131073327,2.115772963,0.09999734908,-0.9045850039,1.755754232,0
-0.1743206687,-0.0394228988,0.2536841566,0.2224232405,2.051933289,0.3335241675,-1.551524282,0
-0.2006411555,0.3060173959,0.2503974013,2.151135206,-0.6742465496,0.7047885656,0.4629200101,0
-0.007413391696,-0.2279119685,0.1477450281,-1.603362679,-0.09601701051,-0.8885849714,1.43078208,0
0.07864672959,0.1931514697,0.2250503478,1.184137583,0.3474349082,0.03385811672,-1.13648057,0
0.2702505812,0.12306357,0.106687335,0.427308619,-0.6108529568,-0.3417733908,1.323578715,0
0.02527237185,0.244520455,0.3008760794,1.467779517,0.02629047446,0.6832274795,-1.13464725,0
0.1123685576,-0.280674105,0.1102024277,-1.189984202,-0.3068103492,-0.3699002564,0.5601723194,0
0.2203978226,0.1482590773,0.1743209739,0.5920681953,0.1775680929,-0.4073397219,-0.04729750752,0
-0.09413887108,0.1913386354,0.2022137405,2.027304649,0.3129633665,-0.9092124701,1.103263736,0
-0.2281243684,-0.1774710299,0.3727062041,0.6611562967,1.376499891,0.9250779748,-0.2614464462,0
0.0906921916,0.1101557077,0.03750460579,0.8815911412,-0.757887125,-1.329600334,2.044395447,0
-0.1095173844,-0.2414935374,0.1786065251,-1.995773554,-0.320389688,-0.479934603,1.50575006,0
-0.2203879595,-0.09781669039,0.1161054059,-2.723807335,0.1904730946,-0.6257572174,-0.1063398644,0
0.2822629782,-0.1327429765,0.1689343023,-0.4398782253,-0.2247926593,-0.2293900251,0.5456519723,0
-0.1551591871,0.1134394004,0.3311506959,2.510466099,0.5541813374,-0.3967719674,0.5742382407,0
-0.3472901721,0.1293411359,0.09668907176,-0.3565205038,1.567066193,1.275850058,1.096370578,0
-0.0147778978,-0.2349904202,0.3409540668,-1.633601665,-0.04431945458,0.04885112494,1.18660152,0
-0.001621836762,0.03919861288,0.1768482066,1.612147927,1.00994277,-0.4232464135,-2.094395161,0
-0.0598438191,0.1873395083,0.4197789876,-1.261764526,1.358903885,0.417927444,0.1067156345,0
-0.2755327942,-0.2132859084,0.1840971831,0.6588609219,1.993793368,0.2574679554,0.9895365834,0
0.2911779286,0.2648535825,0.2063438979,0.7380903959,-0.9004520178,0.9812262654,0.1568424106,0
-0.05484020924,0.1688591916,0.3622321146,1.884775043,-0.7882505655,1.420817614,1.624682546,0
0.3714784647,-0.008491211359,0.1132242377,3.118810654,1.939240098,1.463421464,-1.071026921,0
-0.2991955641,0.1556955532,0.1857034608,-0.4798159003,2.024648905,0.15211308,1.077459931,0
-0.1079222905,0.01814468219,0.1865228136,2.975028753,1.367833495,-0.8415088058,-0.9942945242,0
-0.2930802347,0.1364953828,0.2949943204,2.705730915,-0.3324948549,0.3945539892,0.5294041038,0
-0.3509005678,-0.08337671527,0.04665116413,-2.908314228,-0.8562653661,0.2669470608,0.26320225,0
0.08900505105,-0.2197215245,0.1534151613,-1.185909986,-0.2731945217,0.4887634218,-1.640731692,0
0.2215864642,-0.2408312059,0.06288564098,-0.8268507719,-1.715557218,1.147558808,1.598577619,0
-0.1950469271,-0.02319864395,0.4488577197,0.1183539182,0.898414135,0.8566946983,0.5587798357,0
-0.1196718828,-0.02833670257,0.1076195239,-2.909085989,0.08017649502,-0.2999998927,-1.828725457,0
-0.04806117297,0.0157423221,0.3169671406,2.824054241,0.8698915243,-0.871450901,1.790035844,0
-0.1974647735,0.05138231411,0.3501871591,-0.2545646429,0.5906213522,1.257819295,1.634943724,0
-0.1901077044,-0.029935683,0.09525712445,-2.985862732,0.05389880389,-0.2770555913,-1.208557487,0
0.1204972684,-0.2673458453,0.3299981488,-1.147340059,-0.1790842414,0.3279397488,0.5784030557,0
0.04125563012,-0.01190001615,0.2402225856,-0.279363662,1.036586285,-1.434859514,1.986318469,0
-0.1552398618,0.2569698767,0.1906992585,-1.028238773,2.09000802,0.8943822384,-1.35460043,0
0.07217391642,0.204157278,0.3302989417,-1.910680413,1.92104733,0.1629320979,-0.529129982,0
0.1847279346,-0.3534351882,0.06808306741,2.052411079,1.927462459,1.494786978,-0.6150074005,0
-0.3096938993,0.2019271692,0.1149181528,2.56381464,-0.7265574336,0.3108008504,0.3539224565,0
0.4011922355,-0.02195017961,0.1336642467,-0.05465829372,-1.282370448,1.123338342,0.5620800257,0
-0.06752489744,0.1200750789,0.3408729817,2.083107233,0.4888237119,-0.506755352,1.434850693,0
-0.06183983886,0.2764093182,0.3785306425,-1.350695252,1.044527888,1.570796371,-0.7164204121,0
0.3027293697,-0.1780320541,0.2310244788,-0.5316130519,-0.5982974172,0.4119451344,0.7650662661,0
0.07137316701,-0.1003562682,0.2957891568,-0.9525947571,1.173396826,-0.5521508455,-0.4149263501,0
0.1154627101,0.1156456978,0.1208573477,0.7861912251,-0.2520629764,-1.261773348,2.03935194,0
-0.0365443981,0.04719889572,0.06992091012,2.229580402,1.610709071,-1.300566196,-1.479675412,0
0.2511645654,0.2640629307,0.1085155361,0.810159862,-1.121945262,0.5413486958,1.155013919,0
0.03586239981,-0.01797686361,0.1030203736,-0.467867434,0.4475120604,-0.7903106213,-2.001471043,0
0.1823287627,0.1687684238,0.04959122934,0.7468140721,-0.5336670876,-0.7484058738,1.271354795,0
0.1116818538,0.170814374,0.08078216244,0.9927428961,-0.5534238815,-0.9757006168,1.887035847,0
0.1765522246,0.3154890109,0.2952644886,1.060601473,-0.7624086142,1.102310658,0.2066120505,0
-0.002320990647,0.04531579627,0.3880866902,-1.519782066,1.422171116,0.0893894732,-0.722058177,0
0.001929654045,0.2868181805,0.0636446275,1.564375281,-0.3450014889,-0.1340822577,-0.3856372833,0
-0.2991457475,-0.2393388991,0.2454867697,-2.466806173,-0.9018159509,1.079245925,0.2894536257,0
-0.1351482555,0.1674887325,0.3819526276,2.249747515,0.01446304657,1.031325817,-1.036065459,0
0.1086632345,0.2785228708,0.3597327642,1.198817611,-0.259034574,0.8012888432,-0.09777548909,0
0.04632418769,0.1654749775,0.3875258217,1.297771096,0.5620414615,-0.004241511226,0.1254690439,0
0.1047111187,0.005896290936,0.4265138982,0.05623587593,0.2940771878,0.2021578699,1.285323977,0
0.008221042207,-0.2593884621,0.07688324568,-1.539099216,-0.594463706,-0.6322520971,1.497601271,0
-0.05640643197,-0.3128757439,0.1502351887,-1.749576569,-0.2434088886,-0.1460478455,0.2355209887,0
-0.3200826683,-0.1414769828,0.1976016003,-2.725464821,-1.338279366,1.274217725,1.192868471,0
-0.108797827,0.1285936714,0.3653169131,2.272665739,-0.5854589939,1.093452096,1.770652175,0
-0.01157082346,-0.1386090335,0.3968248259,1.487490177,0.2378131598,1.465036392,1.496633291,0
-0.1389746084,0.003856035086,0.2532494706,3.114124775,0.2567854822,-0.890794754,2.041093588,0
0.2531109761,0.2682092223,0.1692135319,0.8143622279,-0.7379142642,0.3956660628,0.6909749508,0
-0.05699112851,0.2126710215,0.4380170295,1.832622766,-0.1923208386,0.8935322762,0.4565238655,0
0.23604423,0.0003533794416,0.377176251,3.141592741,1.450257421,0.236100018,0.7451549768,0
-0.003667092718,0.03519190216,0.09654773847,1.673727393,1.721013904,-1.1175282,-1.792148232,0
0.2881907122,0.08251671002,0.2131985761,0.2788441777,-0.1978394836,-0.2236337364,0.8762537837,0
0.09394953948,-0.1056557229,0.0277461774,2.297078848,-1.760844707,-1.254146338,-0.1077670529,0
-0.1877458986,-0.08925355165,0.4530178067,0.4437640011,0.9394091368,1.040753722,0.02721148729,0
0.01460035683,0.3562253771,0.2794399041,1.529775143,-0.7915346026,1.438319683,-0.6402877569,0
0.4014073174,-0.016146878,0.118752584,-0.04020400345,-1.134047866,0.8866257668,0.4482945204,0
-0.05828656124,0.1808211272,0.1305803671,1.882623792,-0.3960514367,0.4572326243,-2.094395161,0
-0.2765095914,0.1616772521,0.3051333428,2.61249423,-0.2640868425,0.6566172838,-0.2576358914,0
0.006351651602,-0.06361311889,0.1720428088,-1.47469461,1.952471256,-1.011560082,-1.251714349,0
0.2273328059,-0.261732754,0.3205875803,-0.8556206226,-0.7519324422,1.394710064,-0.2909673452,0
-0.006986230846,-0.04388654492,0.09773038952,1.413113475,-0.999466002,-1.189730167,-1.715866685,0
0.05790388913,-0.06014416817,0.3470210527,-0.8036001921,0.4367890954,-0.3821724057,1.929069757,0
0.1278489023,0.08272129577,0.2098519862,0.5742642879,0.5436127782,-1.226599693,1.500927687,0
0.1510374683,0.1595990796,0.02254594997,0.8129460216,-1.032662034,-0.6368209124,1.989779592,0
0.3053721262,-0.2446669366,0.08755598135,-0.6754778028,-1.1488626,1.225076556,-0.6491123438,0
-0.1773188645,-0.2764282847,0.2264589916,-2.14114809,-0.6042699814,1.168723226,-1.155695796,0
0.2028909336,0.06915938082,0.3459731661,-2.812744141,0.5065900087,1.482062936,1.501155019,0
-0.01974550052,-0.02456951578,0.3459538255,-2.249903917,0.831889987,0.6751025915,-1.783274174,0
0.1042591162,0.3413702643,0.2386357668,1.274389029,-0.8617105484,1.507926941,-0.9378396273,0
0.3084420189,0.01404236074,0.03057169674,0.04605675861,-0.5905413032,0.00652191788,-0.2435695678,0
-0.06113401738,0.2462193042,0.2722958247,1.814470291,0.2860763967,-0.04099627584,-0.319783777,0
-0.06492354059,0.2042507454,0.06622118618,1.878569007,-0.7114872932,0.5380170345,-1.927776575,0
-0.08036415063,-0.3085416262,0.3316267023,-1.825600982,-0.759124279,1.065680623,0.7956578732,0
0.3176499653,0.009227695156,0.088766513,0.0287120603,-0.7621456385,0.8065757155,-1.232510448,0
0.3462549901,-0.1245300743,0.1540245526,2.796347618,1.395355582,1.312296748,1.067864299,0
-0.1013635159,0.1837587725,0.08617498831,2.074873686,0.2344061136,-1.030482411,0.437256366,0
0.3583056233,0.08611692449,0.1405564904,0.2358718663,-0.6271348596,0.4194816947,-0.01205439027,0
-0.007466562176,0.09196584928,0.3072352265,-1.489841819,1.279357433,-0.6533960104,2.082246065,0
0.2916353593,-0.006878646413,0.3821329091,-0.02358198166,-0.4450978637,0.9562504888,0.4047996402,0
-0.1995978135,0.1557930927,0.1992335271,2.478859663,-0.168813616,-0.5479912758,1.447030067,0
-0.2259711401,0.2711525735,0.1731038528,-0.8760022521,1.984627366,1.110334754,-1.016218901,0
-0.04278374623,-0.05207436459,0.3381130114,-2.259141445,0.7087063789,-0.6573927402,1.751149893,0
-0.06180761888,0.21061944,0.4285107533,1.85624516,-0.2596875131,1.44726336,-0.7264153957,0
-0.3107919912,-0.1043599174,0.0990774787,-2.817667246,-0.6227071285,-0.1434772313,0.8902139068,0
0.3059247444,-0.2299790945,0.05399793407,-0.6446165442,-1.03519392,0.8153983951,-0.3614265919,0
-0.01862692716,0.1633757318,0.06957195247,1.684628487,-0.3001330197,-1.334431529,1.696862936,0
0.2654507866,0.311038149,0.07259189674,0.8643114567,-1.343325853,1.109614372,0.2571259439,0
-0.1247073739,0.3454599655,0.07623655734,1.917230844,-0.9905891418,0.3390393257,0.8289677501,0
-0.1119630099,-0.3189647048,0.2517811948,-1.908317089,-0.5485951304,0.3876592517,0.8742977977,0
0.2066788596,-0.0307705152,0.3004886046,-0.1478029639,-0.05902436748,-0.2233655155,1.68210566,0
-0.06631124492,0.1051312709,0.07309145432,-1.008081555,-0.2274957299,-1.790307045,-1.034940958,0
-0.1077362381,-0.3039535964,0.2144093531,-1.911494017,-0.8832280636,0.540537715,1.481648326,0
-0.2047491378,-0.09943375936,0.1450448234,-2.689952612,-0.1925918758,-0.8597660661,1.574777365,0
0.05571504823,0.2583752909,0.3904276999,-1.783180237,1.218340993,0.6887613535,0.6198838949,0
-0.1829541484,-0.1748549941,0.233323809,0.7628006339,0.8230185509,1.533247828,1.844193101,0
0.009368144302,0.1886193058,0.3277743182,1.521173596,0.3810710907,0.4424301982,-1.10734272,0
-0.0830123,0.3784031633,0.06960136309,1.786836505,-1.22597158,1.311151028,-0.7555639148,0
0.03783199681,-0.3775054269,0.03348874609,-1.470914364,-1.115091681,0.52332443,0.4567787647,0
0.01153559669,-0.1267021675,0.289046916,-1.480905294,0.6589839458,0.2363857627,-1.520053506,0
0.3634651351,0.08415416686,0.2253436381,-2.914069653,1.720834851,0.7101899385,0.593524456,0
0.02105576297,0.06356142648,0.4659289517,1.250906825,0.4371275902,0.3816384077,0.8358760476,0
-0.04259603334,0.07096098335,0.03573673182,2.111439466,0.3702363968,-0.9981339574,-1.154743791,0
-0.07889734743,0.09906045687,0.4759413585,2.243366003,0.2253198922,0.9700957537,-0.3478433788,0
0.2202268665,-0.02874230357,0.2347507205,-0.129775703,0.5376541615,-0.6382946968,0.2675991654,0
0.1066655949,-0.02985893475,0.2863448439,-0.2729814947,0.5803001523,-0.9160946608,1.806592345,0
0.04159949048,0.0385355942,0.07898818053,0.7471827865,-0.35404706,-0.5980709195,-2.094395161,0
0.1127986799,-0.05591827946,0.08973566596,-0.460236758,0.6848039627,-1.718398213,1.085009098,0
-0.1771753035,-0.3369365138,0.2393838564,1.086689711,1.585380554,0.9546254873,0.3997842968,0
-0.03349707822,-0.1662680463,0.3477310448,-1.769573212,0.4167786837,0.5357092023,-1.164459467,0
-0.06375484992,0.1120807432,0.05228990139,2.087980986,-0.6665641665,-0.01566330157,-2.094395161,0
-0.01067187466,-0.3413278508,0.04934125589,-1.602065682,-1.69953084,1.103630543,1.441248178,0
-0.206830261,-0.07806159339,0.2102514629,-2.780950546,0.5553188324,-0.6775630713,0.1054112315,0
0.1195718831,0.2299870556,0.2070626204,1.091345549,0.1234750673,0.05219852179,-0.7837481499,0
0.2167447562,-0.1922162821,0.3131348751,-0.7254925966,-0.1461969614,0.7407708764,-0.7076800466,0
-0.08927547289,0.1830816568,0.2856372442,-1.116957188,1.739317536,0.7730339766,-1.612700939,0
-0.2040278143,0.1818500444,0.3242423112,2.413613081,0.09208323061,0.2230454534,-0.01593784615,0
0.05080446655,0.2126072823,0.2253346207,1.336180568,0.3334627151,-0.7947477102,1.015704513,0
0.301024014,0.1325513063,0.0273406222,0.4150496125,-0.7567538023,-0.05174248293,0.4473657608,0
0.2423812319,-0.00985034032,0.3923140162,-0.04067781568,0.02147970349,0.7489083409,-0.4102741182,0
0.3035724887,0.09719381726,0.3110510816,-2.831648827,1.540075898,1.116671801,-0.7420315146,0
0.1266045285,0.06905778674,0.3157889368,-2.642209291,2.124940872,-0.3088050783,-0.4840760827,0
0.06542352122,-0.1770812345,0.1548284463,-1.217000484,-0.1656267494,-1.035053968,1.933281064,0
-0.1963863861,-0.003628193888,0.2064517532,-3.122119665,0.2296478003,0.1609653831,-1.469782948,0
0.2196589857,0.1707396206,0.1021373127,0.6599397063,-0.1799292564,-0.1132773012,-0.5634457469,0
0.2139529002,0.1007650498,0.3809140129,0.440153867,0.1505794525,0.2786447108,0.2775836587,0
-0.328664912,-0.05795833373,0.3175955078,-2.967042446,-0.4271182716,0.8433026671,-0.09054384381,0
0.03511031891,0.153500471,0.1012944167,1.344795585,-0.263445735,-1.351272345,1.951911926,0
-0.2008564882,0.1076985789,0.1614719919,-0.4921841025,2.181661606,-0.6120398045,1.989521146,0
0.1294692259,0.1059125942,0.1744332262,0.6860259175,0.3792555034,-1.263606429,1.480903506,0
-0.2812933538,0.09209123188,0.3243271934,-0.3162677288,1.691581488,0.710488081,-0.5031388998,0
0.09173605066,-0.006829755644,0.4125333804,-0.07194917649,-0.4904005229,1.463000298,1.519361973,0
0.2352639251,-0.1942119039,0.3725707453,-0.6901015639,-0.4834116399,1.215911508,-0.243556574,0
0.1411033871,-0.3825026316,0.1598620649,-1.217388511,-1.149723053,1.173945427,0.1697889864,0
-0.02378644124,-0.1457520326,0.4416163385,-1.732613087,0.1687085032,1.126163721,-0.8938621283,0
-0.138048824,0.09795339395,0.1341827844,2.524469137,0.5457314849,-0.5646798611,-1.021402836,0
-0.384797004,-0.01531108837,0.04855245777,0.03978814185,2.137642622,0.7063931227,0.7509917021,0
-0.3055101102,-0.06133742401,0.09033594356,-2.943455696,-0.3811816871,0.00734742498,-0.3162344992,0
0.07280881446,-0.390024169,0.1057240529,-1.386242509,-1.086637855,0.7506591678,0.4853937924,0
-0.245030452,0.1706016438,0.2642200908,2.533409119,-0.02645919658,0.01065456867,0.2750421762,0
0.2734095644,-0.02810231981,0.04478468846,-0.1028287113,-0.419016093,-0.05348571762,-0.6251288652,0
-0.3934747624,0.03678881471,0.0588697364,-0.09322626889,1.920136452,1.570796371,-0.68968153,0
-0.2032639645,0.005008612578,0.211971997,3.116924047,-0.1292641908,0.6768841147,-1.927589178,0
-0.02301374457,0.008254543467,0.4251893702,-0.3474760354,-0.1409172714,1.486861825,1.503097534,0
0.07792800297,0.05168117954,0.107996023,-2.555999756,0.4127315879,-1.703163862,-2.094395161,0
-0.1646639253,0.0364673208,0.4013954943,2.923650026,0.4637203217,0.01123641431,0.492508471,0
-0.144309269,0.3802341512,0.1482814694,1.933530331,-1.113404036,1.055983186,0.2221808285,0
-0.4105470305,0.03679530862,0.08808969021,3.052206516,-1.3535043,1.226161003,0.1493831724,0
-0.09416262735,-0.2039715928,0.1948611627,-2.003292561,0.4169612825,-0.8291108012,0.6175513268,0
-0.1353915051,-0.1378625537,0.3024014383,-2.347113371,0.429862231,0.2704144418,-1.073433757,0
-0.3389295328,-0.129147689,0.02991820867,-2.777525902,-0.9738174081,0.3006896079,0.4318291247,0
-0.2502775643,-0.01978942445,0.02164776708,-3.062687159,-0.549425602,0.07326488942,-0.9817638397,0
0.2424232134,-0.0734329175,0.06807669362,-0.2931630611,-0.2538523674,-0.1120903939,-0.8190137148,0
0.2440124275,-0.2119875898,0.3056700567,-0.715288043,-0.2963303328,0.483764261,0.2777861059,0
0.05962984075,-0.002713900205,0.239407745,-0.04953275621,0.9905018806,-0.05918982625,-1.887832046,0
0.08611765781,0.3489377177,0.08160312447,1.328830481,-0.736274302,0.4742430449,-0.3441332579,0
-0.03950648957,0.2165152555,0.4502223941,1.751276016,-0.3087370396,1.220127821,0.1476658434,0
0.3239129144,0.1254498556,0.2014332817,0.3695063293,-0.3809380233,0.2982756495,0.0365158245,0
-0.236688965,-0.2377476466,0.04958082566,0.7876293659,2.181661606,0.3758516908,1.441785574,0
0.1140635851,-0.06591656542,0.4676888796,-0.5240077376,0.3128172755,0.6068582535,0.1684070528,0
-0.2887023132,0.07749035184,0.1430690657,2.879265547,-0.5361246467,-0.2824856043,1.344742775,0
0.3213928627,-0.07069630027,0.03482600411,-0.2159711123,-1.05370295,1.005942106,-1.214041352,0
0.04606172796,-0.01665677789,0.4312098647,-0.3499002457,0.65496099,-0.02318239957,1.111878157,0
-0.3567079231,-0.1375955489,0.247487746,0.3681516051,1.459749341,1.419946671,-0.3481683731,0
-0.0913746725,-0.09835939455,0.08976186328,-2.319396734,0.2485101372,-1.610573411,1.435853362,0
-0.02882988878,-0.2678954009,0.3923669688,-1.678000093,-0.2675233781,0.7392847538,0.4904567599,0
0.1499830832,0.2250950249,0.339853472,0.9830213189,-0.1228301972,0.2245881855,0.8262854218,0
-0.05448516201,-0.0170939315,0.3428102145,-2.83778739,0.504201293,-0.401196301,2.054544926,0
-0.3696291682,-0.06546477656,0.228962543,0.1752964407,1.602535009,1.375422359,-0.6480734348,0
0.3034427149,0.1861289693,0.2005508956,-2.59139061,1.874636769,0.4114480019,0.9208834767,0
-0.2810076461,0.1822308874,0.1412285428,-0.5753130317,2.10532403,0.1326024085,1.27722156,0
0.06220277264,0.03924677407,0.2815407226,0.5632987618,1.347377777,-0.3796262443,-1.056521058,0
-0.1306687675,-0.2213820499,0.04806122151,1.037583232,1.493064046,1.570796371,2.030529022,0
-0.01842155823,0.2107474195,0.358486603,-1.483670115,1.730185509,0.3319017887,-0.5416868925,0
-0.1542411519,-0.1137980216,0.1154190742,-2.505949974,-0.4746728241,-0.9885313511,2.094395161,0
0.3562481134,-0.1925579268,0.06126853369,-0.495532304,-1.276180148,0.9674961567,0.2512254715,0
0.00192317018,-0.05939018131,0.389951703,1.59855783,-0.08062591404,1.566879511,1.74279952,0
0.1657929989,-0.01335133373,0.2944546882,-0.08024048805,0.6523276567,-0.7675402164,1.024145603,0
0.03721673547,-0.1072829165,0.2548160882,-1.236883402,0.3934962153,-1.0021981,2.094395161,0
-0.2345728154,-0.1364345541,0.2335924937,0.5268027186,2.181661606,-0.3725531101,1.03622067,0
-0.1466896267,0.1168639673,0.04372283816,2.468927622,-0.4077928364,-0.0407746844,-1.469918609,0
0.03275033657,0.05399735459,0.3135834762,-2.118573904,2.133384943,-0.7498103976,-0.152684629,0
0.1611391573,-0.06475929628,0.1282314065,-0.3822024465,0.1265852451,-0.1460710615,-1.527052879,0
0.08734631784,0.06325759928,0.1455936418,0.6267811656,0.8587759733,-0.6209572554,-1.466176987,0
0.2231769575,-0.07221673514,0.04973401093,-0.3129236698,-0.4998434186,-0.8477491736,1.334741473,0
0.3655962761,-0.01335488221,0.2904206105,-0.03651286662,-0.8223081827,1.18365097,0.1722566038,0
-0.2597173529,-0.2721019785,0.1407178929,0.8087620139,1.497939229,1.229097366,1.011543274,0
-0.05302024733,-0.3214469591,0.152389586,-1.734271526,-0.2835061252,0.02450313047,-0.04101628438,0
0.3508606853,0.1237900193,0.0342390729,0.3391792774,-1.259572148,0.5595031977,0.8818510175,0
-0.07254433585,-0.1815983961,0.357579972,-1.950905204,0.4815882742,0.176173687,-0.4529643953,0
0.05998774267,0.2590751683,0.2615918293,1.343261957,0.1483007371,-0.3068448603,0.5881031156,0
-0.03544532069,-0.09669115639,0.1181546303,-1.922191978,0.003534544026,-1.724085331,2.09408021,0
0.04532330286,0.03055589257,0.4234104947,-2.547939062,1.313075304,-0.08882514387,0.1940285861,0
-0.0534346962,-0.07749752268,0.2243221918,0.9671508074,1.851094246,-1.323071599,2.094395161,0
0.3686916749,-0.1522398789,0.03599447634,-0.3915932178,-1.470288038,1.469209194,-0.5105236769,0
-0.1209689976,0.0767654077,0.379036636,-0.5654071569,0.2973958254,1.394662261,1.666404247,0
-0.3654380605,0.1223040146,0.06484484166,2.818632364,-0.9932093024,0.5637571216,0.221968323,0
0.3693326406,0.01582808726,0.07705890666,0.04283640534,-1.508370757,1.023073077,1.156786561,0
-0.3127845547,0.1247429394,0.08743822242,-0.3794590235,2.164622784,0.2432934642,1.391700506,0
-0.3234283015,-0.1469379226,0.2225768622,-2.715099335,-0.6724156141,1.11666131,-0.8268550634,0
0.3602328857,-0.1566504247,0.02952580634,2.731384277,2.009415627,1.532546759,-0.649736166,0
0.3279964012,0.01631961679,0.2542478097,0.04971952364,-0.3716080189,0.7851587534,-0.7088519335,0
0.1541047245,-0.2881352095,0.09222556611,-1.079671621,-0.8342000246,0.9397966862,-1.2517277,0
0.06565394023,0.287589143,0.2555926819,1.346351385,-0.2000306547,-0.0779966116,0.9546087384,0
0.09901278489,0.2187065574,0.158267881,1.145868182,0.003043767996,-0.8197523355,1.167894483,0
-0.07605304495,-0.03322775419,0.1095918666,-2.728078127,0.8907761574,-0.8229125738,-1.535664082,0
0.07663248073,-0.3627261049,0.2543214528,1.779001474,1.583500385,0.8615652323,0.4729375839,0
0.05744514483,-0.0968378357,0.06505285208,-1.035598278,1.920132875,-1.64339292,-0.8288910389,0
-0.3338223253,0.1094692885,0.05612146081,2.824722767,-1.780946136,1.324373603,1.272952437,0
-0.2300905821,0.193053373,0.1525073948,2.443501949,-0.2029293031,0.1496364027,-0.6382873654,0
-0.2659076249,0.03844360097,0.2902067706,2.998198986,-0.3750371933,1.279206634,-1.463056207,0
0.1405380382,0.1572259343,0.3825480601,0.8412875533,0.2669087052,0.08207584918,0.5410093665,0
0.0193471055,-0.247644896,0.09408866061,-1.492908239,-0.3643013537,0.2543471158,-1.339378715,0
-0.1477464266,0.07276624984,0.07806095508,2.683956861,-0.2369953543,-1.344360828,1.688560486,0
-0.1309616233,0.3038864872,0.1800787752,1.977700949,-0.6320560575,0.09866544604,1.169919729,0
-0.1109820085,-0.2936761515,0.06286288563,1.209480286,2.181661606,0.2298192829,1.669213176,0
-0.141850082,-0.2403480771,0.04054569442,-2.103961945,-0.5191720128,-0.5254666805,0.7979439497,0
-0.2768546215,-0.1185392623,0.3005114219,-2.737045527,-0.1065848395,0.4909027815,-0.3524754941,0
0.0869730866,-0.1043997135,0.3417574246,-0.8769103885,0.6538818479,-0.5825936794,1.161343217,0
0.05381089273,-0.1202519238,0.3064550853,1.991558909,1.95164752,0.03625436127,-1.127579808,0
0.2951902941,0.05531742135,0.02537531366,0.1852650791,-1.067967176,1.00466454,-1.467045784,0
0.1234993201,0.134537994,0.4035983742,-2.313420773,1.370637774,0.7037503719,-0.7434837818,0
-0.3329359541,0.1888960482,0.2571692144,-0.5160770416,1.408338308,1.28877902,0.09174871445,0
-0.1676833501,-0.1295678487,0.2443609181,-2.483995676,0.5971314907,-0.6929067373,0.3738872409,0
0.2120785229,0.08696359869,0.2489118859,0.3886064291,0.08757562935,0.4687413871,-1.34859395,0
0.2092957278,-0.2154800753,0.2282935027,-0.7998130322,-1.329371572,1.381493449,1.545424461,0
0.2839869166,0.1166544422,0.3176008858,0.3897576928,-0.4931354523,1.322375059,-0.9533151388,0
-0.2851067821,0.2620668488,0.08151183711,2.398279667,-0.9793536663,0.8311106563,-0.3402079046,0
0.2000426863,0.09656536138,0.2482131525,0.4497183263,-0.007510897703,-0.5422047973,1.580798268,0
0.2316515988,0.0722564041,0.391065334,0.3023553193,-0.2084110677,0.5588434935,0.8870560527,0
0.2672465208,0.285250418,0.1287590055,0.8179767728,-0.8620368242,0.6631760597,0.09923925996,0
-0.3024706517,-0.1038091079,0.1156595339,-2.810966969,-0.6625868082,-0.1492907852,1.179675937,0
0.3014895854,0.2266643237,0.08204941168,0.6447717547,-0.856738925,0.6075536609,-0.2246387899,0
-0.0283778928,-0.0302287218,0.2827751733,-2.323908329,1.158317566,0.0411345847,-1.664978981,0
0.1825719915,0.2455155052,0.3713049354,0.931386292,-0.5224660635,1.0413692,0.322370708,0
-0.2208480347,-0.1107661936,0.0216961718,-2.676693916,-0.6648877263,-0.7036554813,1.252854586,0
-0.2576374152,0.2437079463,0.07500830639,-0.7576209307,2.164592981,0.3826654255,1.191210151,0
-0.05482176494,0.1382071348,0.4424656194,1.948397636,0.2395649403,0.370100528,0.7515242696,0
-0.3505747545,-0.05997698327,0.140012265,-2.972187757,-0.709595263,0.1856197417,0.8209124804,0
-0.06044706975,-0.134669939,0.4351644441,-1.992700338,0.0414484553,1.387162805,-1.120369077,0
-0.007885117551,0.3934433152,0.2118618818,1.590834975,-0.9763385057,1.057843685,0.2990288734,0
-0.3304712099,-0.1890332561,0.1061818576,-2.62200737,-1.031272292,0.5439960957,0.7833735943,0
0.09117556529,0.380236742,0.08565785958,-1.806134105,1.735619903,1.153025031,0.8201503158,0
-0.184860543,0.2630708324,0.09362539626,2.183362484,-0.9610327482,0.06902866811,1.48039782,0
0.2660549334,0.3089761948,0.05256915416,-2.281691074,1.97450316,1.14000082,0.2335819453,0
0.3411374358,0.04377194374,0.2001368566,0.1276191324,-0.3940358162,0.1669536978,0.3903581798,0
0.1126216534,-0.08604468261,0.3965864292,2.489171743,1.465970874,0.4276180863,-0.7385703921,0
-0.3333726802,0.2207872224,0.1146912722,2.556626558,-1.049818635,0.7909938693,0.3352206349,0
-0.02981138128,-0.1746482918,0.3999437794,-1.739830017,0.3820482194,0.5316385627,-0.619651258,0
-0.2250041724,-0.2298418803,0.1094218204,0.7965882421,2.181661606,0.06740237772,1.481743574,0
0.0613843278,-0.2474922442,0.2093644561,-1.327671409,0.27763623,-0.517329514,0.304484278,0
0.0471635463,0.1147236928,0.3699871344,1.180824995,0.8738380075,-0.05478251725,-0.4338232577,0
-0.3067743106,-0.264476497,0.05883017856,-2.43010354,-1.327599406,1.264451146,-0.3175178766,0
-0.2297499441,0.2018248248,0.2971308852,2.420809507,-0.8115271926,0.8863043785,1.261110425,0
0.1352166449,0.2836326752,0.349837807,1.125938177,-0.3957714736,0.9989083409,-0.2473931611,0
0.1331488974,-0.01995741245,0.3992572149,-0.148775354,0.7214019895,0.05300799012,-0.1603919119,0
-0.1238980863,-0.1658995032,0.2258639515,-2.212267399,0.4608805478,-0.1382839978,-0.9224113822,0
-0.2910108381,0.1425558541,0.02394945741,2.686012983,-0.7284452915,0.2240049541,-0.3720523417,0
0.06368511859,0.09605737767,0.3267947875,0.985152781,0.5032868385,0.6551824212,-1.705295444,0
0.1461091098,0.08880113046,0.09141237698,0.5458348393,0.660159409,-1.283448696,0.2587581575,0
-0.0263441326,0.07068888721,0.05475106884,-1.214974523,-0.2945967317,-1.461871028,-1.28693378,0
0.01740672643,0.2251488403,0.4157528609,-1.647987247,1.226458073,0.9477771521,-0.4940696955,0
0.2893173456,0.03203308902,0.3573271504,0.1102705151,-0.3126710653,0.5982929468,0.6196404099,0
0.272726462,0.1497512069,0.17211655,0.5019851327,-0.2605998218,-0.2404728234,0.704131484,0
0.2951867465,-0.2350677612,0.04883169457,-0.6725026369,-1.110216379,0.4885115027,0.6571074128,0
0.0359182124,0.3461191136,0.1860142034,1.467391372,-0.4015541971,0.3340578079,-0.1282220483,0
0.1407228211,-0.1089674684,0.1392509986,-0.6588594317,0.8133687377,-1.190336704,0.2370719314,0
0.1523027878,0.2469962976,0.3859868915,1.018246055,-0.4626410604,1.00878036,0.37637043,0
-0.127191891,0.01241355625,0.1284413486,3.044015408,0.6856231093,-0.6282521486,-1.330234528,0
-0.04293921742,-0.1538972934,0.134976517,-1.842571259,-0.1449501961,-1.278503895,2.024660587,0
-0.1813497971,0.1467137899,0.08494012172,2.461343527,0.0588465929,-0.8685625196,0.4624097347,0
-0.1918440559,-0.02822721696,0.2133496281,-2.994850159,-0.005152676255,-0.8224716783,1.852013826,0
0.194047007,0.3026417757,0.1103079069,1.000649095,-1.071051121,0.458153069,1.17845726,0
0.01795332307,-0.3092307851,0.2198362729,1.628781915,1.933867574,0.02670398727,1.248763204,0
0.1945508785,0.2166957018,0.2222345672,0.8391870856,-1.314382076,1.320304394,1.671691895,0
-0.07941662463,-0.3376243929,0.1347412096,-1.801794648,-0.471670419,0.133002907,0.1206584945,0
-0.3019017645,-0.07178431578,0.3129596829,-2.908199072,-0.2552748621,0.7843676209,-0.5098878145,0
0.1216880873,0.0743481681,0.2564078355,0.5484294295,1.178903222,-0.9642939568,0.1973582953,0
-0.3146869093,0.07015724991,0.1888967733,2.92272234,-0.6265767217,1.082608104,-1.285750747,0
0.2211439962,-0.1472461481,0.272698841,2.554297924,0.7735229135,1.485643387,1.586479425,0
-0.1439159297,0.1422664447,0.3872176873,-0.7795869708,1.36570847,0.8849291801,-0.9566958547,0
0.03738118098,-0.1233630108,0.4175022676,-1.277534008,-0.4291442335,1.208465576,1.457276225,0
-0.3688429716,0.04174889622,0.2516855026,3.028883457,-0.7203528285,0.8090454936,0.3717564642,0
-0.1640322802,0.2969052265,0.1104865391,2.076009035,-0.6415957212,0.6179035902,-0.8219337463,0
0.06586153334,-0.04941313549,0.2249623158,-0.6420760155,0.6855234504,-1.395863056,2.041187763,0
0.2498868623,-0.1387549655,0.3247156611,-0.5068708658,-0.02612559497,0.2400477827,0.2723796368,0
0.1221183408,-0.04076072506,0.2487600097,2.818597078,1.76742816,-0.9883688688,2.042895317,0
0.01533781071,0.08851911874,0.1024142734,1.398863554,-0.07714965194,-0.392401427,-2.087911606,0
0.007761155737,-0.007975363542,0.3898676413,-0.7763500214,0.9689546227,0.5803968906,-1.3083812,0
-0.1508932253,0.275731694,0.2452735311,2.072315454,-0.2539176047,0.6155855656,-0.743951261,0
0.1639216111,-0.02615693903,0.04084390122,-0.1582337916,-0.1825798452,-1.328208447,1.247352242,0
0.1172576854,0.1426782599,0.1094472614,0.882979393,0.2698913813,-1.277786851,1.065979362,0
0.08985208649,-0.2213696372,0.0488139595,-1.185194135,-0.6154358983,0.3537904024,-1.483916163,0
0.08199797068,-0.07074315346,0.382424377,-0.7118367553,0.5356680155,-0.2914114296,1.340803623,0
-0.1394119603,0.2455974393,0.1054673352,2.086934566,-0.1320327073,-0.4501471221,0.2142576426,0
-0.2430753408,-0.1771901179,0.2333688476,-2.511675596,-0.09521516412,0.3142837882,-0.5753865242,0
0.2013652206,-0.003378474088,0.4334622661,-0.01677628048,0.02609169856,1.009097815,-0.5305890441,0
-0.07638188066,0.3392426916,0.1201761919,1.79220891,-1.686775804,1.466127038,1.273324847,0
0.03095587886,-0.06646373348,0.2219780748,-1.134912014,0.7091861963,0.008794657886,-2.094395161,0
-0.04477436921,-0.2799975203,0.1226130717,1.411990523,1.223051429,1.542163253,1.850759268,0
0.2519952836,0.2671531452,0.08753051691,0.8145973682,-0.769857645,0.5291821957,-0.2967517078,0
-0.3421296649,-0.1520967788,0.06795942306,-2.723323345,-1.039914727,0.4246743619,0.7320857644,0
-0.1087386444,-0.04460692624,0.1075887933,-2.752725601,0.7615666389,-1.767182112,1.250290155,0
-0.2312373166,0.05138980039,0.4167644933,2.922908306,-0.3508859873,0.9214128852,0.7408741117,0
0.1388363081,-0.02607343491,0.4515557878,-0.1856374443,0.2107991129,0.4575512409,0.7464746237,0
-0.3397910608,0.07125186259,0.1269113276,2.935054541,-0.5237382054,0.0667052716,0.3732111752,0
0.228294649,-0.3162800068,0.1975345877,-0.9455811381,-0.8897218704,1.150192976,-0.3793030381,0
-0.07791422505,-0.05756505566,0.4586002334,-2.504178762,0.4973931015,0.2993401289,0.5332171321,0
0.1066094495,0.09784351462,0.05523876025,0.7425646186,0.2382912934,-1.519283175,1.007015944,0
-0.01452454676,-0.08905112802,0.2815486387,-1.732424974,0.7248299122,-1.034414172,1.815508246,0
0.2480144217,0.08248703965,0.3012853218,0.3210799098,0.1251605153,0.3581520915,-0.6289544106,0
-0.005435210443,0.2079817784,0.3619808001,1.596924901,-0.01062552631,1.116562009,-1.315773487,0
-0.1581843678,0.324763444,0.1887253503,-1.117557049,1.917970061,0.4192203879,0.8714777231,0
0.4010393778,-0.047163262,0.09100201914,-0.1170648858,-1.278312445,0.9887961149,0.4787026644,0
0.1792281995,0.1742608912,0.1373158211,0.770455718,-0.4432621002,-0.6224756837,1.69884038,0
-0.06052701324,0.361777089,0.1314428215,1.736493707,-1.56849575,1.376900673,1.09027791,0
-0.3411230464,0.1686756323,0.2111408181,-0.459215045,1.752805233,1.171183348,-0.5247491598,0
0.1840214382,0.05158843577,0.1458557479,0.2733791769,-0.1094300598,-1.085539937,1.79328692,0
-0.1726741135,-0.3699037894,0.09685381974,-2.007539749,-1.251880169,1.042877913,0.301294148,0
-0.2748049278,0.03026133074,0.4053353795,-0.109677352,1.051184177,1.119097829,0.1781429946,0
0.1065397472,-0.0004298798364,0.2986210763,-0.004015161656,0.5933477283,-0.8511226773,1.785647988,0
-0.2807030041,0.169322173,0.08778472184,-0.5427746177,2.181661606,0.1770185083,1.474873424,0
0.1826140661,-0.01596329406,0.1868965566,-0.08672703803,-0.1116612852,-0.928873837,2.034775019,0
0.2799842349,-0.1757989223,0.05394957041,-0.5605818629,-0.6315283775,-0.05355044454,0.3080928624,0
-0.1121680106,0.2287044843,0.06701047514,2.02600193,-0.1041758358,-0.5484595895,-0.03341552243,0
-0.2203465567,-0.2128054432,0.1295442981,-2.37359786,-0.6561700106,0.8764503598,-1.390733004,0
-0.1148817206,0.3562101913,0.1206336784,1.882775903,-0.8831298947,0.4046543241,0.7211818695,0
0.09316691561,0.3154747022,0.1162128743,-1.857952356,2.161946297,0.1067595184,1.392519355,0
-0.4048693851,0.01477700184,0.1604850347,3.105111361,-1.166368365,1.406720161,-0.3383102119,0
-0.3413641198,0.004849909463,0.145917527,-0.01420683973,1.295217276,1.409377217,1.343214154,0
0.04172444067,0.09182077688,0.3580671761,1.143870592,0.3570590913,-0.2648635507,1.824459076,0
-0.1882518026,0.3291573752,0.2489159996,2.090312958,-0.841468811,0.9886956215,0.3294226825,0
-0.103710438,0.1078781539,0.2146581986,2.336390972,0.7096662521,-0.2441674471,-1.295206904,0
0.007576484686,-0.08241661405,0.3670315053,1.663458109,1.508655071,0.2505947948,-1.054747462,0
0.06232710902,0.1378107441,0.2162151418,1.146067142,0.1861204505,-1.058270097,2.00344348,0
-0.1696650341,-0.04140164436,0.1525864676,-2.901533842,0.04294831306,0.09343455732,-1.767057657,0
-0.0894261893,0.214506255,0.2722605899,1.965281248,-0.3778378367,0.01541162841,1.886419654,0
0.09795990837,0.09153162417,0.2782890959,0.7514870763,0.4024360776,0.5092682838,-1.853711605,0
-0.268369166,0.1498409742,0.3697747663,2.632369757,-0.5235561132,1.039131641,0.3129239976,0
-0.03329612026,-0.1193695927,0.3699374023,-1.842812777,0.5080724359,-0.3484095633,1.341580272,0
0.06245242382,0.1147702835,0.4616256416,1.072494864,0.3038284183,0.8700808883,-0.4794679582,0
-0.1162606902,-0.1751328398,0.141280965,-2.157010078,0.2121646255,-0.2300904393,-1.068915844,0
-0.2087758382,0.2346009813,0.25027661,2.298021555,-0.4970853329,0.2134760171,1.17282784,0
0.3294181746,0.05160783758,0.2504276272,0.1554067135,-0.4315533042,0.2685756087,0.7491487861,0
0.0328239463,-0.09305236763,0.3863943743,-1.231695056,0.9537818432,-0.06292451173,-0.3404225409,0
-0.01925018112,0.311800453,0.3720596612,1.632456899,-0.640218854,1.294663668,0.103302151,0
0.1825614219,-0.1144924927,0.07509516102,-0.5601766706,-0.4092468321,0.193518877,-1.55709219,0
-0.09015868303,-0.2687319054,0.08338350425,-1.894494414,-1.384292722,0.5331165195,2.090922356,0
0.0170336438,0.03764434975,0.480080213,1.146085143,0.4350439012,0.5278221965,0.7621778846,0
0.04565236198,0.1849864158,0.2343355999,-1.812748313,2.048048973,-0.8009556532,1.722351193,0
0.06476037747,0.09070288459,0.4233834247,0.9507495761,0.464948833,0.8277070522,-1.012753963,0
-0.1488955082,-0.1121224674,0.2844541662,-2.496156693,-1.019914269,1.470239401,2.094395161,0
0.1975767847,0.09540591639,0.2178272295,0.4501942694,-0.1102507636,0.6572796702,-1.753032804,0
0.1300627879,-0.230050076,0.1740735041,-1.056204677,0.01002475619,-0.6195416451,0.8661005497,0
0.07775221285,-0.1213567859,0.1059812329,-1.002463818,0.3485424221,-0.4946446419,-1.372153044,0
-0.1885087508,-0.1041123798,0.4065055723,0.504560411,1.400641322,0.6138599515,-0.3189533949,0
0.1839490084,-0.03085264433,0.4154704316,-0.1663732529,0.1057047546,1.029201865,-0.8937636614,0
-0.3248165484,-0.2533347929,0.1056181623,-2.479208708,-1.249530077,1.188084722,0.01346474886,0
0.2954790441,-0.2253748089,0.03107977668,-0.6514346004,-1.153150916,1.025032163,-0.7145439982,0
0.2782367081,0.06999597994,0.1817063956,0.2464583069,-0.9745440483,0.4302458763,1.941616535,0
0.1863400122,-0.18738776,0.2675483574,-0.7882016897,-0.462718755,1.376461148,-1.66577816,0
-0.1020809786,0.2511561891,0.1334392337,1.95684576,-0.7308667302,1.081581354,-1.858347535,0
-0.002562310587,-0.1812190914,0.1624640653,-1.584935784,0.4038630426,-0.2681445479,-1.231306791,0
0.3736932857,0.01704934447,0.2404767465,0.04559117556,-0.6822055578,0.946210742,-0.2146878541,0
0.1149589658,0.2120587258,0.03148323073,1.074032068,-1.06752038,0.9549635053,-1.970555544,0
0.04599040857,0.1290463988,0.3152020764,1.228980422,0.1114623398,-0.3030829132,2.068533421,0
0.3229600772,0.04120533985,0.1082964542,0.1269009113,-0.8237347007,-0.004853228107,1.32173562,0
-0.02828612628,0.1996533783,0.09759655532,1.710457683,0.4201413691,-0.9734274149,0.03524536267,0
-0.01511960199,0.1038120859,0.2492059594,-1.426169395,1.69509995,-1.092086315,2.094395161,0
0.009149804135,-0.0691097206,0.04735124162,-1.438971519,-0.5610749722,-1.864085078,1.952102542,0
-0.1033786836,-0.1599578479,0.2478279762,0.9975935817,2.120652676,-0.8190398216,1.475205421,0
0.2269561471,-0.1482689377,0.2767649303,-0.5786582232,-0.1143909842,0.7271980643,-1.111464858,0
0.1171690682,-0.02215818277,0.07184926661,2.955011129,-0.3716939688,-1.732421756,-0.9620130658,0
-0.04688139694,0.2505731219,0.2256165497,1.75617516,0.2932150364,-0.4635809958,0.2840685248,0
0.0970416666,0.1800258413,0.278386182,1.076403618,0.6529800892,-0.4344079792,-0.06698983163,0
-0.007983242664,-0.4078136052,0.1510817675,1.55122304,1.684312105,1.202612042,0.265401423,0
-0.04891398769,-0.08849437959,0.2136996746,-2.075737476,0.4804714322,-1.354299426,2.094395161,0
0.2942143295,0.1460769991,0.1474921856,-2.680842161,2.097411156,0.08751385659,1.329775214,0
0.2376350821,-0.1911584849,0.3121024308,2.464189768,1.545912862,0.4155311882,0.8963584304,0
0.3009835925,0.2338017422,0.08159464319,0.6602342725,-0.882137835,0.6058700085,-0.1285391152,0
0.1234294964,0.1575367581,0.07355168064,0.9052090049,-0.3982091844,-1.084528208,1.642122388,0
0.08671514064,-0.04281556646,0.3656575721,2.68301487,1.278611302,-0.4210400879,1.512313128,0
0.05800963608,0.1546139492,0.411434151,1.211854935,0.2268675119,0.9469202757,-0.9961578846,0
0.0490445169,-0.01972524061,0.03059962903,-0.3823088706,0.9730439186,-1.345664501,-1.194162965,0
0.1111826474,0.1267625604,0.05681940544,0.850764215,0.2584676743,-0.7779222727,-0.7025493979,0
0.06801805171,0.1397695541,0.09139407225,1.11789906,0.04877537861,-0.3029322624,-1.510321975,0
-0.1087090603,-0.07108528762,0.1943845126,-2.56248641,1.182053089,-0.7661648989,-0.8784751892,0
0.01936302053,-0.005124892759,0.2167966523,-0.256600827,1.184357166,-1.626039147,2.094395161,0
0.2874125126,0.2146555237,0.2275188786,0.6414945126,-0.5993067026,0.9424131513,-0.6038103104,0
0.01209147612,0.3344801161,0.3225439606,1.534679413,-0.538338542,1.140344501,-0.3892626762,0
0.2053687206,0.1539960425,0.09789509649,0.6444019675,-0.0005098991096,-0.6594898105,0.275313884,0
0.2845791836,0.04943398338,0.1000570721,0.1728357822,-0.479060322,-0.4746635258,1.145572424,0
0.3153523349,0.1093090023,0.06723902164,0.3335979283,-0.6064973474,-0.04747051001,0.3426944017,0
-0.01589228224,-0.1523508367,0.2949610287,-1.674785137,0.5510366559,0.2796204686,-1.383519888,0
-0.104008235,-0.1452387557,0.1593014837,-2.192391634,0.6899144053,-0.6485618949,-0.7479643822,0
0.2373006581,0.1412128302,0.266933415,0.5368770361,0.01250866428,0.4025894105,-0.7727291584,0
0.09735295481,0.1693762624,0.241101764,1.049167275,0.5998178124,-0.2359537184,-0.8010659814,0
0.1220605093,0.3299634294,0.09954832434,1.216506481,-0.8888981938,0.189024508,1.033692479,0
0.3862622086,0.03324727246,0.03565909559,0.08586239815,-1.253194809,1.150298595,-0.5632255673,0
0.001418354311,-0.154737404,0.03672499234,-1.561590075,-0.7424625754,0.1553719044,-1.991364717,0
-0.1226389638,0.02336436852,0.4496207228,-0.1882563382,0.9302986264,0.4045223594,0.8987650275,0
0.2245601615,-0.292671114,0.1441601406,-0.9163482189,-0.6283169985,0.4831419289,-0.1337759197,0
-0.1861056377,0.2762315599,0.1442657702,-0.9779176116,1.315890908,1.348929405,1.458399177,0
0.166772271,-0.2839887437,0.2939519068,-1.039813399,-0.3742687106,0.8474325538,-0.481489867,0
-0.01950987194,0.246101979,0.06792259568,1.649906397,-0.16061005,-0.7910439372,0.6504507065,0
-0.1629154379,-0.08261235421,0.2080537263,-2.672315121,0.809697032,-0.634975791,-0.5010861158,0
-0.1862346489,0.2896006013,0.1871094091,2.142288923,-0.6792839766,1.067502975,-1.047989011,0
0.1953707902,0.0952992399,0.2827268188,0.4538299441,0.1100217029,0.6264387965,-1.40458405,0
-0.07545073546,0.1527186386,0.2724855156,2.029672861,0.1346289068,0.7325857282,-1.881934047,0
-0.3116254176,0.09163527789,0.3408594542,-0.2859945297,1.246979952,1.391625643,-0.4994243383,0
0.03762854357,-0.294651429,0.1485056619,-1.443778515,-0.3377680779,0.4253148437,-1.027994156,0
-0.02543603928,-0.235076885,0.1771270069,-1.678812861,-0.2934648395,-0.6339164376,1.760129929,0
-0.08304563613,-0.042309174,0.4522803909,-2.670392036,0.4888430536,0.8152232766,-0.7309170365,0
-0.212006827,-0.1730748987,0.3014554605,0.6845566034,1.585599661,0.1466691941,1.268791795,0
0.0607473461,0.1236591261,0.4238792865,1.114080787,0.2785607576,0.1848471016,1.060159206,0
-0.1464681055,-0.2043406397,0.1160884624,-2.192641735,0.1194667295,-0.566437602,-0.07380466163,0
0.2284769863,-0.1712860441,0.03974890536,-0.6433839202,-0.5641379356,0.1751764566,-0.8159272075,0
-0.08857770234,-0.05611309305,0.1239468681,0.5646926761,-1.303886414,-1.5089432,-0.9417685866,0
-0.04944509523,-0.2257003827,0.04727350382,-1.786704898,-0.07049892843,-0.7472615838,0.1195186004,0
0.2634796312,-0.05974754549,0.1180403088,-0.2229900956,-0.425655514,0.4754703045,-1.371375322,0
-0.2148868838,-0.2465567719,0.3027129144,-2.287674189,-0.3382521868,0.5004492998,0.3431715071,0
-0.09212844391,0.1657539604,0.4338048333,-1.063494086,0.9408626556,0.6686321497,0.8720704317,0
-0.2152045353,0.2101367271,0.2816590908,2.36811471,-0.3850563169,0.2181576937,1.110889435,0
0.0647380493,-0.06594826109,0.2864919197,-0.7946781516,0.6929761171,0.3441080153,-1.822672248,0
-0.08921598875,0.293005068,0.2412735441,1.866363764,-0.07254751772,0.1922830939,-0.2594540715,0
0.03669443605,0.3091514627,0.09633551221,1.452459812,-0.3531101346,-0.2431578785,0.2816652954,0
0.04420282155,-0.2460683996,0.2789061835,-1.393103361,0.3281718791,-0.1650917381,-0.05141615495,0
0.06811423612,-0.3125936328,0.3199129179,-1.356258869,-0.4830226302,0.636950314,0.7024348974,0
-0.1973343362,0.01601240128,0.2677382419,3.060627222,0.6664794683,-0.326838702,-0.4503072202,0
-0.2454240452,0.2345066421,0.0992463438,-0.7626532912,2.17298007,0.2056928575,1.317312002,0
0.1980346999,-0.006491913714,0.2760176324,-0.03278490528,0.255273819,-0.6294698715,1.406182885,0
-0.09209662467,-0.06898650049,0.458003279,0.6426488161,0.80572474,0.5306815505,0.9377926588,0
-0.2784561241,-0.03592011615,0.3399766972,-3.013303518,-0.2347148806,0.3542285562,0.8529620171,0
0.03353873011,-0.3820174146,0.02129305073,1.658365607,2.165314198,1.358739138,-0.7240224481,0
0.3522605336,0.140799941,0.1933286353,0.3802505434,-0.9199684858,1.323023558,-0.731351912,0
-0.1113324475,0.23371816,0.3580624596,-1.126243711,1.525554299,0.2538424432,0.7270084023,0
-0.1489795068,0.2735800768,0.1024792108,2.068806171,-0.3195877373,-0.1974639893,0.1316945404,0
-0.02546196118,0.1269330924,0.1124564753,-1.372797608,0.009805286303,-1.875341535,-1.543591619,0
0.2522370752,0.1409900527,0.2742379334,0.5097988248,-0.1471673995,0.6682072878,-0.9040708542,0
0.1574438761,0.2292043145,0.126116277,0.9688568711,-0.3763784766,0.4252122641,-1.240005732,0
0.3466048383,0.0717075062,0.1992200131,0.2039695084,-0.4730429947,0.2742672861,0.3706642389,0
-0.02056476182,0.1456419307,0.2452296708,1.711087108,0.9296770096,-0.3972973824,-0.9232278466,0
-0.1907356466,-0.1864682727,0.2544606915,-2.367484808,0.2132997066,-0.07088908553,-0.2358864844,0
0.0765203144,0.2754347438,0.3089927241,-1.841840982,1.604915023,1.047005534,-1.051874757,0
0.06913388443,-0.1716903324,0.3649310908,-1.188031316,0.2106372863,0.844047606,-1.224577069,0
-0.09195666888,-0.1513390755,0.09434855117,-2.116929054,0.05943141133,-1.318431377,1.341595531,0
-0.283879865,-0.1659371574,0.1429104709,-2.612683058,-0.631862998,-0.04297148809,1.117774963,0
0.2151120656,0.2483957915,0.2776599515,0.8570859432,-0.5906885266,1.291532397,-0.9713308215,0
0.02265577198,0.3744867059,0.2167860961,1.510372043,-0.6948843002,0.6405292153,0.373924762,0
0.08173304676,-0.1112111893,0.4813034451,-0.9370015264,0.02037876844,1.271135449,-0.4151071608,0
-0.1531097732,0.07454855173,0.1916695624,2.688502312,0.1973578334,0.167555958,-1.753399968,0
-0.2110278869,0.06915094018,0.1494278132,2.824905872,0.4470896423,-0.7986701727,0.06472869962,0
-0.2293574203,0.06890952705,0.3328953165,2.849711418,0.00354656484,0.8413446546,-1.107525706,0
-0.2165740739,0.0404934672,0.1275344118,2.956856728,0.3540391922,-0.6354659796,-0.3702614009,0
-0.05916593305,0.07870435968,0.1013336619,2.215466976,-0.1100731045,-1.771426439,2.074014664,0
-0.02506370957,-0.02614905484,0.3166536141,-2.335791111,1.508595586,-1.033815503,0.8478119373,0
0.005286153519,0.2391480046,0.3791169906,1.548739552,-0.03453272581,0.3052187562,0.8104506135,0
-0.05048024829,0.02969573206,0.07574311599,2.610094309,0.9314146042,-1.046023011,-1.53030622,0
-0.1365480673,0.249258603,0.1116354177,2.071901321,-0.7573599219,-0.2724280357,1.688549042,0
-0.1854568766,-0.07220659785,0.09790138142,-2.770943403,0.2150124907,-1.172739267,0.8650909066,0
-0.1264131234,0.07624178814,0.3451358301,2.598823309,0.8713357449,-0.299385488,-0.1292064935,0
0.1250735057,0.2383910235,0.1738407124,-2.053975582,1.714530349,0.2289933264,2.081977844,0
0.2192582775,-0.3206076363,0.1692725549,-0.9709689021,-0.8482569456,0.6759026051,0.3893500566,0
0.01887088958,-0.3937111887,0.03488087418,-1.522900581,-1.387579918,0.9006534219,0.5748921037,0
0.08206255289,0.01930596274,0.4048214425,0.2312405556,0.9562134147,-0.07583446801,-0.1016592979,0
-0.275202662,-0.05305347666,0.2856642433,-2.951149702,0.07081013918,0.2500092387,-0.3804419339,0
0.1443898286,-0.3709188537,0.1113786581,-1.199570298,-1.105285048,0.7931264043,0.5028259754,0
-0.0679107766,0.04100328968,0.1754003055,-0.5431944132,-0.5156864524,-1.765781045,-1.822094917,0
0.2196679264,-0.1772511917,0.3149408191,2.462669373,1.199623704,0.7068610191,1.365760565,0
0.1569038616,-0.001955337975,0.359510442,-0.01242280565,0.1390599012,1.135478854,-1.628005147,0
-0.2753770183,0.2676322235,0.05089012265,2.370467186,-1.039426327,0.5545925498,0.2793345451,0
0.271659522,0.1005049697,0.1222472922,0.3549507558,-0.3858618438,-0.4692627788,1.091665626,0
0.221417342,-0.05328890379,0.3814265837,-0.2361852527,-0.06564511359,1.100036502,-0.9998398423,0
0.01078652873,-0.1017948506,0.3078395355,-1.465226769,0.5568895936,0.5704491735,-1.83469677,0
-0.06400495468,-0.03671925477,0.4041322624,-2.620470524,0.5936685801,-0.1802050471,1.336085439,0
-0.3330937127,0.1360329987,0.2771287183,2.753872633,-0.695787251,0.8379582167,0.4668977261,0
-0.314227526,-0.01767886528,0.1556141795,-3.085315228,-0.5409739017,-0.1519551426,1.198166132,0
0.2439564773,-0.2642388514,0.1394969365,-0.8252800107,-0.5785527229,0.4561452568,-0.2847975194,0
0.2132425794,-0.186508535,0.1426998023,2.423335791,1.167068481,1.517670393,1.845114946,0
-0.09681155398,0.2733457531,0.05586250976,1.911150575,-0.685611248,0.5101592541,-1.19070375,0
0.06919420116,-0.2525764828,0.3855849446,-1.303303599,-0.142016381,0.9584858418,-0.520037055,0
-0.2986035533,0.2060524723,0.08640073372,2.537573338,-0.7156130075,0.3478896022,-0.04142619669,0
-0.2897048892,0.2071039192,0.2675387185,2.520949364,-0.6408250332,1.136606216,-0.5584336519,0
-0.3054746866,0.2226459209,0.1582974652,2.511764288,-0.9607269764,1.288558483,-0.8396777511,0
-0.1038141329,0.02610331337,0.05793637902,-0.2463363111,-2.181661606,-1.759774446,1.387580156,0
0.1324292143,0.03575202795,0.384780614,0.2636574507,0.627243638,-0.2767422199,0.8068348765,0
-0.003665190724,-0.3648565957,0.03678438155,-1.580858946,-0.9866279364,0.3095581234,0.5194886327,0
0.04845750185,0.3631152226,0.2483814155,1.438130736,-0.7679507732,0.7734214067,0.6210544109,0
0.2715452149,-0.02457841345,0.1794423513,-0.09068408608,-0.2432619184,0.5167162418,-1.294087052,0
-0.1090865843,-0.1259445363,0.1206139323,-2.284590483,-0.3180049062,-1.211653352,2.094395161,0
-0.2676036172,-0.2234744284,0.238239139,0.6957771778,1.527250171,1.570796371,-1.06663835,0
0.2821565264,0.2522742601,0.1387552446,-2.412055254,2.00719738,0.5302882195,0.7892699838,0
-0.04533799898,-0.055731212,0.3500243927,0.8878757358,1.859350324,-0.6200672388,0.2004787326,0
-0.02801604655,-0.3380454885,0.1054547678,1.487844586,2.170226336,0.1862009168,1.306200504,0
-0.3336997864,0.2076653379,0.163048024,2.584928751,-1.267338991,1.166369915,0.6892465353,0
-0.1976364864,-0.1547420993,0.04972956755,-2.477346659,-0.4330025613,-0.7538973689,1.051295161,0
-0.02362164656,-0.065170992,0.07611721823,-1.918624282,1.604546905,-1.2902354,-1.385742664,0
0.1795645675,0.139205453,0.2258713536,0.6598682404,0.03970132023,0.4447331429,-1.448004365,0
-0.3431855078,-0.1753637995,0.1985601053,-2.669170618,-1.144188404,1.109683514,0.7083685398,0
0.07330348489,-0.1121869633,0.2581715746,-0.9919839501,0.8398094773,-0.1519181281,-1.24178946,0
-0.2166931572,-0.1000544902,0.4327205961,0.4325686395,0.9079731703,1.381572247,-0.3657935858,0
-0.09352242047,0.1926441204,0.4162577454,-1.118842483,1.135150671,1.146968603,-0.7721520662,0
-0.04338078356,0.3280959017,0.1119192646,1.70225358,-1.118586898,1.570796371,-1.56050086,0
-0.2813455858,0.2936544906,0.1493731791,-0.8068016768,1.777841687,1.267923832,-0.2348037958,0
0.4001936507,-0.008808672733,0.02664126945,-0.02200772427,-1.408009887,1.007113457,0.3246086538,0
0.007859538561,-0.1202272388,0.4186761115,-1.505520821,0.3054979444,0.1281815618,1.231744766,0
0.09251558394,-0.06134890901,0.1769671487,-0.5856022239,0.6341944337,-1.567055464,1.754037499,0
0.07626582861,-0.2636845733,0.2713902038,-1.289211273,-0.1678311825,-0.1219093353,1.170917153,0
0.2105190251,0.2704182628,0.2931768185,0.9093071222,-0.5147225261,0.6527449489,0.4579618871,0
0.07434705965,0.07425307996,0.03718199036,0.7832562923,0.253006041,-0.8768862486,-1.106772423,0
-0.02972500101,0.3282096021,0.235106283,1.661116958,-1.116124511,1.058205843,1.336779237,0
-0.3037659941,-0.2065571491,0.04352320923,0.5971553326,2.17780447,0.5611335635,1.025783658,0
0.2330422096,-0.002473537894,0.05972220717,-0.01067886874,-0.01191925257,-0.7304045558,0.06477892399,0
0.2768583991,0.2071222061,0.2891741153,-2.499330044,1.468979836,1.334355235,-0.687186718,0
-0.1429574052,-0.06205220042,0.3634508171,0.4095233679,1.820603609,-0.2717031538,0.2011492699,0
0.133551573,0.003218316701,0.1610310868,0.02475234121,0.09892547876,-1.399854064,2.079367638,0
0.1457109062,0.3131435755,0.3021952779,1.135278225,-0.5413237214,1.027358532,-0.3084723949,0
0.2864784259,0.09694493642,0.02768042052,0.3263057768,-0.9901785851,-0.1707904935,1.357221603,0
0.007576391294,0.1480248032,0.3579853935,1.519489646,0.6713449359,-0.4388381541,0.8123914003,0
0.1337846289,-0.1221559553,0.2561702084,-0.7400149107,0.7865608931,-0.4209880233,-0.5390302539,0
0.1810151557,0.14720378,0.0229027484,0.6828308702,-0.8555647731,0.5539316535,-1.672843695,0
-0.02103699759,0.2033008414,0.2509271338,1.673953295,0.033948116,-0.6089702249,1.707320333,0
-0.09576513557,0.3112818921,0.3187939719,-1.272339702,1.379426122,0.7693964243,0.7220672965,0
0.2837307184,-0.2540027087,0.09349776008,-0.730170548,-1.154936075,0.6396117806,0.8874304891,0
-0.2033797454,-0.3239948428,0.06342137557,-2.131352663,-1.245837331,1.345113158,-0.8385022283,0
0.01467216967,0.08039738367,0.264831536,-1.751305461,1.533667088,-1.078086376,2.094395161,0
-0.2373267087,-0.01219643534,0.03346766301,-3.090391397,-0.3780976236,-0.123205483,-0.8869028687,0
-0.2551411419,-0.1750185806,0.2006473598,0.6012465954,1.837016702,0.1539839953,1.504377365,0
0.3237878396,-0.05279121275,0.2253054264,-0.1616101265,-0.4429890811,0.1223507151,0.9152471423,0
-0.03440002416,-0.2302120305,0.389782386,-1.719126344,0.1234019846,0.6026447415,-0.3536058664,0
0.2644122051,0.1765363866,0.2919791827,0.5886905193,-0.2008709311,0.4904487431,-0.1628456414,0
-0.1595604866,-0.3499719121,0.253116375,1.143027186,1.405218124,1.308945417,0.09380587935,0
-0.1306028498,-0.1732931005,0.03419906131,-2.216632128,-0.7391863465,0.4055126905,-1.696979761,0
-0.1518031068,-0.002814878346,0.4110294013,0.01818724349,1.184609771,0.1065067351,1.075308323,0
-0.08375127623,-0.08869326902,0.1576626253,-2.327549696,1.30580008,-1.67141819,0.8777111769,0
0.1579133035,0.0853543362,0.2504969084,0.495547235,0.3893140852,0.2173850387,-1.436858058,0
-0.2468327107,0.103396251,0.3493253933,2.744906664,-0.1431964338,0.28883636,0.8341120481,0
0.1509842531,0.05427523784,0.2362489611,0.3452500701,0.8528710604,-1.098292589,0.8732491136,0
-0.06037084893,-0.3260394018,0.05383649843,-1.753885865,-0.6237683296,-0.01015654393,0.182288751,0
0.3785011694,0.1228098826,0.2001768881,-2.82784605,1.599945188,1.364864111,-0.2805876732,0
-0.2616647822,-0.0459259251,0.4179002832,0.1737446934,0.9281800985,1.274065495,0.1059595495,0
-0.3630080657,-0.05530644445,0.03693280429,-2.990515709,-0.9603555799,0.6291410327,-0.3540324271,0
-0.1740294109,0.3256083395,0.07074426444,2.061622381,-0.855068922,0.3146470487,0.3757356405,0
0.1211278848,0.2501524329,0.1096280222,1.120794535,-0.4050452113,-0.5596648455,1.199140429,0
-0.3091459684,-0.09073436543,0.1867155376,-2.856101036,-0.5272660851,0.8817341328,-1.139252543,0
0.2571654672,-0.1284741597,0.1261757352,-0.463306278,-1.689322352,1.417979836,1.87556386,0
0.3535972926,0.1679411343,0.1936314326,0.4434078634,-0.858982563,0.8413581848,0.2396072596,0
-0.1139645782,-0.304893983,0.2417993198,-1.928500891,-0.2152581364,0.1637328714,0.2298024595,0
0.4014498269,0.0143385119,0.1869848773,0.03570162877,-1.036355972,1.229853392,-0.1413044333,0
-0.1508960177,0.02729641645,0.08876408418,2.962724924,0.2323467582,-0.4971099198,-1.280317068,0
0.08328436294,0.08437561768,0.4163293859,0.7919183969,0.3967829645,0.03237791359,1.141884446,0
-0.06842005482,-0.3160806485,0.1382888645,-1.78443265,-0.5816805959,-0.1242279634,1.091301799,0
-0.1110714817,-0.07860440254,0.4027002648,0.6151585579,1.491293311,-0.1220075488,0.5059151053,0
-0.06473592472,-0.3126737641,0.02355997104,-1.775098801,-0.6870404482,0.1240930185,-0.2679924369,0
0.01815853237,-0.3001451928,0.3729744888,1.63122189,1.091264009,1.473937869,-0.4896229506,0
0.11624268,-0.1494590928,0.03796817558,-0.9097661376,-0.7917822599,-0.9966195226,1.944343328,0
-0.3229177448,0.06879692374,0.2370434678,-0.2099123895,1.742449999,0.3429231644,1.129224777,0
-0.2726713114,0.02069643427,0.02304703176,3.065853834,-0.7255958319,0.3813394308,-1.141192794,0
-0.2110289249,-0.165386563,0.2165821352,-2.476948738,-0.05398113653,0.3863745332,-1.075397134,0
0.02040987963,0.01920683133,0.03273848182,-2.3843472,-1.754851818,-0.5758913755,-1.946104884,0
0.1517293794,0.08797468549,0.189732849,0.5254471898,0.06644833088,-1.055039167,1.876543164,0
-0.01842576887,-0.06389408036,0.1956105191,-1.851558685,0.7488484383,-1.639904737,2.094395161,0
0.4029268463,0.03965955677,0.1699436966,0.09811262786,-1.121295094,1.141429424,0.2384259105,0
-0.1053684146,0.01794135048,0.1076922442,2.972625494,-0.09648368508,-1.706118226,2.081966162,0
-0.1398353224,0.1023808686,0.3036462877,2.509616852,0.3487778604,-0.5915493965,1.459824681,0
-0.2835952185,0.1144152246,0.2990056635,2.758118629,-0.2775394619,0.2581021488,0.7706289291,0
-0.1690678502,-0.1156392332,0.2327416236,-2.54170084,0.6375252008,-0.7989111543,0.4528876245,0
0.2398053198,-0.3184123947,0.1655306131,-0.9253032207,-0.9369167089,0.8736371398,0.1827123612,0
-0.07995979671,0.3516420177,0.1158241816,-1.347169399,2.080637455,1.232170701,-1.086384296,0
0.06761754292,-0.02719453935,0.3591460613,-0.3823857307,0.7230116129,-0.5471420884,1.537850976,0
0.1777588553,-0.1900139289,0.2668074545,-0.8189835548,-0.2116025388,-0.1629953235,1.427734375,0
0.1900239553,0.04024328073,0.2159329581,0.2086969763,0.7624073625,-0.8755335212,0.2559394836,0
-0.09747094029,0.1797184541,0.3227792632,2.06776166,0.4053811133,0.2763012052,-0.8481169939,0
-0.2997360484,-0.2139976309,0.2557263825,-2.521563292,-0.7027643323,0.7860729694,0.4074323475,0
-0.2088671285,0.1785010995,0.1917482372,2.435044289,-0.2760629654,-0.4125605822,1.355478287,0
-0.1618838744,-0.2671412609,0.2054037936,-2.115606785,-0.1498177201,-0.1185619459,0.4026645124,0
0.2919425568,0.03710059196,0.2226879845,-3.015187979,2.120215893,0.6303178668,-1.064759851,0
-0.01552542809,0.2514922933,0.04654783282,1.632399917,-0.847665906,-0.5559515357,1.716335297,0
0.1105332149,-0.2174910758,0.06365794813,-1.100085139,-0.1894562542,-0.8177330494,0.7256127,0
0.2818876143,-0.1120189666,0.2387059929,-0.3783251643,-0.03335999697,0.04918181896,-0.03645172343,0
0.2844745962,-0.1453529495,0.1449653337,-0.4723778367,-1.641338468,1.462550521,1.537669778,0
-0.1458565107,0.3785694179,0.1383769248,1.938552141,-1.158534527,1.032430887,0.3594940305,0
0.003267376982,-0.375514132,0.1167762673,1.579497099,1.822215676,0.7963433862,1.063121438,0
0.09539984983,-0.1584100489,0.05600672463,-1.028743029,-0.765570879,-1.015237451,2.079730749,0
-0.3340609462,-0.04261640566,0.02395306913,-3.014725924,-1.056886911,0.1046193913,1.041573763,0
-0.3084647347,-0.1743306612,0.1653127149,-2.627172709,-0.4986363053,0.20224756,0.3199818134,0
-0.2591736988,-0.2602929662,0.1566782669,0.7875484228,1.878876448,1.358465433,-1.026598215,0
-0.08453262216,-0.06994363692,0.08765823023,-2.450356722,-0.3119897246,-0.2311168164,-2.094395161,0
0.1107583051,-0.1171199156,0.1257092312,-0.8132993579,0.644665122,-1.436083317,0.9272329211,0
0.1416753355,0.1619777264,0.2223080308,0.8521574736,0.4087931216,-0.1167717353,-0.8987396955,0
-0.1556931194,0.0464621038,0.4387008011,-0.2900069952,0.8161253929,1.509121537,-1.05253911,0
-0.04279789689,-0.08274605879,0.3020665342,1.093383789,1.452095389,0.5536712408,-1.90541482,0
0.1122451811,-0.2089837335,0.3764378138,-1.077751637,-0.003112897277,0.25580585,0.8133796453,0
0.3190106339,-0.03152341299,0.2691255569,3.043165922,1.673342586,1.161310315,-1.03240478,0
-0.2896937026,-0.0601536234,0.1937606163,0.2047341913,2.071816206,-0.1622146964,1.394139767,0
-0.01740385061,0.04117931514,0.3704613488,-1.174710989,1.424631834,0.1690092981,-1.010444641,0
-0.02817503366,-0.378206288,0.1152653105,-1.645189643,-0.7929127216,0.4415310621,0.2724313438,0
0.1792386726,0.1387370528,0.0289610315,0.6586586833,-0.4996111989,-0.8841946721,1.192088366,0
-0.1386373825,0.04254328447,0.2479279849,-0.2977452278,1.733627319,-0.8509934545,2.094395161,0
-0.2071266691,0.3097922935,0.1892622297,-0.9814573526,1.643081903,1.570796371,-0.9470512271,0
-0.008372129406,-0.2462705261,0.1603613339,-1.604631186,-0.1805924475,-0.7183761001,1.42789185,0
0.05320229144,-0.2329451038,0.1239160947,-1.346260548,0.1021580696,-0.8665028811,0.7251361012,0
-0.3568296864,-0.1063264429,0.2312489475,0.2895929813,1.683921099,0.7417223454,0.5985861421,0
0.3764351798,-0.1139160676,0.03920898959,-0.2938940227,-1.240787983,1.094094992,-0.4190995097,0
-0.2997328143,-0.1985161721,0.06901559759,0.5849865675,2.17920351,0.4141949117,1.121823907,0
-0.3751064473,-0.1376824977,0.0438888539,-2.789810896,-1.22788167,0.9111508131,0.04827845842,0
0.1644246272,-0.04751435747,0.04847541373,-0.281427443,0.2411034554,-0.8434709311,-0.5482371449,0
0.01414888532,-0.33058934,0.1782996374,1.613537669,2.030476093,1.048234463,-1.202839255,0
-0.1483912013,0.3504635129,0.06593602954,1.971320152,-0.9679244161,0.473440975,0.3548059464,0
0.151279654,0.1532016795,0.2592566376,-2.349935055,2.073640585,0.3959375918,-1.324148774,0
-0.01868544511,0.07033437331,0.1163903749,1.830825925,0.7078200579,-0.6969727278,-1.768350601,0
0.0178470291,-0.4119200136,0.1229289431,1.614095807,1.69870317,1.460722923,-0.1701202989,0
0.2258890554,0.08489415526,0.3019352329,0.3594962955,0.3494654894,-0.0360474512,-0.2046952695,0
-0.2129368511,0.06794739985,0.07328513165,2.832700014,-0.3773176968,-0.9477026463,1.428260088,0
0.2474294773,-0.2305313182,0.04272812582,-0.7501087189,-0.8205186129,0.5490915179,-0.6933826804,0
-0.06100909592,-0.01620837953,0.1349025872,-2.882028103,1.901900172,-1.090481281,-1.434451938,0
-0.02308590387,-0.1052066968,0.3719369628,-1.783475518,0.5645048022,-0.3786895871,1.389256477,0
0.1560825021,0.2022403549,0.0579753676,0.9135671258,-0.1950615048,-0.3467894793,-0.4090898931,0
0.1336565935,0.09852197989,0.287704609,-2.506380796,1.414943695,-0.3288488388,2.094395161,0
0.3085392087,0.09340363617,0.111495253,0.2939532697,-0.3601406515,-0.03800496832,-0.04069000483,0
0.2383694282,-0.1596209942,0.2259933774,-0.5901633501,-0.2058758885,-0.2515950501,1.110633969,0
0.1352843515,0.1789767868,0.1806983084,-2.218047857,2.181661606,0.676619947,-1.863756418,0
-0.135321709,0.1745146455,0.107913794,2.230380297,-0.4311941862,-0.8796341419,1.778221965,0
0.1849162166,-0.1055961698,0.2353526343,-0.5188699961,0.6139523387,-0.6776081324,0.2183737308,0
-0.03364380465,-0.1571072736,0.3524375648,-1.78180635,0.535153091,0.3797509968,-1.005011082,0
0.05955525959,-0.08778125643,0.1984649729,-0.9747263789,0.4778566062,-0.01467580907,-2.025955439,0
0.04394649142,-0.0822474776,0.271593988,-1.079814792,0.7789660692,0.1708815545,-1.745287299,0
0.2245234193,-0.202597535,0.132594981,-0.7334719896,-0.3231690526,0.2776387334,-0.8215805292,0
0.1287022737,0.1859359452,0.1375917674,0.9653252363,0.3717632294,-0.6824047565,-0.1780160815,0
-0.06850706351,-0.05767974017,0.02735866973,0.699871242,-1.968322158,-0.6290386319,-1.458379149,0
-0.377498499,0.02364724571,0.1231075199,-0.06254041195,2.045292139,0.5224016905,0.8185629249,0
0.009647421434,-0.07721553587,0.4566422272,-1.44650197,0.4577384293,0.284794271,0.8675771952,0
-0.09690544044,-0.1564311414,0.1972921477,1.016178608,2.181661606,0.4240006208,-1.903149366,0
-0.3304396307,-0.04076429709,0.1483262315,0.122715272,2.081305742,1.130424976,-1.293348432,0
0.1257102736,0.1527820203,0.04103004082,0.882319212,-0.8193589449,0.4783580899,-1.967503548,0
0.1501016309,0.361520366,0.232271138,-1.964333296,1.492252707,1.240140676,0.1370216608,0
0.2488731199,0.003298229517,0.3993400484,0.01325115561,-0.215657413,1.206947207,-0.69516325,0
0.2001491048,0.1178689271,0.3181883735,0.5322229266,0.22956568,-0.2486632615,0.8308563828,0
-0.1593242266,0.0004376615015,0.2401785718,-0.00277558947,1.946914554,-0.9238216281,1.876771331,0
0.1188812773,-0.2183557304,0.1421229654,-1.072308064,0.2038361132,-0.4658138454,-0.2848221362,0
-0.2698703471,-0.2454119859,0.1324756478,0.7379744649,1.976035237,1.322211981,-1.074444652,0
0.02269762919,0.04894524313,0.455228847,1.13687253,0.5363665819,0.973416388,-0.9393345118,0
0.3166049128,-0.002918400621,0.206472605,-0.009194327518,-0.2247922122,-0.0988702178,0.5824022889,0
-0.1566558941,0.08988321334,0.02808949779,2.620712519,-0.4009542763,-0.1551096886,-1.340343952,0
-0.1534169802,0.1373246676,0.2755633157,2.411486864,0.6419277191,-0.4004576802,-0.1554001272,0
0.01872899772,-0.181530027,0.3180536134,-1.468083739,0.4207050204,0.3908225,-1.164500952,0
-0.1827347286,0.07883399075,0.4542540387,-0.4070985317,0.6860764027,1.195998549,0.5178721547,0
0.2989122452,0.2507311003,0.1163142684,0.6979523897,-1.460569382,1.233759046,0.8205966949,0
0.2612216804,0.06159761921,0.301587749,0.2315758467,-0.05540397391,-0.05639285594,0.9544666409,0
0.1135292081,0.1682744681,0.4313701936,-2.164319754,0.9930109382,1.292624593,-0.7658652663,0
-0.06816837589,-0.2311778244,0.2959354837,1.283210874,2.05788064,0.1978155822,-0.6487051845,0
-0.2841741043,0.2528495084,0.2267970663,-0.7271342278,1.657378912,0.8545463085,0.4859548211,0
-0.07939200172,0.06754587246,0.3317960949,2.436886787,0.7177324295,0.3969576061,-1.455377936,0
0.09144717458,-0.3618809132,0.1822751313,1.818113208,1.571325302,0.9464241862,0.9954226017,0
-0.3732552518,0.05634102665,0.06613286195,-0.1497797221,2.052540064,1.444612503,-0.9630390406,0
0.3373528793,-0.007850619824,0.2349269365,-0.02332276851,-0.3042067587,0.259565711,0.1978289634,0
-0.2856628447,-0.18018095,0.05060328592,-2.578971148,-0.9796143174,0.9387454391,-1.098731875,0
0.02948662901,-0.3831959342,0.2306104027,1.647594213,1.598575592,0.9751136303,0.3874821067,0
0.2097376929,-0.0475261814,0.2041197314,2.918757677,2.181661606,0.5214898586,-1.713063359,0
0.164805964,0.2012979516,0.349354114,0.8848263025,-0.3120816052,0.4287134707,1.164265394,0
-0.2535986231,-0.195200619,0.2964201259,-2.485587358,-0.2479729652,0.3772138357,0.307236135,0
-0.1841434012,-0.1278792057,0.4175513288,0.6070246696,1.000089288,0.7505687475,0.8201739788,0
-0.3275588208,-0.04702625592,0.2739358796,-2.998878956,-0.4848170578,1.05710721,-0.8117058873,0
-0.04410909064,0.1421105922,0.470016256,1.871753693,0.05568011105,0.7860351205,0.5245614648,0
-0.2937921284,0.06726250249,0.1717432341,-0.2250666171,1.890280604,0.119236961,1.691087961,0
0.1589247081,-0.2695935565,0.2879778027,-1.038563967,-0.4273854792,1.107236505,-0.9668016434,0
-0.3010681225,0.1902604517,0.2986131937,2.578010082,-0.7066762447,0.9924893975,0.3198104501,0
-0.1916369487,-0.0123608701,0.1069814099,-3.077040911,0.5186183453,-1.13546145,0.3157458901,0
-0.2304318839,0.1531792667,0.3881275762,2.554934263,-0.2403494418,0.7479869127,0.2962372303,0
0.1491947618,0.1113979603,0.05309055437,0.6404443979,0.1967087537,-0.7973859906,-0.4629662335,0
-0.1173050552,-0.1444743828,0.1824099708,-2.252780676,0.8380428553,-0.9464710951,-0.005359776318,0
-0.01521779845,-0.3179773755,0.09412178026,1.522978067,1.366635799,1.494689941,1.558709264,0
0.09245559291,-0.3299361766,0.2037268111,-1.297577858,-0.6286631227,0.2582247853,1.000169873,0
0.1176213031,0.3047527771,0.02404794342,1.202503681,-1.048189282,0.028922759,1.154227853,0
0.07972810585,0.0195204002,0.4525243224,0.2403739095,0.2584475279,0.447278887,1.155336022,0
-0.1147669479,0.0392252699,0.3792786356,2.812232733,0.4244450033,-0.2282778323,1.421862602,0
0.2482472409,0.3157620848,0.1724700732,0.9045363665,-1.064193249,1.035661817,0.3137477338,0
0.1523696353,0.3277477088,0.1998877803,1.13555944,-1.169786215,1.030912042,1.102777362,0
-0.0772833879,0.2967418654,0.0629528946,1.826156259,-0.4398435652,-0.06624051183,-0.2252629399,0
0.2279060426,0.0891477052,0.4170520241,0.3728623688,-0.1102747247,0.8477005363,-0.02836102992,0
-0.2964120634,0.1263973882,0.02151498965,2.738708496,-0.9057965875,0.6414298415,-0.9296210408,0
0.20896835,0.06153274328,0.3221456661,0.2862666547,-0.09264308214,-0.04735813662,1.54499054,0
-0.2316846065,-0.01988815802,0.1098190565,-3.055983305,-0.5286804438,0.5897977352,-1.831477165,0
-0.1603776124,-0.1121206201,0.2920336949,0.6101666093,1.568130016,-0.3190930486,1.802327156,0
0.1269529661,-0.2570606514,0.2993481209,-1.112144828,-0.1876462996,0.09496525675,0.9343863726,0
-0.1936311971,0.3218925964,0.1470283974,2.112347126,-0.7496412992,0.4162710309,0.4736210406,0
-0.09865512444,0.154539901,0.2796646113,-1.002633333,1.43721652,-0.2323823422,2.094395161,0
0.2898535889,0.1022611487,0.3232266885,0.3391696513,-0.3989345729,0.5114569068,0.7890616655,0
-0.1318703109,-0.1117425305,0.2444820737,-2.438022375,0.3401765823,0.283736825,-1.593604565,0
-0.05367078194,0.05057474382,0.3781337358,2.386595249,1.011475563,-0.5204022527,0.7744144201,0
0.08403933096,0.1078513555,0.4380473143,-2.232614517,0.9465833902,0.3829879761,1.038458109,0
0.2458891255,0.2997617241,0.06842484149,0.883808136,-0.9982236624,0.7471801043,-0.1787897497,0
-0.128021538,0.2187845262,0.09916310677,2.100226164,-0.05207492784,-0.7545013428,0.6162541509,0
-0.3645710321,0.06987273402,0.1856680621,2.952065468,-0.6899747849,0.8842228055,-0.5418800116,0
0.2034042136,-0.2971990248,0.1000166853,2.170922041,2.074253082,1.33090055,-1.150439143,0
0.1574299605,-0.1484385335,0.1033651369,-0.7555661201,-0.4449617863,-0.910066843,1.805115938,0
0.3788500777,-0.04917873619,0.079463589,-0.1290679574,-0.8959137797,0.5457364321,0.05200792477,0
-0.146712785,-0.3370016259,0.204168144,-1.981329799,-0.7353932261,0.516900897,0.7188414335,0
-0.3701281387,0.1205938471,0.1921510641,-0.3149702251,1.571333051,1.570796371,-0.6416147351,0
0.05936817421,-0.06925759552,0.1206008959,-0.8621316552,1.272158146,-0.9768188,-1.298661351,0
0.03676195251,0.3355160934,0.3381103986,1.461663246,-0.7650063038,1.287050128,0.2065830827,0
0.1809084024,-0.2993536337,0.2541070507,-1.027192593,-0.4603755474,0.4636101127,0.367698282,0
0.2673968572,0.1640699402,0.3578749643,0.5503466129,-0.5303643346,0.9673649073,0.3937942088,0
0.1574722355,-0.08909354894,0.1520525421,-0.5148723722,-0.1511888802,-1.092169046,1.965126276,0
-0.01153357986,0.1183132802,0.3762712766,-1.473628879,1.294008493,-0.2881131172,1.3875494,0
-0.09227595163,0.2530604291,0.1103743265,1.920792103,-0.1394122988,-0.08197242767,-0.7091553211,0
0.3174168086,-0.2231449306,0.169472926,2.528855085,1.843686938,0.7406356931,0.6089532971,0
0.07687296118,-0.06104343003,0.05393009163,-0.6711084247,1.924547434,-1.608815312,-1.057717085,0
0.141405989,-0.3095012673,0.08775149488,1.999325037,2.174973965,0.2476362884,1.338298798,0
-0.005937720496,-0.395537394,0.1756848541,-1.58578968,-0.9286428094,1.101636529,-0.3203722835,0
0.1429749961,-0.1202335372,0.3968761269,2.442397833,1.397323012,0.7108408809,-0.7955018878,0
-0.3373182044,0.217566858,0.1040983287,2.568749428,-1.138378382,0.8477991819,0.4244197309,0
-0.05339046942,-0.1411744848,0.1264796933,-1.933515668,1.106696844,-1.190375805,-0.3468741179,0
0.09121715255,0.009781686822,0.202343624,0.1067714319,0.8733831048,-1.554772377,1.736009955,0
-0.2263075723,0.1727453002,0.3751916946,2.489620447,-0.3349419832,0.7306678891,0.5456671715,0
0.07582534242,0.3305005244,0.1111523465,1.34507525,-0.4745234847,0.03850267828,0.1384897381,0
-0.2880960268,0.1399516772,0.103998611,2.689397097,-0.7001770139,-0.1473180205,1.179161906,0
0.04108000909,-0.2383570042,0.3255402625,-1.400017142,-0.005679875612,-0.05691712722,1.133335114,0
-0.1858109748,0.3581502647,0.03710243096,2.049376249,-1.40232873,1.282702446,-0.2816878855,0
0.1932188745,-0.2682742608,0.1933812776,-0.946726501,-0.4909240007,0.04010429233,0.957370162,0
0.2465264529,0.1761328702,0.2682154446,0.6203902364,-0.2775920331,0.07187618315,0.9493309855,0
-0.220803698,-0.2928413838,0.0816540926,-2.216860533,-1.03503716,0.3821690083,0.9365984797,0
-0.1021673893,-0.1699749067,0.1650254775,-2.111961126,-0.132181257,0.3814314306,-1.851624846,0
0.3519509982,0.1852810106,0.1356492578,0.4845747948,-1.088889599,0.847538054,0.5345692635,0
-0.270146145,-0.1855716954,0.3170342342,-2.539680958,-0.3891550899,0.6347774863,0.308670491,0
-0.0006399707966,0.2018420114,0.2900742054,1.57396698,-0.04567477852,0.9937329292,-1.768877268,0
0.3126408801,-0.02578851268,0.2068249312,-0.08193804324,-0.3980889916,-0.07135429978,1.065711975,0
0.4095790592,0.01594466469,0.1210311254,0.0389098525,-1.205368161,1.107345462,0.1888603866,0
0.01373366145,-0.04290899526,0.421067534,-1.263525128,0.8099439144,0.5949524045,-0.9819002748,0
0.2318541327,0.2278305245,0.03557330094,0.7766662836,-0.6624491811,-0.05111240596,0.2197842449,0
-0.2657718853,-0.02884482138,0.282908277,-3.033524752,-0.1285504997,-0.1183609962,1.17214334,0
0.3397403416,-0.009869439237,0.1300587101,3.112551212,2.129611492,0.1644348502,1.24192059,0
0.03202247949,0.07302152293,0.04971774455,1.15766871,1.485428333,-1.434866309,-1.130898833,0
0.2827184248,0.04089183855,0.1247092266,-2.997950554,2.181661606,-0.1684685946,1.767230511,0
-0.05725169899,0.07608925064,0.2270177457,2.215598822,1.041613936,-0.3074229062,-1.488372326,0
-0.3348838307,0.01128429672,0.05577336798,3.108013868,-0.6683469415,-0.03504620492,0.4017170668,0
0.02564854297,-0.06411894672,0.03348462553,-1.190304041,-0.115321368,-1.885973811,1.492567539,0
-0.0244917931,-0.005170802173,0.04800582115,0.2039673626,0.04625807703,-1.250168324,-1.566220641,0
0.2291818031,-0.08966368076,0.2535289703,-0.3728441894,0.1691070348,0.2527707815,-0.9445415735,0
0.01627880889,-0.1227412578,0.1954680715,-1.436281681,0.8492304683,-0.3862131238,-1.408383608,0
-0.1143650675,-0.03481718367,0.112707181,0.2953242958,-0.5673356652,-1.735847235,-1.114616752,0
-0.3249550397,0.1615979762,0.1057146749,-0.461478442,2.075568199,1.286076903,-1.09237349,0
0.01386920967,0.02091769234,0.4656674248,-2.165271997,0.740526557,0.9677433968,-0.8455361128,0
0.3590271758,-0.09082144009,0.2650231626,-0.247779429,-0.7360072136,1.150936842,-0.3008563221,0
0.1677985715,0.2098681931,0.2188405004,0.8965955377,-0.08502759784,0.4514038861,-1.132867813,0
0.03218610705,0.3411057667,0.115760871,1.476718307,-0.7397198677,0.8357870579,-0.9944863319,0
0.2072616761,0.04274474787,0.2307300658,-2.938593864,2.122259617,0.4634577036,-1.567588925,0
0.05800408711,0.2697948338,0.1927619142,1.359012246,-0.1488826126,0.4056597352,-1.107507586,0
0.07844077858,-0.009665617567,0.2883745999,-0.1225997731,1.247333288,-0.2794918716,-1.108858585,0
-0.01328124159,-0.1360011555,0.2645931685,-1.668159485,1.189543605,-0.7294600606,-0.3162668049,0
0.2121822029,-0.1947907912,0.06416290078,2.398907661,1.469200969,1.467249155,1.833199382,0
-0.1823274262,0.3521672898,0.1527404983,2.048524141,-0.9711624384,0.7931199074,0.3915707171,0
0.03413433331,0.3161992835,0.1504531951,-1.678396225,2.132391453,1.048171997,-1.38548255,0
-0.3025480638,0.2307534849,0.04083401509,-0.6515786648,2.080903053,0.7749985456,0.879275322,0
-0.3035880968,-0.2109133841,0.1043888363,0.6071656942,2.027068853,1.353595972,-1.045748234,0
-0.150239078,0.2050347343,0.425146361,2.203165293,-0.3969531655,1.181028724,0.1899572611,0
-0.2354358652,0.1460590596,0.2015754332,2.586325169,-0.6083743572,-0.03553842381,1.77404356,0
-0.2971723663,-0.1292423952,0.3243362319,-2.731360435,-0.6084035635,0.8284194469,0.7169371843,0
0.1538397022,0.03012313673,0.3820270375,0.1933531165,0.2514670789,0.961838901,-1.324167848,0
0.3848743305,-0.111375393,0.1406191929,-0.2816866934,-0.993496418,1.025785446,-0.2158249617,0
0.01071653445,-0.05290681629,0.08365779944,-1.37147522,2.004881859,-1.30082798,-1.640019655,0
-0.003420168266,-7.378483637e-05,0.2782740244,-2.986917257,1.251640677,0.1413648576,-1.877383828,0
0.09270288052,0.4005450369,0.1337125264,-1.798233747,1.73555696,1.230265141,0.1649651825,0
-0.0340085929,0.3187841322,0.02140812104,1.677100062,-0.9347948432,0.7037635446,-1.010313272,0
-0.07708376859,0.2500790252,0.2137431182,-1.271818042,2.069829464,-0.3842899799,1.512876272,0
0.2131302539,-0.1313802883,0.3386824214,2.589248657,1.773960829,0.01600185037,0.5276995301,0
-0.3824297883,-0.02726583314,0.1132171846,0.07119246572,2.024951935,0.6066605449,0.7894541025,0
0.2588443973,-0.2634350283,0.06160690737,-0.7941986322,-0.9548446536,0.3273126483,0.6008814573,0
-0.001684149647,-0.1350410899,0.191693085,1.55828917,2.148090363,-1.259530663,2.093833208,0
0.1374650913,-0.1546449162,0.04509057725,-0.8441871405,-0.2130837142,-1.066044331,1.00848794,0
-0.03365433351,0.1664453602,0.3127341885,1.770335436,0.370711565,-0.5584511757,1.427843928,0
-0.1552559005,-0.2247776859,0.06188345587,-2.175260305,-0.8694880009,0.8710622191,-1.679098487,0
-0.132840273,-0.1513764384,0.4149092443,0.850535512,1.388712525,0.3942576051,0.1221012697,0
-0.1880176194,0.2342597957,0.3470802685,2.247120857,-0.276506424,0.562135756,0.4499910474,0
-0.2369742436,0.1710953093,0.3500067007,2.51625371,-0.3385886252,0.5684985518,0.7243039608,0
-0.1046553811,-0.1223123052,0.2026330052,-2.279113054,1.054526925,-0.8550364375,-0.3946359158,0
-0.1533540866,0.1514161185,0.3140273833,2.362623692,0.0521935001,0.8470813632,-1.414256692,0
0.2642209247,0.2111260811,0.04014870748,0.6741975546,-0.7460036874,0.3239964247,-0.372100383,0
0.1647692954,-0.2576642143,0.136187935,-1.001889825,-0.2014914751,-0.270119071,0.2786277533,0
0.2848441705,0.05036546469,0.330592698,0.1749864668,-0.3860078752,0.4672449231,1.008873343,0
0.2425735474,-0.2084908441,0.266617824,-0.7097932696,-0.2810592055,0.1780064106,0.6407833099,0
-0.0255997214,-0.06168935883,0.3492359911,-1.967250586,0.3891285062,1.190311551,-2.078193188,0
0.2972569166,-0.04538102889,0.2814428039,-0.1514980346,-1.07744503,1.24503386,1.34519124,0
-0.1348579498,-0.1495082097,0.2448030098,-2.304797411,0.6205636263,-0.8019532561,0.6104028225,0
-0.03723726197,-0.29435384,0.2315698408,-1.696978092,-0.05726567656,0.2536420524,-0.548707068,0
0.1925053541,-0.2056273838,0.0435556779,-0.8183543682,-0.4913896918,0.06602891535,-0.7181017399,0
-0.01877248648,0.2651839071,0.1975977417,1.64142096,0.1041638255,-0.5415742993,0.6716899872,0
-0.2702116152,-0.1482295432,0.0864441491,-2.639780521,-0.40057832,-0.3056621253,0.4664790332,0
-0.06992320275,-0.2605749216,0.1654893654,-1.832983494,-0.4337131679,0.7709843516,-1.586221457,0
0.2472670231,-0.1674017955,0.09103949936,-0.5950126052,-0.4714210629,-0.4149266183,0.9276344776,0
-0.3638040257,-0.09389537699,0.2147078119,0.2525587678,1.780116558,0.6742410064,0.5655107498,0
0.1432899891,0.1272285621,0.2941489396,0.7260919213,0.2599281967,-0.5513752699,1.42909205,0
-0.04270737169,0.02861162442,0.2769096672,-0.5902360678,1.354391813,-1.076913238,2.094395161,0
0.1307062789,-0.12531136,0.4408392797,2.377485514,0.7395262122,0.9112925529,0.9398685694,0
-0.1515573583,0.1928122629,0.09057641906,2.236862183,-0.4507192373,0.3655894399,-1.488217235,0
0.255436171,0.1650261606,0.3110978905,0.5736061335,-0.3195358515,0.3476809859,0.8128280044,0
-0.3114660213,0.1810776871,0.185161657,2.614974022,-0.6186100245,0.3100978434,0.6387172341,0
0.3544507649,0.08508055183,0.2217251015,0.2355813086,-0.5835132003,0.8144389987,-0.3966088891,0
0.1446003299,-0.3159061772,0.3053094563,-1.141530871,-0.6713212132,0.9191983938,0.4610145688,0
-0.2964216286,0.05635001637,0.06914060319,-0.1878592521,2.181661606,0.1545160264,1.785520434,0
-0.2579952185,-0.3115454129,0.06720388673,0.8791462183,1.887837291,1.123087883,0.4709891975,0
0.1467030796,-0.05577515154,0.1214809868,-0.3633071482,-0.2510315776,-1.298895121,2.083768606,0
0.1876949033,0.2343327771,0.04965302803,0.8950716853,-0.6249153018,-0.3663010299,0.8788414598,0
0.1734758689,-0.2076991546,0.2931151379,2.266314268,1.99740088,0.3403774798,-0.5739532709,0
0.02910188928,0.07851058786,0.1507150623,1.215822816,0.6745893359,-0.4563388228,-1.874375343,0
0.1263451686,0.03672060831,0.3532523804,0.2835239172,0.4264797866,-0.3910779655,1.516021967,0
0.04414650361,0.1978865733,0.0685363067,1.351162672,-0.710360527,-0.9098083377,2.013178825,0
0.1080485593,0.3325783066,0.0680498028,1.256757975,-1.769683957,1.353317976,1.296015382,0
0.03672532495,-0.2781522918,0.1073403293,-1.439523697,-0.1639880538,-0.1293538958,-0.5048983097,0
0.05073770057,-0.2839149648,0.3639621555,-1.393962145,-0.3291829824,0.6479452848,0.6235320568,0
0.03639302256,-0.3422630639,0.2878826603,1.676729083,1.460601807,1.365552425,-0.7332257032,0
-0.0492915114,0.1309576475,0.4512087169,1.931765676,0.3481248021,0.7440909743,-0.4425567985,0
0.2951351961,-0.09389884506,0.2865219121,-0.3080297709,-0.4145995378,1.100342751,-1.002111197,0
0.007203666755,-0.2026504272,0.2726736839,-1.535264492,0.01156874932,0.8109523058,-1.727646828,0
0.1568901273,0.1401494841,0.108350043,0.7291187644,-0.4758559167,0.4699735343,-1.922871351,0
-0.1836849204,-0.05747186809,0.234028981,-2.838416815,0.3448961079,0.1515133977,-1.358016133,0
-0.1504460292,0.1945348014,0.2071268841,2.229081869,-0.04569501802,0.4204300344,-1.342606425,0
-0.130298895,-0.0368528801,0.2927558249,0.2756333649,1.861281991,-0.8676853776,1.462641597,0
0.06429335668,0.2765695179,0.08928199716,1.342405081,-0.7533205152,-0.351189971,1.580744624,0
-0.06282728223,-0.1545325768,0.1055796398,-1.956845164,0.7919067144,-1.102606416,-0.2760809064,0
-0.1600272671,0.2449486397,0.1215213156,2.149151087,-0.6190595627,-0.3217698634,1.457875967,0
0.06338830859,0.1134220965,0.2367575765,1.061167836,0.2814264596,-1.032761335,2.094395161,0
-0.03936984036,-0.2425175086,0.2068691926,-1.73167634,-0.3427910507,-0.4034690261,1.787303686,0
-0.1663444789,0.02506363841,0.03952789433,2.992063522,-0.01530811097,-0.5647248626,-0.9525671005,0
-0.005331003995,0.3295947006,0.1868313458,-1.554607749,1.874092102,1.294492364,-1.346646547,0
0.09301761216,-0.2257446301,0.05807537502,-1.179930687,-0.653455615,-0.7166501284,1.576418996,0
-0.167691572,-0.1955626411,0.3607179968,-2.279618263,-0.7348348498,1.138195515,1.201371431,0
0.265432411,0.006883163419,0.07047529574,0.02592207678,-0.4953703582,0.3006900549,-1.216023326,0
0.1915105709,0.3560086538,0.1616181214,1.077260852,-1.103949547,1.296377301,-0.2874610424,0
0.05786988333,0.388117288,0.08032804864,-1.718808174,1.911637664,0.9191129208,0.7720190287,0
0.182697616,0.01205729224,0.386533266,0.06629782915,0.5025961399,0.08964374661,-0.006006766111,0
-0.1216968215,0.01837468684,0.299124844,-0.147800684,1.569479227,-0.7508560419,1.822273374,0
0.03500532829,-0.3329116466,0.03922401362,-1.466030717,-0.789424479,-0.03169049695,0.6212514043,0
-0.0527612486,0.2291348121,0.3235574116,1.797114611,0.1037719995,-0.1593036503,1.036549687,0
0.2886755535,-0.1153941002,0.141838137,-0.3803750873,-0.5183051825,0.6772893071,-1.159823656,0
-0.2719575799,-0.01298749873,0.1572981984,0.04795549065,2.167104959,0.9512674809,-1.723251939,0
0.1144648565,0.1301464887,0.1257148182,0.8494220972,0.3470022678,-1.34305048,1.206403852,0
-0.05165565209,0.02663703006,0.3825010572,2.665491819,0.7311689258,-0.3968623579,1.445917726,0
-0.09250744726,-0.2614211631,0.211642315,1.230678678,2.019799471,-0.2461961955,1.484494805,0
0.2010022127,-0.08532890378,0.2908800594,2.740134478,0.7818413973,1.173897862,1.968406558,0
0.3280448724,-0.1398180618,0.2124323655,2.738693714,1.918624759,0.3843037188,0.7235686779,0
-0.1109090186,0.1413087489,0.03464946179,2.236252785,-0.2380185425,-0.3168720007,-1.16425693,0
0.1418913722,-0.0433420895,0.2469289283,2.845110655,1.841673613,0.482988596,-1.963756919,0
-0.1659267629,0.05764088009,0.3528829106,2.807143927,0.5470961928,-0.3495388329,0.7341213822,0
-0.3005888519,-0.07117776131,0.1835272636,-2.909753561,-0.1276889145,0.04733503237,-0.2755919993,0
0.2773852856,-0.1864471624,0.2349098397,-0.5917471647,-0.7443418503,1.430520535,-1.200623631,0
-0.1177578047,-0.3611298346,0.2209317204,-1.88600719,-0.7259417176,0.7503577471,0.2442029715,0
0.1656579961,0.1728087496,0.3094872489,0.8064047098,0.357431829,-0.1464579403,0.1202758849,0
0.3198582515,-0.2069498362,0.05996919307,2.567326069,2.031388283,1.484358072,-0.9147588611,0
0.06230947887,-0.2413887737,0.1396887226,1.823411226,2.181661606,-0.4148614109,1.987265825,0
0.02403900217,-0.2747090224,0.07662916412,-1.483512759,-0.2072129101,-0.5059208274,0.2643542886,0
-0.2482961226,0.02152461049,0.4233691247,-0.08647304773,1.018449783,1.240506291,-0.3006646037,0
-0.2394493516,0.1777038227,0.1382063828,-0.637516439,2.174889088,-0.1396175921,1.599292278,0
-0.2170480042,-0.1568586026,0.2735380153,-2.515791655,-0.2231991738,-0.09202390909,1.337571621,0
-0.2924194354,0.1494237885,0.09341463534,2.669197798,-0.4790129364,-0.1071922779,0.3251895905,0
-0.2414451605,0.1580067124,0.3304240034,2.562124014,-0.9162242413,1.263886809,1.129345655,0
-0.09060348047,-0.1821202173,0.2564404939,1.109179854,1.86368382,-0.5724130273,1.727037907,0
0.05120602292,-0.2714563405,0.128060615,-1.384264708,-0.5589873195,-0.4331898093,1.567140937,0
-0.3296323274,-0.05156931349,0.3363811659,-2.986405849,-0.6289618015,1.041081667,0.3126517534,0
0.007782321,0.3426130856,0.1788680251,1.548085809,-1.38834703,1.23681128,1.338015199,0
-0.1592920467,0.07545040012,0.4505744288,-0.4423545897,0.9767852426,1.121402502,-0.580769062,0
-0.3236711054,0.23089239,0.07573379792,2.521959305,-1.166700602,0.7737025619,0.4470207393,0
0.253513697,0.08355581617,0.06473211581,0.3193344474,-0.3776936531,0.05284278467,-0.8975952864,0
0.1694749444,-0.1944516486,0.1027697694,-0.8535999656,-0.2655442655,0.1375281811,-1.117774129,0
-0.188655935,0.224132666,0.2506818815,2.270463228,-0.3473590612,-0.01055978797,1.247189403,0
-0.2832200449,-0.06171053299,0.2341994614,0.2142397761,0.9440344572,1.439699888,1.584639072,0
-0.3708108361,-0.0353951926,0.2507354986,0.09516528994,1.3078686,1.248039961,0.5977966785,0
0.2581965118,0.2634867407,0.2624835225,0.7955369949,-0.7512021065,0.875453949,0.4229071438,0
-0.00566732723,0.1697433609,0.3383507215,-1.537911177,1.555995822,-0.3688575923,1.399062872,0
-0.2234861744,0.2074408345,0.04284127946,2.393487453,-0.5326672196,-0.2672457099,0.354619801,0
-0.09567365421,-0.001650515345,0.2594211158,-3.124376297,0.6520231366,-1.136689067,1.921348691,0
0.00667789124,-0.1259324551,0.09833498211,-1.517814279,0.9489507079,-1.024117708,-0.9125478268,0
0.1531912304,-0.01875832482,0.4762833157,-0.1218438074,0.05740219355,0.9282938838,0.1465845704,0
-0.2297107442,-0.3268246639,0.1741477319,-2.183436394,-1.068918705,1.337811589,-0.4033296406,0
0.1753445685,-0.1215912258,0.2403452916,-0.6069770455,0.614716351,-0.6512417197,0.1957746446,0
-0.1571638459,0.07648950529,0.09917377059,2.688661337,0.6901412606,-1.187881947,0.05751601234,0
0.1747913047,-0.1628850153,0.1270543179,-0.7506394982,0.1713548452,-0.8395460248,0.544880271,0
0.1647905975,-0.3035354006,0.1092217256,-1.073467255,-0.5231283903,0.1212292314,0.07697462291,0
0.1696860019,-0.3446333988,0.1776868877,2.028319359,1.852356076,0.6888520122,0.6198875904,0
0.01032300014,-0.1967030162,0.4229341173,-1.518375039,0.233604908,0.5100913644,-0.04232697934,0
0.2437725383,0.1092867795,0.3153343759,0.4220507145,0.154190138,0.09598514438,0.05628092587,0
0.06136088035,0.07272642416,0.04706079316,0.8699584007,2.181661606,-1.674528718,-1.26633513,0
-0.277714968,-0.2584699827,0.2434654004,0.7495209575,1.501314044,1.414402843,-0.4691050649,0
-0.08984379777,0.2393988243,0.0248007507,1.929805517,-0.3964700699,-0.21635966,-0.5310755372,0
0.0847097578,0.371742296,0.05411435859,1.346749425,-1.193192601,0.5976376534,0.7504856586,0
-0.05398472385,-0.3909069989,0.06388552373,-1.708033204,-1.219049931,1.201578736,-0.5419294834,0
0.03678032236,0.005703114283,0.182859791,-2.98777771,1.90008986,-1.834747314,2.094395161,0
0.03292701361,-0.05414611285,0.1477453374,-1.023772717,0.7823039889,-0.5381343365,-1.959979653,0
0.3447377242,-0.06246117013,0.09129018398,-0.1792487502,-0.6255041957,0.1171056628,0.2547643185,0
-0.08261138708,-0.2514970238,0.05660684341,-1.888178468,-1.099861026,1.226485491,-1.988026738,0
-0.08414103299,-0.3415370575,0.07837724401,-1.812422037,-1.135923743,1.359139442,-1.251220465,0
0.0297703678,0.3004570311,0.183441859,1.47193706,-0.5586155057,1.006327152,-1.43965745,0
-0.2754824869,-0.02073892404,0.341252134,-3.06645298,-0.7981144786,1.120839477,1.202643275,0
-0.005425179167,-0.3909369067,0.09745537666,-1.584691286,-0.9953755736,0.9427194595,-0.4102871716,0
0.05625011146,0.2592697557,0.4062827592,-1.784441113,1.062644601,0.9571112394,0.4522090554,0
-0.04413489956,-0.1980307136,0.1245927309,-1.790084839,0.4143358171,-0.6184553504,-0.6127541065,0
-0.06709811887,-0.350536787,0.3085691666,-1.759923816,-0.7720136642,1.212098241,0.09709149599,0
0.2098934495,0.3144178664,0.1084996189,0.9821724892,-0.9380188584,0.4494786859,0.6953289509,0
-0.1206330082,-0.05526076479,0.4614254494,-2.712031364,0.2150820643,0.5356166959,0.6562882662,0
-0.008902847827,0.3335738514,0.1346889666,-1.54406321,1.749441385,0.6299056411,1.576993346,0
-0.2467004206,-0.09206323879,0.2850369719,0.3572803438,1.013300657,0.9825909734,1.718316078,0
-0.187680988,0.1197508822,0.1704253234,2.573835135,-0.1139340252,-0.8360574245,1.61230278,0
0.007004528523,0.3553333095,0.2494227021,1.551086187,-0.8801357746,1.570796371,-0.9144425988,0
-0.2464315001,-0.04284097058,0.1835649532,0.1721251011,1.031262517,1.462488174,2.083626509,0
0.05419785358,-0.1269159003,0.2694047048,-1.167238235,0.7739572525,-0.04726593196,-1.269728899,0
-0.2192017572,0.001511250351,0.08189817525,3.13469553,-0.1436309963,-0.1272862107,-1.144171357,0
0.2433013022,-0.1503132968,0.3486722247,-0.5534069538,-0.1074953675,0.4237238467,0.2836007178,0
0.191426275,0.2328579408,0.1557782389,0.8827186227,-0.7869278193,0.02992202714,1.671922445,0
0.2305906981,0.01262977621,0.1752610282,-3.087110996,2.1664536,-0.6102256179,1.891453743,0
-0.01723369434,0.0458423942,0.07410417623,-1.212289572,0.6063515544,-1.417426467,-1.990983486,0
-0.3769174435,-0.03804732273,0.2516512753,-3.040990353,-0.9774750471,1.508586526,-0.4270423055,0
0.07601446495,-0.2660571477,0.1234520586,-1.29250598,-1.756338358,1.528300166,1.917550921,0
0.09813012669,-0.2795710234,0.3067734824,-1.233268738,-0.3336012363,0.2960951328,0.9872820377,0
0.1178442163,-0.34971294,0.03531905179,-1.245788932,-1.176655173,1.115674138,-0.8313402534,0
0.1743908928,0.01333459816,0.1075515111,0.07628794014,0.1386299729,-0.2873273492,-1.354988217,0
0.04907080488,0.001412377479,0.4923959485,0.02834253758,0.3726294041,0.6990836859,0.5232192278,0
0.2038360289,-0.005833215607,0.04293865169,-0.02846499719,-0.8192715049,0.5145720243,-1.953356743,0
-0.02231116713,0.02738372456,0.5003432874,2.254118443,0.3474535048,0.8255751729,0.4422531128,0
0.1965437585,-0.03926621083,0.3505922869,-0.1965900958,-0.3507795334,0.4933269322,1.727857828,0
-0.04660462141,-0.3417340069,0.1895627052,-1.706353664,-0.6123719811,0.9405445457,-0.934679091,0
0.02893714592,-0.2616099448,0.2303672418,-1.460954189,0.2163110077,-0.4171276093,0.395865798,0
-0.09728861601,-0.222742671,0.2854731808,-1.982570648,0.2556734681,0.1974265277,-0.7031720877,0
-0.2040230572,-0.08890135092,0.1017898592,-2.729970217,-0.5185264349,-0.8338456154,1.850530028,0
-0.1967172985,-0.2375699383,0.3227151386,-2.262402058,-0.8015457988,1.041184902,1.024321556,0
0.1782117649,0.05198104365,0.1832529583,0.2838072777,0.06424385309,0.2579093575,-1.762334466,0
-0.1513668038,-0.263944399,0.1049076655,-2.091132164,-0.7327628732,0.8768250942,-1.42382443,0
0.04193619893,-0.02519818762,0.4313822382,-0.5412129164,0.3953805566,0.2376532406,1.440702915,0
-0.111276555,-0.09539451224,0.2964235474,-2.432859898,0.4867494404,-0.7608915567,1.55490768,0
-0.03391914108,-0.3004623059,0.1628804927,-1.683566451,-0.2256423384,-0.3338157535,0.7360963821,0
0.2747149141,-0.1222533306,0.08095312091,-0.4186957479,-0.3714804351,-0.3612172902,0.4511199892,0
-0.02608014843,-0.2095055688,0.3418712683,-1.694652081,-0.901274085,1.410759449,1.586697221,0
-0.1055615747,-0.2703731293,0.260340729,1.198567867,1.895510674,0.8110803962,-1.103826761,0
-0.1121304587,0.1576437307,0.4622089845,-0.9525330067,0.7989332676,1.312345386,-0.2796683908,0
0.1589441814,-0.1643923992,0.1277880445,-0.8022170067,-0.3572641313,-0.8206338286,1.720917225,0
0.2375224366,0.0091109867,0.1177829454,0.03754264861,-0.3014925122,-0.8276267052,1.498993158,0
-0.01684834796,-0.04449796689,0.1287656826,-1.930205584,0.9947953224,-0.7437291741,-1.904975772,0
-0.05046329942,-0.2488743507,0.2180543041,-1.770855546,0.3092494309,-0.3372092545,-0.1353209764,0
-0.01597911591,-0.3223277728,0.3186628526,-1.620331168,-0.4958376586,1.19572866,-0.6734619141,0
0.1712044368,-0.2725642704,0.3336890827,2.131639481,1.37546587,0.7893149853,0.5527796149,0
-0.04568451065,-0.2792673344,0.351138068,-1.733341336,-0.394418329,0.5921878815,0.9393600225,0
-0.282038888,-0.1048953453,0.1473720749,-2.785435677,-0.4295282066,0.5772644281,-1.152840257,0
0.407606152,0.02322119203,0.1267216207,0.05690778419,-1.135563374,1.154771447,-0.1375537068,0
-0.0810612613,0.3635476794,0.2030227603,-1.351414442,1.638378978,0.8044549227,0.8770785928,0
0.07841909937,0.007846263949,0.2119789939,-3.041805983,1.92206049,-0.05052132159,-2.071439505,0
-0.196337023,-0.2046354705,0.1956734271,-2.335684299,-0.1345728785,0.3558658361,-0.9692658186,0
0.1346116793,-0.08548793468,0.1998257017,-0.5657622814,0.7272424102,-0.3805651963,-1.121568441,0
0.001475657908,0.2159194247,0.08253018198,1.56396091,0.009398111142,-1.046213746,0.8860585093,0
-0.2244817612,-0.07120473713,0.1914275597,-2.834434986,0.3686415851,-0.3584996462,-0.4761254191,0
0.3669062062,0.0531910397,0.1277625274,0.1440095007,-0.7902666926,0.8408720493,-0.6380242705,0
-0.1267800814,0.1289120666,0.2589082852,-0.7939807773,1.717155933,-0.5855994821,1.967932701,0
-0.2060723857,0.07878240505,0.06243782883,2.776595354,-0.108293198,-0.3221476674,-0.8440645933,0
-0.2028138798,-0.2380644614,0.07669228882,0.8651835918,1.432394624,1.468224525,1.617110491,0
0.09774294152,-0.2027525033,0.3813783158,-1.121586561,0.1199849322,0.1790805012,0.69050318,0
-0.06206681599,0.1942165183,0.3345830886,1.880263448,0.5272706151,-0.2522937357,0.2677360177,0
-0.1878889522,-0.1272796638,0.2824762118,0.5954120159,1.777663231,-0.3347137868,1.49221611,0
0.1700111254,0.2990745195,0.2821881352,1.053897023,-0.4122300446,0.6527935863,-0.004923733883,0
-0.1658388565,-0.361002394,0.1774837729,-2.001427174,-1.034492493,0.9633830786,0.4332715273,0
0.2262975098,-0.2669957723,0.03050682108,2.273855925,2.162076473,1.542265296,-1.27408433,0
-0.2922268602,0.2255034965,0.2122059107,2.48436594,-0.718532443,0.5577565432,0.6305359006,0
0.2540424978,0.1829214057,0.2067398896,0.6241346598,-0.1421856433,0.1704827398,-0.3256312609,0
-0.2617706862,-0.1079214274,0.3002481129,0.3912067711,1.280987859,0.6021689177,1.444433689,0
-0.1401236538,-0.2933438108,0.07857812669,1.125165939,2.181661606,1.359517455,-1.525532603,0
-0.08595171709,-0.2287203712,0.3191043388,-1.930417061,-0.1176723391,0.002963416278,1.307180643,0
-0.1803924592,-0.1646463892,0.4258067999,0.7397941351,0.8330361843,1.57063818,-0.4744523466,0
0.2131627601,-0.2095428389,0.3492329544,-0.7768564224,-0.200948298,0.672490716,-0.06452935934,0
0.2247728799,-0.1221554157,0.189033988,-0.4977996349,-0.6644775271,1.34252584,-2.032275677,0
0.2163256187,0.3403139977,0.1440690751,1.004564285,-1.121095657,0.9807792306,0.4009945095,0
0.0296543097,0.1677472058,0.4001760559,-1.745738864,0.3191334903,1.507097483,1.297633052,0
0.1302794638,0.1194547155,0.3230393768,0.742209971,0.4419611692,-0.5162399411,1.177137017,0
-0.2908402344,-0.2817692562,0.1266318626,0.7695582509,1.861319184,0.9775625467,0.3791485429,0
0.09422512416,-0.02419042679,0.3527353421,-0.2555367351,0.7422366142,-0.602522552,1.339812994,0
-0.2533467515,-0.1797606972,0.1218167856,0.6166229844,2.173347712,1.155911207,-1.555242181,0
0.2035121146,0.2565333801,0.3396815904,0.9001402855,-0.5956477523,0.9676607847,0.4267664552,0
-0.3455233084,-0.1815588497,0.2173259234,-2.6577847,-0.9317303896,1.004977822,0.3188990653,0
-0.2850866,-0.2053022245,0.2080338755,0.6241137981,1.807159543,1.238842249,-1.014308214,0
0.1680761533,-0.1256795588,0.3237433437,-0.642054081,0.1615006924,-0.2742956281,1.264463186,0
0.3278996706,-0.2127696777,0.2218744119,-0.575592041,-0.9723446965,1.089502811,0.3005537093,0
0.3679565794,-0.1231760084,0.1246524244,-0.3230300844,-1.233824253,0.9003843069,0.8566880226,0
-0.09821062753,-0.2575937556,0.1421526011,-1.934914112,-0.2055034041,-0.5769460201,1.021057606,0
0.09167546136,-0.09259175788,0.2154480575,-0.7903459072,1.166797638,-0.682081461,-0.8531892896,0
0.1349027183,-0.04861909252,0.04953835038,-0.3459117711,-0.205916658,-1.474893093,1.503174424,0
-0.137035072,0.3610452972,0.09578547602,-1.20804584,1.977958202,0.7310952544,0.8329405189,0
-0.2526225102,-0.1399557132,0.1276072887,-2.635645151,-1.624937534,1.305407763,1.913731456,0
-0.2629219588,-0.03193491216,0.3992968464,-3.020716667,-0.252640605,1.116262317,-0.4266921878,0
0.1740403302,0.3378224298,0.2517571688,1.095076323,-1.025697231,1.56228292,-0.3808120191,0
-0.1918645974,-0.2354307465,0.1869196819,-2.254412889,-0.3606984913,-0.2233159244,1.111693382,0
-0.1983757713,0.2879729213,0.3080293234,2.174013138,-0.6722837687,0.9748066068,0.3393406272,0
-0.1645041689,0.3343743743,0.1738033853,-1.113588691,1.543496609,1.013423443,1.025387526,0
0.3495919679,0.07332934791,0.1269045275,0.2068206221,-0.9603165388,1.264552832,-1.139643073,0
-0.3806277675,-0.07110722718,0.1863386562,0.1846832633,1.776442528,1.254358649,-0.5793522,0
-0.2285248225,-0.1190569281,0.05032294072,-2.66127634,-0.361808598,-0.06099630892,-0.8130325079,0
-0.3626394671,0.1325334027,0.07412976967,-0.3503879905,2.007706881,1.434237957,-0.836630106,0
-0.1825146219,-0.08392871984,0.07299984987,-2.710753918,0.1959794909,-1.107260346,0.5432286859,0
0.08764247468,-0.1506533836,0.03393309065,-1.043168306,-0.3592878878,-1.243990064,1.378785491,0
0.1819320286,0.2293147259,0.08028669214,0.9001876712,-0.5852521658,-0.4266786277,1.160613656,0
0.2839340526,0.2706430738,0.0934536144,-2.380155563,2.039902449,0.7231104374,0.6427725554,0
-0.1891187107,0.1197543162,0.2109772163,-0.5660201907,1.992792964,-0.549470067,1.875495434,0
-0.03577189244,-0.2416851057,0.2276051914,-1.717592597,0.05579923838,0.3568559885,-1.208407879,0
0.2470469085,0.1038859386,0.2298791985,0.39822492,-0.270720154,0.840126276,-1.460631371,0
0.3791812352,0.0001025537755,0.2541404296,3.141592741,1.498713136,1.070114851,0.3076441288,0
-0.06640448772,-0.272123802,0.1511141791,-1.810140848,0.01159890275,-0.4446748197,0.2504042387,0
0.0864353508,0.2496502605,0.09183205707,1.236447215,-0.3118672371,0.13109833,-1.047378182,0
0.1706284663,0.1868125229,0.321923622,0.8301640153,0.0200933814,-0.05319221318,0.9482725263,0
0.05969808053,0.1257268684,0.02472298904,1.127468109,-0.8919845223,-1.289624929,2.092537642,0
0.1432651284,0.06191964599,0.3026539632,0.4079749286,0.820890367,-0.1721395552,-0.7394095659,0
0.2186361005,-0.2264573831,0.3276786877,-0.8029739261,-0.3533659875,0.9617727399,-0.4956385791,0
0.2068708476,-0.004249656424,0.311799796,-0.01993001997,-0.8824247122,1.23560071,1.893575191,0
-0.3977970166,0.027411772,0.05643566673,3.07279253,-1.32613337,0.9126595259,0.520802021,0
-0.2009160306,0.08155673929,0.3188613198,2.755993843,-0.9617607594,1.384042978,1.720924497,0
0.2141525953,0.2055733797,0.09236516004,0.7649480104,-0.3139823079,-0.01299835555,-0.48649773,0
-0.07344184015,-0.02764572828,0.102101554,-2.782052279,0.3173304796,-0.6009027958,-1.857895374,0
0.3213413702,-0.04614133988,0.2600164937,-0.1426356882,-0.4799806476,0.2966360748,0.9676148891,0
0.1436763399,-0.2790502941,0.1284731746,-1.094730377,-0.2549311221,-0.1192969233,-0.001642249525,0
-0.203636679,0.1516647361,0.3930414894,2.501440048,-0.4264113903,1.570796371,-0.8881263137,0
0.002185579872,-0.2786042479,0.2078173972,-1.562945366,-0.2632170916,0.6774030328,-1.309009552,0
-0.2823047193,0.07083524666,0.1077566142,2.895557642,-0.1756501496,-0.3736301959,0.1799310595,0
0.3867968224,-0.08712461783,0.1464527887,-0.2215489894,-0.9549261332,0.7708874941,0.329503119,0
0.109175708,-0.3046435231,0.1896874879,1.914775729,2.007205963,1.034864426,-1.237445235,0
-0.09543579189,-0.02932928153,0.1007956783,-2.843424082,1.316173673,-1.143704772,-1.099729061,0
-0.2630104111,0.08969595509,0.3664456161,-0.3286660314,0.8264381289,1.288814425,0.9052208066,0
0.1946570846,0.1481538919,0.3893089596,0.6505748034,-0.2502026558,1.328600407,-0.9255061746,0
-0.2793888673,0.2092391325,0.1362518923,2.498785973,-0.5882468224,0.0770688206,0.6392247081,0
0.2256194047,0.0278495805,0.06771330698,0.1228099912,-0.6851236224,-0.7804883122,1.817104697,0
-0.07072423243,0.07309589838,0.1088058488,-0.8015999794,-1.632062793,-1.286728621,-1.000035763,0
0.2568884445,0.1148406658,0.284428916,0.4203540981,-0.04716901481,0.5392599106,-0.7743731141,0
-0.05095143206,0.1679399744,0.3627546058,1.865301371,0.3226745725,-0.2152033448,1.160248876,0
-0.2087124939,0.1353285234,0.2206636489,-0.5752426386,1.959027171,0.8886761069,-1.695175052,0
0.1073571828,0.338117941,0.276959931,-1.878242612,1.582859993,1.154810667,-0.5168845654,0
-0.380655764,-0.1251951332,0.1016478627,-2.823843718,-1.165915608,1.240627527,-0.4759779871,0
0.08154085763,-0.2925195775,0.1114387856,-1.298960686,-0.6410345435,-0.2713731229,1.321254134,0
-0.1371248054,0.1757646377,0.2387183945,2.233375549,0.5218608379,-0.6357312799,0.3303304315,0
0.3014949492,-0.2322540422,0.1604660365,-0.6563928127,-0.8483442664,0.550455153,0.6197744608,0
-0.2272270065,0.2952374042,0.1951248814,2.22674942,-0.6546040177,0.8060537577,-0.3793359995,0
-0.05370780575,-0.3089926872,0.2136456871,-1.742662311,-0.3982262015,-0.04374764115,1.070387125,0
-0.06067275615,-0.2045201118,0.08333826726,-1.859276772,-0.2599900961,0.04424100369,-1.410341263,0
0.2105513529,-0.07944567621,0.2556333224,-0.3607994616,0.06115777045,-0.5387981534,1.436751008,0
0.2166882805,0.2897772276,0.1885619323,0.9287211895,-0.5764693618,0.711925745,-0.4752785563,0
0.2177458453,0.2886216642,0.1444766919,0.9244631529,-0.8581750989,0.355746299,0.9813302755,0
0.0655294038,0.08293133341,0.08828499317,-2.239533186,-0.02217349596,-1.700428128,-1.518315673,0
-0.05997053374,0.1494718835,0.3238229567,1.952350855,0.2267507762,0.8589988947,-1.68419826,0
0.2490538661,-0.2372932252,0.0964706282,-0.7612189054,-0.5889673233,0.0236908067,0.4001272917,0
-0.03443634213,-0.2302187544,0.04690657087,-1.719223499,-0.4845054448,0.141080007,-1.296204686,0
-0.02280325787,-0.01155431161,0.09905502736,-2.6763165,1.803732872,-1.093289495,-1.892062545,0
0.08795465181,0.09927070099,0.1693321887,0.8474903107,1.190536737,-0.8879064918,-0.8320391774,0
0.01983510893,-0.3653706162,0.2000755932,1.625036716,1.867696166,0.4975027144,0.774823904,0
0.3601401351,-0.1557236009,0.1865966239,-0.4081210792,-0.8945684433,0.8260281682,0.3426814377,0
-0.2143050972,-0.3116965807,0.2590279369,0.9684790969,1.463089705,1.110503197,0.2967376709,0
-0.0950597397,-0.2715319049,0.1889098528,-1.907550097,-0.06138527766,-0.3960953951,0.6728608012,0
0.00949569201,-0.3210475897,0.2479646236,1.600368142,1.048681498,1.34306252,1.278742194,0
-0.008633168069,-0.3655417584,0.1802537162,-1.594748974,-0.581497252,0.6372785568,-0.3478237092,0
-0.05988186096,0.146945098,0.4099949938,1.957752705,0.3223151863,0.07606608421,0.9168291688,0
0.2409394521,-0.2599067169,0.04626538789,-0.8232511878,-1.116717935,1.12709558,-1.044632435,0
0.03993224696,0.2214213282,0.0886101025,1.392368674,-0.006777101196,-0.3001116514,-0.861471355,0
0.09843958326,0.2767178852,0.1229750915,-1.912575245,2.078680754,1.333630562,-1.807999492,0
0.08740819271,-0.2894050464,0.1326479523,-1.277065158,-0.5599898696,0.7295607328,-1.303352237,0
0.3205266268,-0.2047966923,0.2181047688,-0.5685667992,-0.8553655744,1.246722102,-0.5454630256,0
0.09095582371,-0.3635323937,0.2674830431,1.815963268,1.449595809,1.111431837,0.261187166,0
0.0868606643,0.09763562385,0.4444855586,0.843734324,0.2399849296,0.3664933443,0.9224249721,0
0.1541445508,-0.008983388657,0.4502865385,-0.05848418176,0.1112838387,1.162014365,-0.7728645802,0
-0.09196056128,0.3568066398,0.1039350041,1.823050737,-0.7807861567,0.2827055454,0.5016510487,0
-0.09331639739,0.3301918915,0.201536453,-1.295740128,1.230826497,1.288543463,1.253944755,0
0.08733735541,-0.3693318567,0.1534286153,1.803004742,1.955411792,0.5697264671,0.7465569973,0
-0.05426414942,-0.3011261807,0.2195550103,-1.749262452,-0.05784775689,0.01213517785,-0.05111321434,0
0.1058838632,0.2276124873,0.2711137856,-2.006199121,2.171717405,0.1709365249,-0.6883509159,0
-0.2742953635,0.1834492923,0.0422408783,2.552131414,-1.024042249,0.0523990728,1.206278205,0
0.0221885606,-0.3099978194,0.08762675801,-1.499337673,-0.4794706404,-0.3092681766,0.7101975679,0
0.1689746261,0.05586808235,0.301154724,0.3193244934,0.4300050735,-0.6328327656,1.276429892,0
-0.08228857114,0.2726906903,0.09267595192,1.863873482,-0.5661872029,-0.4688148201,1.300240636,0
0.2938472431,0.2378956532,0.08366558911,0.680573225,-1.035340309,1.069806218,-0.7467468381,0
-0.2687682895,-0.1658813864,0.02106403569,0.5529641509,2.181661606,0.4584808946,1.646833658,0
-0.02242398729,-0.2072979883,0.223039381,-1.678457856,-0.06313610077,-0.6781390309,1.79837501,0
0.2468255641,0.07572912925,0.3502908098,-2.843976974,1.668644547,0.5679388046,-0.5040995479,0
-0.04273292949,0.2734809667,0.2097471761,-1.415872574,2.059044838,-0.2813279331,1.44883728,0
0.1422800552,0.2473943107,0.2338383506,1.047973156,-0.291998297,-0.1707058549,1.282966018,0
0.2884402281,-0.03994841765,0.02519305428,-0.1375718862,-0.8731909394,-0.3248741329,1.258597016,0
-0.03653390172,-0.3455262885,0.2997728295,1.465451717,1.445913911,1.27174902,-0.5141684413,0
-0.02275560595,-0.09335177649,0.4004536427,1.331657767,0.2970446348,1.089114547,1.761579871,0
-0.08643327737,0.3422927549,0.2506345439,1.818138361,-0.8687852621,1.570796371,-0.9410026073,0
-0.0958555576,-0.01023505794,0.3217279509,-3.035220146,0.630160749,-0.7280501127,1.717262506,0
-0.01658204351,-0.398567955,0.1879320584,-1.612376332,-0.9522807002,1.039129496,0.03205673397,0
0.05386307533,0.4089483684,0.1288088426,-1.701753736,1.720901728,1.305907845,0.07765880227,0
0.1227832426,-0.2995273582,0.1937058437,-1.181791306,-0.32071051,0.4750708342,-0.6849232912,0
0.005382563327,0.05771168147,0.4413545363,1.479619503,0.4912168086,1.083979368,-1.172657251,0
-0.1343052107,-0.1895423365,0.1885158393,0.9542894363,2.063199282,-0.5290641189,1.915351748,0
0.2935481205,0.05711678764,0.02975961144,0.1921739876,-0.6214748621,0.1655453742,-0.6262369156,0
-0.1094481716,-0.1229105499,0.04251691989,-2.298319817,-0.08046883345,-1.347909331,1.126115322,0
0.2643149383,0.1362400061,0.32260256,0.4759159088,-0.5756415129,0.6755552888,1.112436414,0
0.2358014614,0.08347766749,0.09603677014,0.3403031528,-0.06823164225,-0.7902824283,0.6932274103,0
0.0423983607,-0.2347035188,0.2254707245,1.749592543,1.87765038,-0.3589394093,1.820613027,0
0.005591937124,0.2405950825,0.1890924262,1.547562718,-0.2994658351,0.7410678267,-1.753276825,0
0.0922778813,0.1097717348,0.3593533471,0.8717643619,0.3307029009,-0.273906827,1.503256321,0
0.08816420535,0.03120605842,0.07105904069,-2.801338196,0.07467974722,-1.637863517,-1.51880157,0
0.154649321,0.04118521049,0.2751493277,-2.88129282,1.933591485,-0.8335031867,1.535182595,0
0.1940999671,-0.07158475205,0.07092782903,-0.3533859849,0.2202996463,-0.9637994766,0.1634793878,0
-0.1572639679,0.1476550462,0.4394741237,-0.753895402,0.9631950259,1.257568598,-0.4829154313,0
-0.1094336081,-0.00151006915,0.4421714932,0.01380661409,0.9699977636,0.2541797459,0.9852849245,0
0.1291311184,-0.003260556696,0.3639960939,-0.02522302419,0.7057254314,0.2860547602,-0.9505358338,0
0.1159852656,0.1634349507,0.4492362743,-2.188029528,0.9378427267,1.212455153,-0.4438937306,0
-0.06512949698,-0.1588135721,0.3343809019,-1.959962964,0.7027386427,-0.07923045754,-0.4773980081,0
0.0269204295,-0.1015704466,0.3950246577,-1.311710954,0.402074635,1.011000395,-1.453350663,0
-0.3167346001,0.03991760169,0.064262968,3.016597748,-0.9247562289,-0.06309386343,1.32449007,0
0.03722086261,-0.3690663089,0.2706019414,-1.470285892,-0.7319666743,1.090149641,-0.117356196,0
0.1830327212,0.01293608338,0.1251488344,0.06987442076,0.6148205996,-1.239146113,0.5496755242,0
0.01750686502,-0.2812773017,0.2750192418,1.632962942,1.877591729,-0.07507245243,1.043437362,0
-0.06129943447,-0.03813312989,0.3082217733,0.5527998209,1.453956962,0.4150382578,-1.785459399,0
-0.1888180044,0.0380424365,0.07117649062,2.942777634,-0.716783762,-0.9618391991,2.094395161,0
-0.3595508351,-0.009419849205,0.05851061177,0.02605611086,2.139643431,1.414928675,-1.167930365,0
0.0417029428,0.03285019175,0.2374028247,0.6681916118,0.9747250676,-1.433823228,1.972842932,0
0.1302665956,0.2689824903,0.2883533566,1.119794369,-0.07523068786,0.4258969426,-0.3935751915,0
0.1119470429,-0.005043539564,0.439320265,-0.04502211884,0.3794485629,0.9584089518,-0.9499895573,0
-0.01266497622,-0.2168404694,0.3357831557,-1.629127741,-0.217348516,0.1877649128,1.605330825,0
0.1661162998,-0.1937865297,0.09812948158,-0.8621038198,0.0206431374,-0.6304386258,0.1555508971,0
0.1705665819,0.2413448001,0.251327503,0.955073297,-0.3526849151,0.960278213,-1.225554228,0
-0.0617895244,0.3119373221,0.06663988096,1.766348124,-1.91657269,1.514750361,1.533576488,0
-0.1171438861,0.07344441534,0.3697025816,-0.5601042509,1.788666129,-0.2098439783,-0.03606323153,0
0.1989676241,-0.240616947,0.07014081841,-0.8798236847,-0.6636292934,-0.2671908438,0.9912847281,0
0.005781206126,-0.04917150821,0.2703282202,1.6825279,2.032752991,-0.3672881126,-1.245904922,0
-0.1238225817,0.2475787539,0.2342465001,2.033620596,0.002291433513,0.3035596609,-0.8217033744,0
-0.113257403,0.07845048152,0.07200673935,2.535800219,-0.5256438255,-1.437034488,2.094395161,0
0.02447216754,-0.117549964,0.06053486678,-1.365680456,-0.5213251114,-0.1413608044,-2.033441067,0
0.03207468522,0.3749152925,0.0684416455,1.48545301,-1.101256847,0.4919335246,0.7981529832,0
-0.04186600066,-0.06173955289,0.05175686887,-2.166677475,2.181661606,-1.56595695,-1.511644959,0
-0.1278418581,-0.2401474867,0.1734486472,1.081611753,1.041698337,1.538351178,1.877085924,0
0.2284397164,-0.2105645646,0.3486171421,-0.7447031736,-0.4543109536,0.7765378952,0.5287514329,0
-0.2069410187,0.04601208537,0.339760198,2.922836065,0.0820646286,0.8777474761,-1.282086253,0
-0.063485992,-0.07150708293,0.4269382385,0.8448317647,1.009840727,0.07695930451,1.1549263,0
0.278460526,0.09556550139,0.2985054175,0.3306081891,-0.03096888959,0.1592058241,0.2355176806,0
0.1158332348,0.314709691,0.3125334356,1.218116999,-0.9742945433,1.345900178,0.6763061881,0
-0.2578656456,0.1440394364,0.06512756304,2.632178783,-0.5122445226,-0.4268898666,0.8268814683,0
0.2636280299,0.1404207141,0.3397394656,-2.652283907,1.611920595,0.7032549381,-0.2802168131,0
0.2588246038,0.1468828772,0.1732789853,0.5152876377,-0.1494459212,0.178136602,-0.6652657986,0
-0.1074096695,0.1977073023,0.4269285038,2.068462849,-0.2232639641,1.338790655,-0.6429049373,0
0.2656629574,0.002006106099,0.2716073975,-3.134020329,0.8437215686,1.359728932,1.652854085,0
0.1605241473,0.2323961198,0.1587749287,-2.175305605,1.210146427,1.334114552,1.916949391,0
-0.04123766144,-0.1605069668,0.1039739962,-1.82227838,-0.4076386392,-1.229211926,2.094395161,0
-0.3046096573,-0.2208766561,0.2525245991,-2.514209986,-0.8179126978,0.9572311044,0.3595661223,0
-0.07348746676,0.09562925782,0.4048260124,2.226046085,0.3945050538,0.9261518121,-1.245863199,0
-0.1066454849,0.309244802,0.2131462352,-1.238738298,1.970253468,0.1142116338,1.060139179,0
-0.144909538,0.3748769358,0.03334024643,1.939656377,-1.386823893,1.015360594,0.2882818878,0
-0.2160809634,-0.1631350171,0.2076112118,-2.494917631,0.104437694,-0.4672935009,0.585978508,0
0.05211310475,-0.08402983399,0.3813176596,-1.015644312,0.7266864777,-0.4077495337,1.102020264,0
0.1480232157,-0.1257685337,0.2974549434,-0.704292357,0.6470429301,-0.559096396,0.4499425888,0
-0.04871732266,0.0151084907,0.3833529516,2.837543488,1.080354214,0.1227599606,-0.8092030883,0
-0.252934486,0.1191817084,0.0987068132,2.702406883,-1.753419518,1.357815146,1.986778736,0
-0.08014048496,-0.1345936605,0.1814560049,-2.107845306,0.002453781199,-1.139467835,2.094395161,0
-0.03219874288,0.1593765789,0.1946194494,-1.371450305,2.181661606,0.3185641766,-1.986665487,0
-0.06345952394,-0.3675662909,0.1111377766,-1.741766334,-0.7312762141,0.4928915799,-0.1088693142,0
-0.2830667929,0.1067536988,0.04600469928,2.780952692,-0.6455857158,-0.3391816318,0.8543114662,0
0.1327884307,-0.03546081598,0.2825685518,-0.2609860003,0.6681443453,-0.9348742962,1.411684871,0
0.2531872533,0.03618020274,0.4177907099,-2.999654531,0.8136214614,1.28468895,0.4437277615,0
0.05307316551,-0.2065901477,0.1531963133,-1.319177747,-0.1560885757,0.3372915983,-1.696655035,0
-0.2437244708,-0.02098125509,0.1624460272,-3.055809736,0.2953627706,-0.505646348,-0.2032505721,0
0.2637384702,-0.02926768312,0.06347015168,-0.1105331704,-0.4614084065,0.1967078447,-1.088594556,0
-0.04520362498,-0.1921787115,0.2597444028,-1.800897717,0.3794861138,-0.7642800808,1.226915479,0
0.2497472451,-0.272813256,0.05738001504,-0.829498291,-1.047009826,0.3795418739,0.7584164143,0
-0.3689739326,0.05066980261,0.05489114225,3.00543046,-0.9353750348,0.6723557711,-0.374022007,0
0.1885913132,0.3347469597,0.08933291499,1.057820916,-0.9240515232,0.5004928112,0.3513764441,0
0.04667503651,-0.08298619198,0.04318649836,-1.058449864,-0.7403224707,-1.667668462,2.094395161,0
-0.07832499567,0.3439744267,0.09582006197,-1.346908569,2.152194738,0.3142466247,1.180277467,0
0.2254517016,0.01313781741,0.1282124333,0.05905107781,0.1296013296,-0.2436332107,-0.9233188033,0
-0.0450721288,-0.1209359873,0.1388157326,-1.927553535,0.01834246889,-0.05981668457,-2.072644472,0
0.2580377964,-0.1796315361,0.1156100951,-0.6083322763,-0.5033978224,0.4801787734,-0.9448493123,0
0.1121806122,-0.1860196741,0.2378384631,-1.027536631,0.4769441485,-0.7434996963,0.6898887753,0
-0.1956942001,-0.02969298715,0.2037141779,-2.991011143,-0.02334219962,-0.8447215557,1.819656849,0
-0.03938148929,0.2473555838,0.2904022904,-1.413197875,1.709783912,-0.127304107,1.380292892,0
0.06232078998,0.008165718528,0.3252847748,-3.011556149,1.165930629,0.754873991,-1.985823035,0
0.1468654643,-0.1495801581,0.3251103602,-0.7945608497,0.2477077097,0.5513653159,-1.105526447,0
0.1443031288,0.001420279663,0.4722781431,0.0098422179,0.05988276005,0.7991954684,0.5235024095,0
0.3485358314,0.1381571245,0.177566506,0.3773441613,-0.6459571123,0.5034208894,0.1828628331,0
-0.3239546665,0.1278569188,0.2919404944,2.765684843,-0.6043124795,0.755908072,0.4999241829,0
-0.2242921324,0.08246039947,0.3977091411,2.789283991,-0.1489901245,0.5377314091,0.7885994911,0
0.1979007693,0.3388780688,0.1085353655,1.042233348,-1.143239141,0.7646829486,0.6863561869,0
0.008963631073,0.2113241009,0.1012044977,1.528367043,0.04726681486,-0.2585814297,-1.054942846,0
0.1397167536,-0.0956923911,0.08620220493,-0.6005049348,0.5279479027,-1.358412743,0.5854145288,0
-0.04053734805,-0.1494777116,0.2462784955,-1.835625887,0.1743152142,-0.8503308892,2.003977299,0
-0.04318381869,0.1639492145,0.08780553828,1.828446269,-0.3917583823,0.131097883,-1.933966637,0
-0.02662724393,0.3022598648,0.156699346,1.658663392,-1.534136057,1.322092056,1.735166907,0
0.1757253146,-0.218216561,0.0630153931,-0.8928804994,-0.7396807075,0.6582001448,-1.436124802,0
0.2643763073,0.1229629443,0.2846368077,0.4353134036,-0.4683087468,0.2937695682,1.314724803,0
-0.01108739115,0.4115027204,0.09151177929,-1.543859124,1.848915815,1.364809632,-0.2104711682,0
0.1783247877,-0.2662277332,0.3361552098,2.160979033,1.443946838,1.059174299,-0.3994343877,0
-0.2237066745,0.136839878,0.1088292803,2.59261775,-0.6773235798,-0.4699525535,1.77588439,0
0.06754532192,-0.01645358376,0.2714703133,-0.2429503053,0.7570773959,-1.118350267,1.995582342,0
-0.1302388135,0.08116069145,0.03580446601,2.584301472,0.3846828043,-1.161155581,-0.1598744541,0
0.117165919,-0.2321689726,0.06469285031,-1.103735805,-0.3530158699,-0.7095929384,0.9272601604,0
0.1501761954,0.2156245864,0.2876469067,0.962444663,-0.2236001641,-0.02946690843,1.357768059,0
-0.3365715481,0.1781500239,0.105434006,2.654769421,-0.8132485747,0.5809724331,-0.08898857236,0
0.1323476556,-0.09025583926,0.2419347815,-0.5982719064,0.3021441698,-0.9489407539,1.780790091,0
0.02222692807,-0.1775661597,0.08257505625,-1.446268559,-0.5937733054,0.3421909511,-2.094395161,0
0.1596867597,-0.3060942128,0.2438011507,2.051653147,1.793418765,0.4091435075,0.7910246849,0
0.06264312928,-0.03400817459,0.06813161371,-0.4974652231,-0.2327585965,-0.5573224425,-1.923542142,0
-0.1006460861,-0.02853479846,0.4104181504,-2.865830421,0.3533920646,0.04321991652,1.376627803,0
-0.1824392648,-0.0654334039,0.06850849508,-2.797240496,-0.2483046949,-0.07605327666,-1.423467636,0
-0.04753786676,0.1110092879,0.088443253,1.97540307,2.07154274,-1.657946706,-0.7352306843,0
0.1322771305,0.03022128181,0.3083084474,0.2245605439,0.5143674612,-0.7212524414,1.579687715,0
0.007847062694,0.1286481403,0.4281841052,1.510011196,-0.5264300108,1.44091332,1.254422069,0
0.2675644445,-0.248703923,0.07834191999,2.392713785,2.077136993,1.409611821,-1.1163975,0
-0.3405786964,-0.07802471245,0.1086258389,0.2251508981,2.108202219,1.26213479,-1.233405948,0
-0.3864849541,0.121808899,0.077224893,2.836276293,-1.2497648,0.9580293298,0.3217504919,0
-0.03021417789,0.3726338811,0.2678675002,-1.489890575,1.465137482,1.298838377,-0.2700376809,0
-0.154494606,-0.1428900528,0.3439141056,0.7468675971,1.380725861,1.140726089,-1.452368617,0
-0.09953079799,-0.1040876924,0.3989973605,0.8088450432,1.443453074,-0.1317974925,0.7533662915,0
-0.2262422589,-0.1047693282,0.2991579568,0.4336816072,1.724264741,-0.1317640692,1.268639445,0
0.2813920006,-0.09216537322,0.1812705771,-0.3165303767,-0.2027166486,-0.347114414,0.874735713,0
-0.1494206102,-0.1598703473,0.07113255692,-2.322422028,-0.7810112238,0.6755492091,-2.026310682,0
0.05321312339,-0.000516484676,0.0600705204,-0.009690917097,1.923657894,-1.406741977,-1.62192452,0
0.2373471143,0.2787328194,0.267720251,0.8654393554,-0.7102286816,1.160700321,-0.3854765296,0
-0.2814040858,-0.2559687071,0.1324363495,-2.403492689,-0.8886616826,0.4938077331,0.6386644244,0
0.03072015401,-0.2461863451,0.3395926293,1.694990635,1.284194708,0.3707861006,1.37654686,0
0.2676853862,0.1235991862,0.3068706501,-2.709018469,1.067869186,1.009225011,1.303156853,0
0.05333541502,0.1788452724,0.1050034267,1.28033793,-0.3191716671,0.2080443352,-1.861957788,0
0.1229458487,0.02520539531,0.2294347329,-2.9392519,1.891413093,-1.128712416,2.060063124,0
0.3300665532,-0.04042976756,0.1169591816,-0.1218482181,-0.6326199174,-0.07891905308,0.949277401,0
0.3378221947,0.1288765627,0.2692343303,0.3644503355,-0.9006173611,1.570796371,-0.6662395597,0
0.2086944386,0.04851154694,0.3025699451,-2.913371086,1.55836165,1.042948723,-1.643307805,0
0.06858048682,-0.3217710634,0.07048900303,-1.360800862,-0.5652533174,0.1839757562,-0.3449063301,0
-0.01786408375,-0.296749353,0.2036316978,-1.630922914,-0.2092733234,-0.270295471,0.9302504063,0
0.1446912258,-0.1494742765,0.4082724317,2.339946508,1.23380208,0.3676533401,0.8016114235,0
-0.2917777803,0.05211798074,0.3655738193,2.964834452,-0.3018015325,0.9665310979,-0.2987182736,0
-0.1555303914,0.2356670836,0.07376695946,2.154162169,-0.2535005808,-0.4438837469,0.2264060676,0
0.1234719628,-0.007787707431,0.0308089772,-0.06093645096,-0.8385592699,-1.426507235,2.094395161,0
-0.01524475089,-0.02910111381,0.3067207333,1.083592534,1.212019324,0.4730256796,-1.952732801,0
0.02930329915,0.3227919253,0.1840756381,1.4801718,-0.53438586,-0.003823406994,1.121069789,0
0.1263921149,0.3240985271,0.232308371,-1.942700505,1.959665656,0.3216277659,0.5290768147,0
-0.03902225141,0.2015938277,0.1886082002,1.761945605,0.2947765589,-0.9957483411,1.204990983,0
0.2521201534,-0.1607251282,0.1344475685,-0.5676165819,-0.1433025002,-0.1983564794,-0.08092549443,0
0.08199923409,0.3777637877,0.1712185014,1.357038856,-1.256846786,1.145228744,0.7948848009,0
-0.2532556019,0.1946653123,0.3605812831,-0.6553316712,1.168145418,1.162381887,0.1986619532,0
-0.08679072296,-0.04213696215,0.1455623236,-2.689698935,0.7038078904,-1.775232196,1.713101149,0
0.1768469704,-0.06282906719,0.0367215288,-0.3413653672,-0.9112766385,-0.9267457724,2.094395161,0
-0.04364717775,0.2359972579,0.376750379,-1.387955546,1.417737126,0.9053009748,-0.7872422934,0
0.03346082672,-0.08213983111,0.3295807515,1.957696795,1.609729409,0.2535305619,-1.373018861,0
0.09512895098,0.001109950243,0.1515945317,0.01165014505,0.3666762412,-1.708476543,2.046854734,0
-0.08050272596,-0.0890761587,0.06030096569,0.8359126449,-2.181661606,-0.7450401187,-1.222110033,0
0.02200047027,0.200306308,0.03060857762,1.461381793,-0.4057974517,-0.1001605913,-1.238330245,0
-0.1311078015,0.06846727749,0.4602496886,2.660287619,0.1106914729,0.6294037104,0.6733633876,0
-0.1371279887,0.3282639333,0.2477412894,1.966499329,-0.471198976,0.6440826058,-0.110042274,0
0.1046437268,0.002282134041,0.3227069172,0.0218063686,0.6324869394,0.5008705258,-1.633917212,0
0.1257772989,-0.09498766492,0.2208258865,-0.6468260884,0.08991766721,-0.9478894472,2.079892159,0
0.01303791016,0.1789891714,0.2540730404,-1.643510461,1.857698083,0.6153835654,-1.829021573,0
0.2469346198,-0.2069711951,0.04975771841,-0.697584033,-1.817363501,1.251102924,1.592112899,0
-0.2677747781,0.06842724046,0.1857931144,2.891362667,0.1073148996,-0.4025138319,0.2226680517,0
-0.2348470664,-0.2208905841,0.05703032427,-2.38687849,-0.554543972,-0.09652838111,0.1860368103,0
0.1990919063,-0.04280270945,0.430931738,-0.2117657959,-0.1154089123,0.6876322031,0.7664346695,0
-0.2795383124,-0.2311781958,0.2151049869,0.6909846067,1.772832632,0.5589372516,0.8266977668,0
0.01993378332,0.2985082869,0.369089734,1.50411737,-0.7632285357,1.318328023,0.5758481026,0
-0.168654534,0.1149311917,0.3266598348,2.543417454,-0.148002252,0.04150793329,1.711051941,0
0.07085535675,0.2384079321,0.1411241695,1.281902075,-0.3733907938,-0.6623103619,1.623414993,0
-0.02533650962,0.2428291992,0.06895425971,1.674750209,-0.5284507275,0.3496716321,-1.463659167,0
-0.07996779279,0.198779386,0.09763829819,1.953273296,0.3123016953,-0.817950666,-0.1125067249,0
0.2446430458,-0.02964713129,0.1341279309,3.020995378,2.181661606,-0.4081402421,2.040407896,0
-0.1450560176,0.09239066393,0.06161638667,2.574448586,0.2929897308,-1.316765428,0.6539792418,0
-0.1622833569,-0.1044864778,0.0695358724,-2.569552898,-0.5511035323,0.2859191597,-1.864075899,0
-0.3552655376,-0.04119157924,0.2197930721,-3.026139498,-0.4668973684,0.4443440437,0.1160849929,0
0.08686576308,-0.2156005013,0.1246767607,-1.187791109,-0.675506413,-0.543189168,2.094395161,0
0.2241032102,-0.1273096051,0.3773725937,2.624970436,1.285693049,0.5112336278,0.8351008892,0
0.03976656617,0.1170365342,0.2979185461,1.243258238,0.7467418909,0.1586226374,-1.380809188,0
0.1904029837,-0.009483117768,0.02915544193,-0.05023205653,0.007833356969,-0.7506817579,-0.3967755735,0
0.055607483,0.009552095582,0.4921561486,0.1702394933,0.3558279276,0.7060845494,0.4990402758,0
-0.1231336431,-0.0672777144,0.2046931503,-2.641639948,0.2698103189,0.1954035461,-1.977059007,0
-0.1584329722,0.1878372908,0.05460584002,2.271434069,-0.2787222862,-0.151895538,-0.8156283498,0
-0.1957071188,-0.1298426199,0.133422662,-2.556162596,-0.3759953082,0.5177396536,-1.725068927,0
0.3274574476,-0.2351484314,0.1008580306,-0.6227579117,-1.084625125,0.9901689887,-0.1552249938,0
0.01687936159,-0.3853475547,0.05596150033,1.614662647,2.025550842,1.479709625,-0.8373874426,0
-0.1728589897,0.1092984468,0.2401774112,2.577843428,0.4155544341,-0.8241227865,1.065386653,0
-0.006432004942,-0.1594897635,0.1156783192,-1.611099839,-0.06260284781,-1.366227627,1.799010754,0
0.1034454867,0.1288103566,0.3248219603,0.8941867352,0.438283354,-0.5327836871,1.310715556,0
-0.1631889774,0.1351640536,0.1038171196,2.449546576,0.1127222404,-1.084646821,0.9480491281,0
-0.01729756955,-0.1449530144,0.07807034472,-1.688452363,0.6387384534,-0.9686571956,-0.7374088764,0
-0.06873944019,-0.2572484523,0.1379016153,1.309686542,2.181661606,1.035429001,-1.865929723,0
-0.004111792718,0.1225385519,0.2963933549,1.604335189,0.7609075308,0.139428705,-1.37519753,0
-0.00325560318,0.06024977386,0.04747919723,1.627011776,0.5068364739,-1.038087368,-1.373835325,0
-0.08560693792,0.2276009625,0.3263802443,1.930701137,-0.01386247575,-0.04194868356,1.125574946,0
-0.04048051161,-0.3212690876,0.3247815638,-1.696106315,-0.3695301116,0.6534399986,0.2720857859,0
0.3317186676,-0.05984535322,0.3080017796,-0.1784900278,-0.4337837696,0.8510934711,-0.1788677573,0
0.3964675573,-0.04309988722,0.1784628836,-0.1082845032,-1.028629065,0.9870944023,0.3593593538,0
-0.2546955425,-0.1528921128,0.06190123811,-2.600968838,-0.7424164414,-0.3371136487,1.26183939,0
0.1291996147,-0.271893622,0.1272701519,-1.127196431,-0.317350328,-0.3887364864,0.7851431966,0
-0.2944091614,-0.2807139702,0.09463020591,-2.380002499,-1.315037727,1.082562923,0.4194266498,0
0.07780456341,-0.2538709853,0.3472553263,1.868157506,1.40746665,0.3505823612,1.031905532,0
0.113999768,-0.1652285023,0.2579479231,-0.9668456316,-0.09418538213,-0.4592630863,1.907540202,0
0.2199857302,-0.1294365781,0.242824587,-0.53187114,0.2964322269,-0.1842137128,-0.2596644461,0
-0.1942649889,-0.2909490006,0.05329903952,0.9819648266,2.151704073,1.461426258,-1.290565252,0
0.1924611582,-0.214342002,0.1413577517,2.302439213,2.178606033,-0.2063371539,1.667177677,0
-0.1343369444,-0.1103053078,0.4580314671,-2.454106569,0.1260590255,0.8335497975,-0.1056563705,0
-0.01651415288,0.08551353061,0.119426633,1.761509418,0.7167064548,-1.910941124,1.657034159,0
-0.2335259606,0.03617239776,0.2719282728,-0.1536534876,1.71179378,-0.2249657214,1.636564255,0
0.03628840882,-0.137380274,0.3912900624,1.829015851,0.2066098601,1.54416275,1.489726186,0
0.2514558569,-0.1329445813,0.3933305032,-0.4863426089,-0.4164441228,1.006485462,0.2946648002,0
-0.2525295823,-0.2406485525,0.2237643567,-2.380280972,-0.6025382876,0.3648817241,0.8314056993,0
-0.2495114016,0.1407728631,0.2413649866,-0.5137435198,1.985829949,-0.1610247195,1.187514186,0
0.2413548793,-0.2166891164,0.04092029276,-0.7317992449,-1.784753442,1.152346611,1.592803359,0
-0.04977602763,-0.06862973694,0.3786368688,0.9431423545,0.9408863187,-0.09402935952,1.790490866,0
-0.01559196405,0.179430567,0.3362119689,1.65745163,0.4270445108,0.430021584,-1.082897305,0
-0.01052247132,0.004841022001,0.06545360474,2.6873703,2.038221121,-1.295995712,-2.076685667,0
-0.03692458442,-0.2373583769,0.08334022964,-1.725092053,0.02391317487,-0.4880229235,-0.394736886,0
-0.01369051466,0.171382748,0.4574179939,1.65051353,-0.0265686512,0.7741625905,0.6123733521,0
0.05406400668,0.1236379509,0.1033152364,1.158466816,-0.2511431575,-1.492830992,2.071609497,0
0.1662006788,-0.3287203832,0.1033873908,-1.10251832,-0.7784584165,0.678681314,-0.4997706413,0
0.02485661208,0.1227712357,0.1394677404,1.371081829,1.949226022,-1.583958507,-0.3029262125,0
0.1182207322,0.1510233439,0.4186874662,-2.234966278,1.004109621,0.5407975912,1.038039565,0
0.226675929,-0.02366493805,0.3898277798,-0.1040207893,0.00233025942,0.9534015059,-0.7990040779,0
0.09173386184,-0.2177162328,0.1942906237,-1.172025442,0.1342734247,-0.769474566,1.103623629,0
0.01138179612,0.2837906575,0.1635126239,-1.610868335,2.003578901,-0.09372013807,1.780054331,0
0.3603982778,0.07190057864,0.2821101386,0.1969176531,-0.802321732,1.087336779,0.261141479,0
0.05266463408,0.001495807683,0.1149204293,0.03045701794,0.3907175958,-0.6609184742,-2.057806969,0
-0.1550730602,-0.07256843761,0.03162763994,-2.704174519,-0.0008027520962,-0.6490413547,-0.777499795,0
-0.03792308148,-0.3198949073,0.07339675487,-1.688810468,-0.9951195717,0.04502797872,1.430707335,0
-0.006095233989,0.3256279096,0.1784610415,1.589511514,-0.5734080672,0.9150559306,-1.151993155,0
-0.3531226153,0.07536202612,0.2671727403,2.931331396,-0.6328988671,0.7376087904,0.3926495612,0
0.1326623432,0.2888827849,0.191214074,-2.001218557,2.063822508,0.9240526557,-1.205029011,0
0.1661140603,-0.03231597331,0.1029017365,-0.1918106526,0.7448365092,-1.306571364,0.2835195959,0
0.185913234,0.06041635691,0.2014934702,0.314204365,0.01086749695,0.4278455675,-1.791214108,0
0.09985268919,0.3892024866,0.082873821,1.319653988,-1.119389892,0.838478744,0.1839446425,0
-0.04111398937,-0.2440498013,0.1758433563,-1.737716436,0.3070782721,-0.5973046422,0.1259930432,0
-0.1138008855,0.3596776979,0.129345147,1.877225876,-0.7472660542,0.6483803391,-0.2719709277,0
-0.08706203449,0.2722577818,0.1158040966,1.879502773,-0.3166133761,-0.5215718746,0.9507414103,0
-0.2469386083,-0.1358207526,0.3478413771,-2.638712883,-0.04741203785,0.4965595007,-0.08686062694,0
0.0830953546,0.03803649979,0.4424705859,-2.712315083,1.203209996,0.1229621172,0.3488638997,0
0.04996829153,-0.006843345493,0.2778536863,-0.1366256177,1.872938991,-1.192909479,0.2855817974,0
-0.3098737512,-0.1830664565,0.1453065191,-2.607990265,-0.5566301346,0.2624376118,0.1806689203,0
0.004243161375,-0.07452135596,0.443950332,1.628025889,0.9443361759,0.9251998663,-0.9887833595,0
-0.1606064087,-0.2769895146,0.0686842016,-2.096251726,-0.4890636206,-0.04422674328,-0.03889823332,0
0.07681210699,-0.203082075,0.2334018453,-1.209667802,0.06746679544,-0.6821849346,1.523155808,0
0.05980459482,-0.03004105723,0.2644023358,-0.4645296335,1.225621104,-0.2224915922,-1.427454233,0
0.2064979991,-0.277412942,0.1488272631,2.210680723,2.058904886,1.136980891,-1.160992742,0
-0.2674738237,0.1456444092,0.3781886334,2.642967701,-0.5257095098,1.249974251,-0.1267361939,0
-0.2407937258,0.3090174207,0.2097368007,2.232739925,-0.8618118167,0.9829728603,0.04361628741,0
0.3348246005,-0.03282992238,0.03450402725,3.043853998,2.181661606,1.547359586,-1.429877758,0
0.1409954823,-0.09896429447,0.06910169144,-0.6125272512,-0.19397448,-1.313204527,1.508366823,0
0.1790068474,0.254533088,0.2447376546,0.9579610229,-0.1262712628,0.01248485595,0.3731624186,0
-0.3066623476,0.2461681059,0.03589711432,2.465186834,-1.289133787,0.795576036,0.4738868177,0
-0.1996716594,0.2065992427,0.2088883881,2.339144945,-0.3027686179,0.7189047933,-1.264765382,0
0.1912741376,0.2954693445,0.2236624371,-2.145311356,1.743864417,1.256176472,-0.9545559287,0
-0.05279729798,0.02946127323,0.4654629647,-0.5085942149,0.7441849113,0.4036916792,0.9226141572,0
0.1019257442,-0.1023403699,0.3883705078,-0.7874236703,0.3224624693,-0.08610463142,1.285878658,0
0.1782164777,-0.1528290319,0.3206725215,-0.7089043856,-0.7795504928,1.003528714,1.712145805,0
0.2255007498,-0.06865747451,0.387125294,-0.2955098748,0.1318956912,0.5406343937,-0.2619885802,0
0.1609551265,-0.3018185154,0.2582693366,2.060715675,1.191043377,1.186796069,1.047366142,0
-0.295423457,-0.2210041559,0.1695696487,0.6422940493,1.865181208,1.30040431,-0.9457423091,0
0.2951713458,-0.1244660232,0.3604524415,2.742542744,1.153565288,1.194246054,0.1805700064,0
-0.03629576225,0.05823482912,0.2295107453,2.12814784,0.7685568333,0.02690320276,-2.071977377,0
-0.220215557,0.2071418074,0.1477973148,2.386460304,-0.1700461209,0.01004119776,-0.4084250629,0
-0.07192667703,0.07099482963,0.2308401708,2.362192631,1.729700327,-1.177637577,-0.1766213179,0
0.06931763378,-0.3371343635,0.1909719744,-1.368365884,-0.5041331649,0.1372114718,0.7342682481,0
-0.21565899,0.03248733095,0.0887607982,2.992136717,-0.4269833267,0.3023277521,-1.666485786,0
-0.066840603,0.0799152319,0.4186809489,-0.8739686012,0.1970921606,1.330392599,1.486381054,0
0.115200516,0.1378541148,0.3263091289,0.8747366071,0.4493126869,0.3749554753,-1.101976991,0
0.2723508576,-0.207382139,0.2403805069,-0.6507963538,-0.3484331965,0.3313077688,0.2069664001,0
-0.2647320969,-0.1371576186,0.3189776754,0.4780311584,1.528313637,0.3963698745,0.91134727,0
-0.08220339167,0.3365932256,0.04255838178,1.810371518,-0.8476780653,0.08300365508,0.5995931625,0
-0.2753649643,0.03509120517,0.03734551344,3.014846563,-2.050980568,1.506847978,1.862547398,0
-0.2794549648,-0.1119807217,0.1484173379,-2.760484219,-0.1230498999,-0.2267529368,0.06605011225,0
0.2882713845,0.1482308013,0.3365735232,0.4749476612,-0.4081484973,0.854771018,0.006453337148,0
-0.170625055,0.3510825359,0.1349046024,2.023175478,-0.9416916966,0.6374213099,0.5029422045,0
0.05241811474,0.03458169232,0.2424893932,0.5833200216,0.7787718773,-1.325989008,2.094395161,0
-0.04041306354,-0.2805938822,0.1969859278,-1.713869214,-0.1577624381,-0.3990955949,1.02486074,0
0.09259720621,-0.1821184605,0.2561549714,-1.100415945,0.3790605664,0.1381688565,-1.132182956,0
-0.1919736265,-0.01053671459,0.3981049318,0.0548293069,1.068464756,0.4017364681,1.243847251,0
-0.03126526281,-0.04939757858,0.04725433136,-2.131156683,1.733233571,-1.453690529,-1.463582754,0
0.2797975748,0.01859591324,0.03478663286,0.06604808569,-0.8020740747,-0.4321338832,1.323812366,0
0.1351357488,0.1245432015,0.2955702107,-2.396962404,1.537949204,-0.3589140177,1.841204524,0
-0.051929324,-0.3580744191,0.2728049455,1.426777124,1.537973881,1.235492349,-0.4817677736,0
0.131999527,0.1220030451,0.09775101729,0.7460302114,-0.04129105061,-0.149694398,-1.485266209,0
-0.2209623642,0.2374569774,0.3162334709,-0.8213650584,1.032461524,1.270137668,0.8312985301,0
-0.004106691368,0.108601875,0.3144864487,1.608555198,0.6830586791,0.3802028,-1.561413527,0
-0.1593340251,-0.05003710209,0.2690564791,-2.837294579,0.3967833519,-0.8271442652,1.544484496,0
-0.118065847,0.05284639577,0.2645238995,-0.4204574227,2.045771837,0.06923928857,-1.496158719,0
0.05651328282,-0.3745083465,0.04689500145,-1.421114445,-1.196012259,1.174627542,-0.7648031116,0
0.2332596614,0.2832953472,0.08352344126,0.8819441199,-0.9770851135,0.3377045989,0.8535133004,0
0.1216921381,-0.142795217,0.102203407,-0.8650181293,-0.5194235444,-1.033057213,2.094395161,0
-0.3672116627,0.08973266569,0.1409553132,-0.2396666408,1.999197721,0.5334998965,0.7894682288,0
0.05040685187,0.2944710982,0.3612124792,1.401253343,-0.2631005049,0.7312671542,0.1025431529,0
-0.1337510336,0.2457679342,0.06929802884,2.069209814,-0.2670924366,-0.480479598,0.3014736176,0
-0.2196910448,0.2447768302,0.3382543276,2.302237034,-0.6699569821,1.055006742,0.4715640545,0
0.2679270045,0.1539347368,0.1941580813,0.521353662,-0.6985334754,0.1349040866,1.527885914,0
-0.04638655176,0.2795808791,0.1126880714,1.734767556,-0.1164170578,-0.4557460248,0.2559582293,0
0.105570877,0.134168618,0.1336426108,0.9047194123,-0.2403450608,-1.178743839,2.057216406,0
0.1084384357,0.1223969911,0.2166973185,0.8457964659,0.4016590714,-1.111013532,1.588676929,0
-0.06724423575,-0.3329643861,0.2414445743,1.371520758,1.101759434,1.373340607,1.096927881,0
-0.03522872796,-0.03715645265,0.2315100435,-2.329568863,0.8854484558,-1.446366191,2.094395161,0
0.1854521679,-0.3269451381,0.2693943468,-1.05482316,-0.850309968,1.162455797,0.1176651046,0
-0.03812175927,-0.1911540564,0.3355721942,-1.767683506,0.08438190073,0.9629640579,-1.486079454,0
-0.2686428754,0.2446328026,0.09259537556,-0.7386324406,2.165642262,1.182088494,-1.027081132,0
-0.1389158953,0.2635257152,0.1704792035,-1.085658908,2.118294954,-0.1593289375,1.478216052,0
0.09768182942,0.1341736583,0.1999896278,-2.200083256,2.128725529,0.3812071681,-2.001733065,0
0.1368129592,-0.1386965735,0.3637619247,2.349359751,1.241254807,0.1315566301,1.458294749,0
-0.1979191395,-0.03861938327,0.2872369123,0.1927057952,0.5380825996,1.570796371,1.923876405,0
0.2566758171,0.100041346,0.04076293619,0.3717504442,-1.264039159,1.44428587,-1.972296596,0
0.2286196747,0.09840399433,0.3341726591,0.4064991772,0.2393475771,0.07544416189,0.0788455531,0
0.01724667395,0.3314665559,0.339015416,1.518811345,-0.5777109265,1.010147333,0.2267914712,0
0.1029227158,-0.09658904511,0.189348669,2.387929678,2.181661606,-1.236572623,2.067970037,0
0.1777309794,0.1782774238,0.09634642989,0.7869439721,-0.1403256059,-0.7899336815,0.8647757173,0
0.01585468559,-0.1194491067,0.1547339624,-1.439110398,0.1788768321,-1.522204161,2.057291269,0
-0.04025093543,-0.1024806498,0.2114428661,-1.945115447,0.5940437317,-1.383211851,1.875771403,0
0.2756196652,0.1376500503,0.129359736,-2.678408861,2.179503202,1.1007303,-1.537043929,0
0.07227255659,-0.1356725412,0.23240555,-1.081320643,0.6245438457,-1.134166837,1.376376152,0
0.1787787886,-0.3651683204,0.1430991372,-1.115520716,-1.172058225,1.345373273,-0.3252131343,0
0.2945844589,0.1957310009,0.2432146194,-2.555180073,1.724640608,1.150235295,-0.7692837119,0
-0.1300254575,-0.2062102275,0.3975621393,-2.133375406,-0.714553237,1.363595247,0.8831168413,0
-0.2245266917,-0.1882704658,0.3862729896,-2.443793535,-0.5461798906,1.431506395,-0.3764111996,0
-0.2557272152,0.1125797869,0.2942486692,-0.4147085249,1.94043076,0.4523591995,-0.6188886166,0
0.08079607573,-0.1219138707,0.217735123,-0.9855268598,0.3927569687,-1.165028811,1.781019568,0
-0.3036996846,0.07183767834,0.1305611584,-0.2322522402,2.161375761,1.122268558,-1.512857199,0
0.1840592364,0.3590162773,0.0328942686,1.097058773,-1.432722569,1.085327625,0.2854568362,0
-0.1120730923,0.2749236391,0.2165536442,1.957841516,-0.3578308523,-0.1451565176,1.235257864,0
0.1670462596,-0.2332805557,0.165247197,-0.949533999,-0.267927438,0.4307005703,-1.103262305,0
-0.005412872403,-0.1898403575,0.3098834046,-1.598326921,0.2009492666,-0.4279403687,1.489212871,0
-0.2483355958,0.01926902968,0.339865033,3.064178467,0.1424965113,0.4694696069,-0.5703198314,0
0.07080366091,0.03878078389,0.1511252558,0.50109303,0.4291446209,-1.795276165,2.094395161,0
0.1577831141,0.3721281397,0.1055093031,-1.971821308,1.942913771,0.9285133481,0.3896359205,0
0.07602533668,0.1986606536,0.3921226378,-1.936287045,1.26687777,0.291140914,0.9854260087,0
-0.03091798011,-0.1866733431,0.0515343586,-1.734963298,-0.6133477092,0.2493444234,-1.820887804,0
-0.2585551756,0.1580559015,0.1523165472,2.59290266,-1.57618475,1.373169899,1.723703504,0
0.2778881739,-0.1642798624,0.02869400268,-0.5344619751,-1.007141232,-0.0266418308,1.173784852,0
0.2367871057,-0.1096242125,0.1633560469,2.707893848,1.945740819,-0.1371848583,2.023275614,0
-0.185145832,-0.1173854682,0.1781930665,0.5650568008,2.181661606,0.6709551215,-1.9119699,0
0.08120019849,-0.2616892644,0.02827589015,-1.269921184,-0.8677424192,-0.4339521229,1.43287003,0
0.3359652981,-0.1108690504,0.3145463789,2.82284379,1.206274033,1.34066987,0.1368041933,0
0.1273342079,0.2224455174,0.1782067563,1.050778985,0.08200852573,-0.000916544348,-0.8431322575,0
-0.3450803419,-0.2188822537,0.06746448158,-2.576338291,-1.330155134,1.092295408,0.2039189041,0
0.09352684873,0.08253849541,0.4577200345,-2.418527603,0.8722664714,0.5086306334,0.8369951844,0
-0.04503744759,-0.2392631646,0.1673367853,-1.756564021,-0.006265312433,-0.7748362422,1.18341434,0
-0.2378355537,-0.03067830706,0.2519691044,0.1282810122,1.714963794,-0.1978958249,1.787452579,0
-0.155515167,0.1583329846,0.3857208048,-0.7944269776,1.253624916,0.3355254233,1.040554881,0
-0.1379662831,0.2071331739,0.1611102286,2.158384085,-0.3097066879,-0.6308705807,1.606500983,0
-0.03510458516,0.0797872373,0.04842288048,1.985284209,2.145802021,-1.624679565,-1.342397809,0
0.1426748364,0.2281966906,0.3056291338,-2.129366636,1.678638697,0.04054556414,1.125281215,0
0.151294904,0.2441760992,0.06917732182,1.016084313,-0.2896901965,-0.3193182945,-0.009111135267,0
-0.1418371416,0.2556280455,0.03734415813,2.077360868,-0.6534159184,0.3188036978,-0.9195451736,0
0.01699268501,0.01399674874,0.1147921479,0.6884929538,1.551397681,-0.949519217,-1.945582628,0
0.0102412398,0.212425411,0.3347958341,1.522701621,0.2442385703,-0.2441185713,1.014009833,0
0.0566659039,-0.156814909,0.4335691233,1.917568684,1.07834816,0.393884331,0.8280794621,0
0.2447311665,0.183470698,0.07499539355,0.6432974935,-1.231721163,0.2896331251,1.805529833,0
0.2926233189,-0.1435258879,0.02582778079,-0.456002295,-0.7024240494,0.1062291712,-0.1270868778,0
0.2780620479,0.1611999858,0.2491789082,0.5254259109,-0.1803587973,0.3135252595,-0.1789688617,0
-0.360962055,-0.004937100157,0.03154924442,-3.127914429,-1.159943223,0.3737602234,0.9120326638,0
-0.1746552488,0.1345081856,0.4453322094,2.485344887,-0.2578059137,1.323173046,-0.3284679055,0
-0.2188520181,-0.1241832219,0.2182889961,-2.62553072,0.09571117163,0.206544444,-1.008617759,0
-0.2328883969,0.2640184597,0.1706624217,-0.8479973078,1.992192268,1.114293694,-1.035792708,0
0.2556523072,0.1832200989,0.1924469083,-2.519739866,1.119787216,1.406090736,1.518092275,0
0.1938812316,-0.1142947001,0.1267301163,-0.5326295495,0.3454719782,-0.8442752361,0.1753109396,0
-0.1892792832,-0.3462933637,0.1353899245,1.070578218,1.866425395,1.335549235,-0.6327258945,0
0.2088734827,0.01805525371,0.3028284812,0.08622436225,0.344447583,-0.476043433,1.006941915,0
-0.2935017776,-0.03427183602,0.1001370018,-3.025351524,-0.2235954404,-0.2899015546,0.04233284667,0
-0.2429277822,-0.2044849388,0.1619408476,-2.441910744,-0.5472348928,-0.1096657515,1.18723774,0
0.2699973869,0.128279989,0.1675073002,0.4434989691,-0.4855417609,0.7981362939,-1.34057188,0
0.2374764496,0.2841804438,0.05519066066,0.8747457862,-1.086664081,0.4103948772,0.8058079481,0
0.3078530377,0.1431012347,0.2232399996,0.4351249635,-0.3311603367,0.2177166641,0.2792301178,0
0.2083638998,0.08155650572,0.4096091551,0.3730797172,-0.05021750927,0.4992746711,0.7074532509,0
-0.1411675089,-0.3552656376,0.08615403092,-1.949022055,-1.240957856,1.455926538,-0.9136978984,0
-0.05344655744,-0.2085740122,0.2674515946,1.319946527,1.626274109,1.099498749,-1.880379438,0
0.1106663499,-0.1755983164,0.4460891471,-1.008448601,-0.1508395523,0.8908335567,0.4473930001,0
0.2107023236,0.2152950238,0.3175600925,0.7963411212,-0.462942034,0.511479497,1.013255835,0
0.0797560901,-0.1955708953,0.3564634451,1.95780611,1.763602495,0.2651556432,-0.4679040611,0
0.2817348857,0.06899319258,0.09922369196,0.2397556007,-0.2755493522,-0.4762288332,0.600613296,0
0.3342738643,0.1093165821,0.233536594,-2.825528383,1.19557333,1.30087924,1.019589901,0
0.3169351118,0.06738678082,0.2632627443,0.2094847113,-0.4539880157,1.020552993,-0.924592495,0
0.123571462,-0.1544696646,0.2377604469,-0.8960643411,0.2371252924,0.3068505824,-1.473015547,0
0.2653739432,0.02724444146,0.2671276828,0.1022899151,-0.09018505365,-0.226304099,1.15018177,0
0.2116171197,0.1893481944,0.2963619463,0.7298574448,-0.06316615641,0.5786095262,-0.7125312686,0
-0.008079490626,-0.1614493474,0.1908372274,-1.620918751,0.7625870705,-0.478346765,-1.017403603,0
0.08094973494,0.03928982109,0.3165283076,0.4519246519,0.4818932116,-0.633746624,1.998754501,0
-0.1154053733,0.1513502444,0.4394126933,-0.9193400145,0.983405292,1.229729652,-0.7158180475,0
0.1970913594,-0.1958368936,0.2562554228,-0.7823482752,-0.118971698,0.6244326234,-1.06186235,0
0.2485374478,0.0285230769,0.3162958714,0.1142607704,-0.2204315811,0.1036279574,1.381571174,0
-0.1720434642,-0.1170975016,0.3517819617,0.5976678133,1.764739513,-0.1758551151,0.614421308,0
0.152884422,0.2090507921,0.2964040327,0.9393519759,-1.069920301,1.351931334,1.572932959,0
-0.2910678229,0.04873423207,0.3220501534,-0.1658962369,1.568867564,0.3483635485,0.8389151096,0
-0.06971619255,0.2360256883,0.1831852065,1.857591033,-0.1692651808,-0.646211803,1.492955923,0
-0.09918374537,0.006689023943,0.4749267081,3.074191809,0.2930602729,1.068286777,-0.6174522042,0
-0.1012638466,0.2190293837,0.1131812333,2.003856182,-0.3689311147,0.3824840486,-1.541298628,0
-0.0282065002,-0.06037324847,0.1559363668,-2.007722378,1.896377563,-1.038457036,-1.319846749,0
0.3697418262,0.0311569735,0.184475052,-3.057640553,1.912050247,1.10428369,-0.7508935928,0
0.1267101147,-0.2434926336,0.1837761305,2.05060935,2.123424292,-0.3241741657,1.580713987,0
0.03888093754,0.1058304941,0.4430238404,1.218720317,0.5536079407,0.181984067,0.437705636,0
0.258906811,-0.1641382018,0.2307516476,-0.5650365353,-0.5261481404,1.149187684,-1.341265798,0
0.2385067978,0.1063769084,0.3948100856,0.4195126891,-0.5799641013,1.123845935,0.8016803861,0
0.02645872947,0.150752359,0.4763644257,1.397054553,-0.1090546101,1.434344292,-0.4811141789,0
0.3375042332,0.2243844374,0.1300658071,0.5867339373,-1.157970905,0.9940850735,0.3760519624,0
-0.1942317661,-0.3172816608,0.2576735684,-2.120119572,-0.8128364682,0.9364940524,0.4501187801,0
-0.1908744101,-0.2164898782,0.2174572457,0.8481967449,0.912759304,1.570796371,1.585439086,0
-0.006174251831,-0.2058252496,0.1637963324,-1.600634217,0.6238262653,-0.8578965664,-0.009534601122,0
-0.1453125812,0.2602644792,0.2769941671,2.080008745,-0.02426840737,0.241636306,-0.1887836754,0
-0.05152048498,-0.3366055763,0.1642613405,-1.722669005,-0.3827604353,0.2748904228,-0.2450099587,0
0.07293084481,-0.0103247488,0.2113476014,-0.140381068,0.7813264728,-0.1114410684,-2.014896393,0
0.02428815966,-0.3269739856,0.09421070312,1.644941688,2.181661606,0.1527493,1.45708704,0
-0.3483314101,-0.04060411757,0.2514551131,0.116110757,1.68016386,0.5604348183,0.7945349813,0
-0.2931633379,0.2447313877,0.2231416272,2.445992231,-1.055584669,1.103185177,0.6196279526,0
-0.2012663828,0.2970036643,0.06288719739,2.166505337,-0.8213970661,0.5671998858,-0.4691769481,0
-0.06825319232,-0.1675419654,0.1494103917,-1.95802474,-0.1091671437,-1.125433803,1.898219466,0
-0.1493658618,-0.09908265756,0.3045956955,0.5848711729,0.4396250248,1.5644629,1.959176183,0
-0.09685742007,0.1217671594,0.09232076071,2.241521597,-0.4236584604,0.1205030978,-2.084821939,0
-0.067146999,0.2774073217,0.09570482101,1.808099031,-0.7015795112,0.7905782461,-1.528051019,0
0.1022494651,0.008361624557,0.09123062968,0.08157319576,-0.1187021434,-1.752741933,1.979125857,0
-0.216224183,0.2065948632,0.2148241479,2.37880826,-0.4441424012,-0.07376427948,1.33978045,0
0.3392544081,-0.07592486632,0.3029854171,-0.2201704681,-0.629698813,0.8595629334,0.4331476092,0
-0.3209274212,0.1399436916,0.02497759903,2.7303617,-1.060014248,0.2074733526,0.8632571697,0
-0.08272698983,-0.06589785652,0.08749428622,0.669593215,0.3718895912,-1.754331946,-1.839444041,0
0.03925778242,-0.2110750975,0.2157938172,1.754687548,1.851004362,0.9667498469,-2.054358006,0
0.06133987042,0.001448693485,0.2050430999,0.02055018768,1.361388922,-1.697806835,1.566548824,0
0.03622449994,-0.09489487997,0.2719608975,1.935456991,2.181661606,-0.2720633149,-1.159509063,0
0.1811457078,0.2440086898,0.3264907896,-2.209369659,1.310388207,1.470615625,-0.9859418869,0
-0.2515763822,-0.3169218743,0.09187014366,0.8998399973,1.951866746,0.9593362212,0.4060761034,0
-0.08082944982,-0.2243556165,0.2249513574,-1.91659379,0.337619096,-0.6440335512,0.622964859,0
-0.2276189192,0.009748329346,0.2699356664,-0.04280218109,1.810552955,0.8143234849,-1.566803932,0
0.3490957605,-0.09398102978,0.04327957575,2.878614664,2.181661606,0.5245339274,1.106047988,0
-0.04066814334,-0.2543971573,0.3699380384,-1.72932148,-0.1971174031,0.4373635054,0.8875533342,0
-0.1658373705,0.04151032799,0.07171623499,2.896314144,-0.3078536689,-1.291216135,1.688337684,0
0.1957023705,0.334442846,0.2466790584,1.041360617,-1.03742063,1.40641427,-0.01673413813,0
0.1358971726,0.1814658995,0.3838693049,0.9280089736,-0.001992814243,0.272904098,0.8907049298,0
-0.0169029754,-0.08375097162,0.05041181075,-1.76992774,-0.5393343568,-1.778498054,1.979488969,0
0.09601468965,0.2794357281,0.3181151065,1.239835501,-0.1145054996,0.5951340199,-0.4155282378,0
0.2918451599,0.1409686833,0.04001130989,0.450455606,-0.6547099948,0.1833054125,-0.3570088148,0
-0.07928120717,0.09928433695,0.1995376162,2.244638443,0.2930171788,-1.290184736,2.055151463,0
0.04268108263,-0.2406556925,0.1449030623,1.74632442,2.181661606,-0.4615570307,1.991388679,0
-0.09855763355,0.1083419322,0.03750865194,2.308939219,-0.2877186835,-1.427736402,1.46351707,0
0.09746922215,-0.3592840522,0.04160936974,1.835709333,2.173787117,0.6042701006,0.9478523731,0
0.07301034149,0.2188227155,0.1747946398,1.248759031,0.4327489436,-0.7162081003,0.1299522221,0
0.153729861,-0.1456603022,0.06057546476,-0.7584511042,-0.2677046657,-0.08983191103,-1.231916904,0
-0.1783341173,-0.3465953245,0.1009082489,-2.046000957,-0.9901171923,0.9661096334,-0.4583970308,0
-0.1655157098,-0.05983620741,0.06893368574,-2.794697523,-0.252348423,-1.275253654,1.558418632,0
0.3915876837,0.0439497716,0.1421048635,0.1117688268,-1.041051626,0.7824026942,0.5788958073,0
-0.2195188451,0.1971908604,0.02205161809,2.40990901,-0.5885751247,0.02383014746,-0.4346581101,0
-0.1184249381,-0.1499375597,0.4177286364,-2.239304304,0.09849829227,0.354732424,0.8169870377,0
-0.07814241635,-0.2208761343,0.1878496812,-1.910813093,-0.4484632909,0.9794572592,-2.002420664,0
-0.3259977399,0.006753615074,0.07478947208,3.120876312,-0.7314822078,0.6350262761,-0.975060761,0
-0.02652712793,-0.216628034,0.4098100808,-1.692644358,0.07914850116,0.8171005845,-0.5097489357,0
-0.1658554935,0.0213979108,0.1324543549,3.013526917,0.1473625749,-0.1409658194,-1.585606217,0
0.223033802,-0.05949921612,0.06277222674,-0.2610214055,-0.3715636134,-0.9070127606,1.263677478,0
0.09664441117,0.3505470189,0.2288092923,1.301723599,-0.678127408,0.5576920509,0.6485579014,0
0.1947543263,-0.02139345256,0.3196877398,-0.109155573,-0.9491301775,1.44516027,1.819579363,0
-0.3573668921,-0.1877182945,0.07700640831,0.4836668968,1.892205834,1.471711874,-0.5072343349,0
-0.1828328049,-0.1706730912,0.2970468041,-2.390578032,-0.09284176677,0.8715313077,-1.29108882,0
-0.142264833,-0.003764855706,0.1528593374,-3.115130186,1.187689304,-1.516169906,0.5945965052,0
-0.3387214742,-0.1456153752,0.1844606933,-2.735584497,-0.7221091986,0.9757456779,-0.6712231636,0
0.1293449592,-0.04993448138,0.3153207421,2.773812056,1.622344494,0.5442583561,-1.585224748,0
-0.06491597651,0.02106460121,0.2531441787,2.827549696,1.838734388,-0.9654022455,-0.5153753161,0
-0.001973873416,0.1655375126,0.4447708203,-1.558833122,0.9951598644,1.126651525,-0.7495700717,0
0.2004716846,0.1172901945,0.1065929015,0.5296746492,0.2143314928,-0.7938870192,0.1513666064,0
0.2210604853,0.08444723213,0.3453869631,0.3648638725,0.03038476408,0.02040354162,1.024757862,0
-0.1152086254,0.09455919392,0.1177877284,2.45558691,-0.2124173492,0.05723078549,-2.061593294,0
0.1755836004,0.1925741345,0.2603905038,0.8315166831,0.1422957331,-0.3609666824,0.7347232103,0
-0.09423345619,-0.153278321,0.3852426894,1.019573212,1.652994037,0.1140969619,-0.1174760014,0
-0.01154400756,-0.1005176551,0.3272844786,1.456456661,1.399111152,-0.6436084509,1.75077796,0
-0.01377863671,-0.2703877938,0.4018139836,-1.621711373,-0.4275915027,1.390445948,-0.4760918915,0
0.05080649057,0.09343346141,0.0459721103,1.072802782,0.9618155956,-1.32802999,-0.7079160213,0
-0.1701809254,-0.2825087003,0.2307134453,1.028791308,1.617872,1.502340198,-1.295489073,0
0.1819197412,0.1924269275,0.3631133104,-2.32825613,1.380590081,0.4183518589,0.855612278,0
-0.1197088982,-0.1655805609,0.449794576,-2.196768999,-0.1446249783,0.9157837629,0.406493634,0
0.2559178635,0.2559423472,0.15920377,0.785468936,-0.7494555116,0.3147388399,0.8347754478,0
-0.2263740102,0.07778725756,0.07380314596,2.810518742,0.0149956001,-0.7367254496,0.1662331223,0
0.1611839043,-0.02857667564,0.0959643101,-0.1754158139,-0.3431273997,0.106890589,-1.969673634,0
0.1869456951,0.09145935264,0.1970143935,0.4550006092,0.05215320364,-0.8767092824,1.592407823,0
0.1249540067,-0.0578750595,0.1741505986,-0.4337781966,0.3679803312,-0.09198881686,-1.790583253,0
0.1761024559,-0.02182651646,0.1672945418,-0.1233808398,0.9063196182,-1.089218974,0.09656201303,0
-0.2991921015,0.1611949414,0.2879246909,-0.4941807389,1.459255457,0.7445667386,0.8083128929,0
0.1727270735,-0.04682048963,0.2730706788,-0.2650722563,0.3390627801,0.393973887,-1.496201754,0
0.3693805962,-0.06457328434,0.2596443942,-0.1730661839,-0.9912759662,1.569837809,-0.4449296296,0
-0.04271331406,-0.1050123127,0.4466179599,-1.957171559,0.2151645422,0.4130341113,1.071334958,0
-0.09015473002,0.2024795362,0.4493833057,1.989696145,-0.3060612082,1.311155438,-0.1044692025,0
0.2444801958,-0.006105672668,0.4206127843,-0.02496128529,-0.2265439183,1.175242424,-0.3958417475,0
0.1185387123,-0.2948488538,0.3373083633,1.953065038,1.015241146,1.256501079,0.716891706,0
-0.3853849729,-0.06750738439,0.08411959148,0.1733968407,1.88654983,1.569985151,-0.8052285314,0
-0.01258957906,0.2382155366,0.2621763137,1.623642564,0.3884690404,-0.1427546889,-0.393361479,0
0.1709022963,-0.2198896631,0.07415810653,-0.9100990891,-0.5926539302,-0.5205901265,1.286475539,0
0.06004870951,-0.08824310692,0.4190584595,-0.9733535647,0.5473639965,-0.0530199185,0.9574724436,0
0.06985059117,-0.1119739292,0.1667371946,-1.013091207,0.2656202614,-0.05293370038,-1.92843008,0
0.1892782567,0.2700180725,0.2719697289,-2.182183266,1.815381885,0.8137429953,-0.6104297042,0
0.2149354261,-0.1116459922,0.1318228843,-0.4791654944,0.2395229787,-0.6927764416,0.1004994065,0
-0.2519346576,0.1816096769,0.1224501712,-0.6245411038,2.176244736,-0.02611543983,1.547784567,0
0.04231938565,0.01360480409,0.2640492503,0.308822453,0.996183753,-1.263708353,1.940562606,0
0.02193885039,0.327888396,0.2193957735,1.504149199,-0.4277012646,0.7882316113,-0.8793824315,0
0.03901771425,0.1447947234,0.1314755273,1.307530284,1.203201294,-1.322170258,-0.1016144454,0
0.2986315139,0.1121366104,0.02200261242,0.3592019081,-1.237776756,0.1716222167,1.461123705,0
0.2889979623,0.1898985638,0.2190179017,0.5813571215,-0.6231874824,0.3401116431,0.9267536402,0
0.06817674529,0.2490032802,0.3337785022,-1.838037848,1.000121593,0.8671374917,1.453712344,0
-0.2448465579,-0.1174972382,0.1854078569,-2.69430685,-0.291448921,0.6356845498,-1.402215481,0
-0.2047460236,-0.03853758153,0.2879190935,-2.955558062,0.05511686578,0.7833628654,-1.575552344,0
-0.349385852,-0.1271711232,0.1079751765,-2.792513847,-0.9661041498,0.4188135266,0.8611143231,0
0.2255782295,0.01149550449,0.2532104212,0.05045825988,0.5146171451,-0.3736498058,-0.1753542572,0
0.2317837946,0.1442596202,0.0228552723,0.5567680597,-0.9883061051,-0.3542871773,1.578690767,0
0.3662679474,-0.1265753462,0.1434757381,-0.3327791393,-0.8000709414,0.6368209124,0.07836004347,0
0.01512163366,0.32374308,0.1943235974,1.523804545,-0.3090484738,0.4485658407,-0.6466080546,0
-0.3306590922,0.05551923949,0.1660421712,-0.1663565934,2.080483437,0.1118615717,1.160655499,0
-0.002703387109,0.3998348979,0.1027588181,1.577559471,-1.045557618,0.7869594097,0.2210157663,0
0.08659313095,-0.1510830948,0.2412027871,-1.050391793,0.7670984268,-0.3588464558,-0.7993759513,0
-0.1474578595,-0.1941065349,0.3965641697,-2.22040844,0.03039264679,0.5009511709,0.2024919689,0
-0.07452482486,0.04146557859,0.1694032009,2.633849382,0.4919220209,-1.687710047,2.094395161,0
0.04789549636,-0.1608098536,0.07544934874,-1.281371474,0.1297417283,-1.382981777,1.153677464,0
-0.07915465837,-0.1276031248,0.1129689274,-2.126020908,0.6039589643,-1.527740359,1.049915314,0
-0.3127947948,-0.1409476743,0.2735178937,0.4233534932,1.635644794,0.5677189827,0.7189130783,0
0.2492077348,-0.2845215926,0.2128556884,-0.8514663577,-0.7743820548,0.6941835284,0.4884088039,0
-0.2144487236,-0.1876928961,0.3064273316,-2.42265749,-0.1256596595,0.7280195355,-0.7955182195,0
0.05642122116,0.155309408,0.3154024287,-1.919700027,1.489948869,-0.4001666605,1.749838352,0
-0.1433816224,0.2911099332,0.1044422038,2.028924704,-0.3965639472,-0.08925452828,0.1303737611,0
0.1570040046,0.2862311758,0.2337207859,1.068991184,-0.4391004443,0.8804087639,-0.9278147817,0
-0.07469210419,-0.2575720832,0.03252214441,-1.853040099,-2.111937523,1.570796371,1.89828968,0
0.237209125,0.004767155995,0.4385838212,0.02009393647,-0.357598573,1.211902142,0.1626261473,0
-0.01316423853,-0.007344517998,0.2179224044,0.5091142058,1.484234214,-1.623303652,2.094395161,0
0.319385428,-0.2189603612,0.07798279529,2.540722609,1.997198582,1.431663513,-0.8268401027,0
0.05120018123,-0.06897488787,0.2298952131,-0.9322411418,0.6453124881,-1.339717388,2.057803869,0
0.2134729985,-0.002386633963,0.2733177137,3.13043642,1.788967967,-0.4354378879,1.628574848,0
-0.2269380666,-0.05874829659,0.2651153306,-2.888338089,0.4365123212,-0.4358314276,0.2553664148,0
0.02707834738,0.2285191703,0.02373652605,1.452032328,-0.2363316268,-0.4874843061,-0.3690790832,0
0.1311738164,-0.3035610917,0.3403521743,-1.162911773,-0.7137055993,1.477593303,-0.4087236822,0
0.05204608125,0.2785120801,0.05444714191,1.386217237,-0.3689872921,-0.4638370574,0.4045111239,0
0.1186983204,-0.2532281188,0.1813178299,-1.131525874,-0.1202379391,0.2756972611,-0.9594649673,0
-0.2117629458,0.2900618856,0.2618233844,2.201409578,-0.9256212711,1.00922823,0.7858788371,0
-0.1469693463,0.00104695387,0.3542056961,-0.00711807888,0.2644414306,1.52652061,1.784147978,0
-0.119957492,-0.2913587125,0.1672240466,1.180216908,1.975094199,1.242091894,-1.505597115,0
-0.3021007631,-0.1656515572,0.07554373815,0.5012274384,1.514508605,1.385041714,1.346248507,0
-0.2107795387,0.341506785,0.1320034942,-1.017822266,1.779224038,1.451773763,-0.5483040214,0
0.01283134446,-0.085846751,0.3818076194,-1.422975302,0.5062761307,0.9273273945,-1.563371301,0
-0.2399727203,-0.1784419508,0.2809978864,-2.502340794,-0.1691655219,0.06015332043,0.7466849089,0
0.1090664666,0.126816449,0.3344117317,0.8604727983,-0.09016788751,0.04835367203,1.922319293,0
-0.1072242559,-0.01998185632,0.07463683698,-2.957350492,2.181661606,-1.641603231,-1.04170084,0
-0.003790282594,-0.364577389,0.05623587218,1.560402513,2.117229462,1.440382123,-1.112805724,0
0.3835968052,0.05694944085,0.06507550386,0.147384733,-1.090997458,0.9906993508,-0.4892180562,0
0.1811603255,-0.04337009252,0.2718294406,-0.2344288528,0.2349921167,0.5170048475,-1.580974102,0
0.2247456323,-0.1285252008,0.3412616708,2.622114182,1.323940992,0.3892892003,1.246982813,0
-0.1210193547,-0.2420130547,0.08851360943,-2.034568548,-0.1228993088,-0.5425319076,0.2355590016,0
0.05977419874,-0.3014370051,0.3692399059,1.766554356,1.224334598,1.000670075,0.2565141022,0
-0.09582377194,-0.2062692335,0.3603305385,1.135341406,1.570671082,0.703443408,-0.8524928093,0
0.3189544433,-0.05067016931,0.2148073671,-0.1575414687,-0.2164441645,0.01171776652,0.3627972305,0
0.1234817417,-0.002542475647,0.05300668481,-0.0207336247,2.033758402,-1.800531745,-0.678380549,0
0.2989683937,0.1128310427,0.1913006064,0.360845536,-0.4190267324,0.7031846046,-0.9917064309,0
0.3523798172,0.0236602247,0.07815245768,-3.07454896,2.178521872,0.3471059799,1.190763354,0
0.1919276487,-0.08385702361,0.2283820571,-0.4114217162,0.4186886847,-0.06954044849,-0.9830918908,0
0.3033356787,0.05568476962,0.1728578778,0.18155393,-0.1710627526,-0.2340993583,0.443528831,0
0.1251945723,0.2626724102,0.3444618674,1.12602818,-0.1363867223,0.4374842644,0.2920314074,0
-0.1008148318,-0.08393556831,0.1360177575,-2.447303534,0.5885830522,-1.604589224,1.432744503,0
0.1904316159,0.01660475221,0.1203053944,0.08697616309,-0.1032660007,-1.1613065,1.63640964,0
-0.08036216058,-0.1241820266,0.3046085067,-2.145963907,0.5889818072,-0.7562522888,1.343031883,0
0.1997270846,0.3203585899,0.2455795738,1.013310909,-0.8222104311,0.9188327789,0.4062104821,0
0.09245456413,0.01314614349,0.4052920101,0.1411979944,0.573304534,0.7632138133,-1.195113301,0
0.163420995,-0.06890156671,0.1613167823,-0.3990491927,0.3341854811,-0.1815487742,-1.378087282,0
0.06929993936,0.1956069425,0.390507905,1.230539203,0.03930803388,1.035256147,-1.013338685,0
-0.1472222793,-0.3065983593,0.3239879967,-2.018462181,-0.6440435648,0.9951848984,0.3546268642,0
-0.01803105601,-0.4108013147,0.1198927035,-1.614660501,-1.284484506,1.209609509,0.22120969,0
0.03405811093,0.152108582,0.3253696383,1.350544214,0.8813154101,-0.5087898374,0.1740048975,0
0.2759492389,0.1995321662,0.100298578,0.6261326075,-1.638768673,1.2463063,1.451353073,0
0.2498658045,0.06196919035,0.255420017,-2.898580313,0.7854587436,1.503307343,1.727345943,0
0.3313276718,-0.0620904936,0.07794661023,-0.1853507161,-0.7109779119,-0.05379585922,0.778994441,0
0.02638087477,0.11137234,0.1312434311,-1.803380609,-2.181661606,-1.163149357,-0.8650263548,0
-0.04020309551,-0.3861318334,0.2204414687,-1.674540043,-0.898665309,0.965790391,0.3250538409,0
-0.09763323999,-0.1907689214,0.3753327144,-2.043849707,0.07136632502,0.9240614176,-1.016904593,0
-0.03304615894,0.2454149127,0.1082685075,1.704660296,-0.01111595705,-0.2380040884,-0.7171109319,0
-0.01082756893,-0.2139678823,0.2050466533,-1.621354222,-0.05168590695,-0.7585313916,1.7001127,0
-0.3237121871,0.2113396535,0.07249741347,-0.5784173012,2.008651257,1.437072992,-0.8303738236,0
0.1092234013,0.02920957745,0.02606805895,0.2613350451,0.1218535379,-0.836060524,-1.027610302,0
0.1480431292,0.3327189721,0.1853913369,1.152150512,-1.290321827,1.166308641,1.087602973,0
-0.3576517484,0.09187393206,0.1015739324,2.890402317,-0.8290615082,0.7868109345,-0.6158935428,0
-0.236077058,-0.133488629,0.3114761742,-2.627206326,-0.2625492215,0.1678969562,1.211394191,0
-0.1861278402,0.2255992934,0.3778355847,2.260618687,-0.3929285705,0.8656725883,0.3997819424,0
-0.02862491685,-0.02459537186,0.1468562985,0.7098366022,-0.9744755626,-1.420137405,-1.883995295,0
0.2286144456,-0.08336089493,0.1624869674,-0.3502353728,0.303699553,-0.5075715184,-0.2187818885,0
-0.1884278906,0.3181587446,0.159445942,-1.036097884,1.884294271,1.320061207,-0.9677372575,0
0.1097149785,-0.07361525578,0.2547531904,-0.5909494758,0.3656455874,0.4324338138,-1.962629676,0
-0.1222108778,0.06680024775,0.4413627478,-0.5002245903,0.2876375914,1.415824771,1.078155756,0
-0.0959287098,-0.1542988232,0.4670604149,-2.127024412,-0.1393115669,1.052138209,0.3096241057,0
0.002734737032,0.2995419414,0.09142438592,1.561762333,-1.784594178,1.380721331,1.792191744,0
0.1921324662,0.342275724,0.2061988054,-2.082303762,1.631307602,1.339086533,-0.4032447338,0
-0.138203113,0.1773372707,0.02613654063,2.232993364,-0.512624979,-0.8901634216,1.200751305,0
0.2013921061,-0.1350396028,0.08522097748,-0.5906727314,-0.3449846506,-0.8310089111,1.29698205,0
-0.1091912618,0.3115368052,0.2871499661,-1.233682275,1.389115572,0.7595841289,1.001460075,0
-0.2764967211,0.141811239,0.06730003607,2.667714357,-0.4483454823,-0.03315745294,-0.2291316241,0
-0.2024827239,0.1934419405,0.3018182441,-0.7628347874,1.354877234,1.563103437,-1.426536798,0
-0.09372045392,-0.04001358721,0.07644886626,-2.739856005,-0.1461681724,-0.4022467732,-1.872926235,0
-0.04694166635,-0.3643819269,0.1782888085,-1.698952317,-0.5638663173,0.443585515,0.06000160798,0
-0.1822627255,-0.09082486473,0.3281584662,0.4622762799,1.892060041,0.2389570773,-0.7609021068,0
0.1876657374,0.0688212242,0.4308328875,0.351391077,0.04363460094,0.9993260503,-0.5764694214,0
0.2507223132,-0.0517827289,0.1962276103,2.937891483,2.127815247,-0.453849107,1.616585255,0
-0.05103101312,0.09974234632,0.3311516767,2.043703318,0.4343861938,-0.5261075497,1.804244399,0
0.150965952,0.1436343535,0.050142203,0.7604740262,-0.7161759138,0.4357371926,-1.847243905,0
0.08452359336,-0.3614955585,0.1659304188,-1.341205835,-0.7872716784,1.020490646,-0.7312115431,0
-0.02123407762,-0.3534943547,0.2752185064,-1.630794048,-0.5624183416,0.9796128869,-0.375934124,0
-0.2475143538,0.07194687771,0.3227554452,2.858739138,-0.04715539142,0.7993843555,-0.9975847006,0
-0.06172716682,0.2433871284,0.04080225614,-1.322416067,1.527852416,1.570796371,2.069087505,0
0.07605608379,0.2024723001,0.2060213247,1.210938215,0.5957123041,-0.6989964843,0.03968929872,0
-0.05459143967,0.03211332107,0.2244418438,2.609727859,1.431619287,-0.5116232038,-1.4038589,0
-0.2297111048,-0.2077524085,0.2655308401,-2.406384706,-0.3272343278,0.8689017892,-0.9377433062,0
0.1642493483,-0.3648222542,0.1660783968,-1.147761822,-1.053109527,0.9648802876,0.3911143243,0
0.1151484324,0.1649636558,0.2960127596,0.96138978,-0.04632977396,-0.2716950178,1.759670854,0
-0.1950708647,-0.1921878929,0.3177245833,0.7779533267,1.628735542,0.1385176182,1.014062047,0
0.2044567542,-0.117862346,0.3437319534,-0.5236825347,0.08070205152,-0.02277594805,0.950553298,0
-0.04768747389,0.05709069924,0.1446717423,2.266638279,0.8648232818,-1.905483961,1.793897867,0
-0.2461755323,0.1665333661,0.02574482492,2.546137571,-0.6766254902,0.2650524378,-0.7744374275,0
0.1118011156,0.2752060404,0.1740513526,1.184932351,-0.2448917776,0.3872198164,-0.9322462678,0
0.1755779355,0.1943389449,0.3665076813,0.8360570073,-0.2268570811,0.4546395242,0.901254952,0
-0.118739286,-0.1976700171,0.4392141305,-2.111726522,-0.230364576,1.171303868,-0.1608504206,0
0.2340268609,0.2029508488,0.3343163785,0.7143694758,-0.341740191,0.9871948957,-0.5245563388,0
-0.1777212629,-0.06976974505,0.2426370334,-2.768137455,0.06374108791,0.6082722545,-1.806116581,0
0.066234416,-0.2123162912,0.06083341157,-1.268425107,-0.3574099839,-0.9632489681,1.295593143,0
0.00569588321,-0.1064545835,0.1392052378,-1.516854048,1.814177632,-1.29675591,-0.8363621235,0
0.3891972274,-0.01525923033,0.1428012456,-0.03918880969,-0.8482768536,0.6296799183,0.2604815066,0
-0.2420226273,0.3335606337,0.1147301331,-0.9431126118,1.711656809,1.479095697,-0.1899818927,0
-0.07833254697,-0.2395380248,0.2648237068,-1.887075424,0.3177869022,-0.3102011681,0.2046300769,0
0.1565959616,0.05835016864,0.1378820065,0.3570057154,0.3699428439,-0.3421161175,-1.321708202,0
-0.002073177266,-0.01356543227,0.2861818796,-1.738766313,1.087855101,-1.115986228,1.963138103,0
-0.1281513448,0.2976691064,0.3383413739,-1.164262772,1.359137177,1.199800849,-0.4286401868,0
-0.1314774004,0.2476617987,0.2248641024,2.058838844,-0.2711373866,0.765974462,-1.310519218,0
0.06616682356,-0.1926348796,0.3560845089,-1.23994112,0.2504144311,-0.1443897933,0.9834825397,0
0.03264017871,-0.2378923501,0.4163258514,1.707166314,1.103043675,1.196738005,-0.5478832126,0
-0.1651789144,-0.2936828096,0.1130489691,-2.083231211,-0.5327851176,-0.06439893693,0.5746216774,0
-0.03470810636,-0.2408153631,0.2670724337,-1.713789225,0.207668364,0.2445272952,-0.8818897605,0
0.3426555689,-0.2144504726,0.1019285005,-0.5592095852,-1.092218995,0.9675470591,-0.05992830917,0
-0.2103712162,0.3355651383,0.1513084785,2.130772591,-0.9538828731,0.7764163613,0.3566799462,0
0.2350224273,0.005379159727,0.3965433355,0.02288380079,-0.1422346234,0.5119081736,0.8469540477,0
-0.117996004,0.0829776269,0.1071590778,2.528706312,-0.289167583,0.03537457064,-2.094395161,0
0.3887672152,0.004590578158,0.1169903085,0.01180780306,-1.02410996,0.6380663514,0.6340479851,0
-0.216974301,0.1889372606,0.08924376606,2.425173998,-0.2344832718,-0.1917861551,-0.2982010841,0
-0.3250871767,-0.09704383939,0.08764840813,0.2900951505,2.181661606,0.2340907753,1.342097163,0
0.3749900652,0.02739263951,0.1190925912,0.07291826606,-0.7477018237,0.4189648628,0.2057682574,0
-0.2195141296,-0.2164029792,0.1051736649,-2.363305092,-0.2918087244,-0.112697497,-0.1377677619,0
-0.1836913024,0.02965089375,0.22437724,-0.1595370322,2.002189159,-0.8072746992,1.895852089,0
-0.001479131088,-0.298619058,0.07595354064,-1.575768948,-0.9265320301,-0.1454655826,1.598852754,0
0.2991086291,0.2128135703,0.07378135503,-2.523245096,2.083168268,1.411644816,-1.093081594,0
-0.2280355791,-0.1241417349,0.1572059276,-2.643223286,-0.6868634224,-0.2375868112,1.980715394,0
-0.25733174,0.2566347187,0.1578347643,2.357449532,-0.5559227467,0.4044745862,-0.05671525747,0
-0.1906991978,0.1013899353,0.1354162114,2.652930021,0.2249804139,-0.3073859513,-0.9190042615,0
0.09332679117,-0.3298050717,0.1600400057,-1.294931531,-0.6795612574,0.1326910555,1.040822029,0
-0.1592961974,-0.2978477486,0.02752386241,1.079678893,2.181661606,0.4923451841,1.409378529,0
-0.06243141608,0.1339792006,0.1160364175,2.006690502,0.5163546205,-0.5913929343,-1.21042788,0
0.2981485906,-0.1008929259,0.2671730788,-0.3262502551,-1.103909731,1.212293506,1.298412681,0
0.13016587,0.1504140399,0.269643602,0.8574696183,0.7071855068,-0.5461714864,0.02835942432,0
-0.08093058226,-0.1068095872,0.2589054077,0.9223525524,1.90256834,0.2927671373,-1.765176773,0
0.2184257298,0.0149872847,0.2746465255,-3.073087454,1.733134866,-0.3515696228,1.668444633,0
0.1490660065,-0.1989005007,0.2442374465,-0.9276458025,-0.07317076623,0.6379739642,-1.381672263,0
0.09506765814,0.1902773818,0.4001639688,1.107447624,0.1953057945,0.2615475655,0.4473257065,0
-0.06852204971,-0.00245239441,0.306380748,0.03767992929,1.390163898,-0.8808611631,1.877100348,0
0.05507324905,0.2906618287,0.1104605137,1.383647203,-0.305883199,-0.437912941,0.7041304111,0
-0.2018515706,-0.3467632448,0.07570282774,-2.097952366,-1.191142917,0.8465158343,0.3617518544,0
-0.2585095883,0.2495276856,0.02295851082,-0.7677204609,2.134484291,1.570796371,-1.154756188,0
-0.142371731,-0.1159800657,0.3345568422,0.6835899353,1.667471886,0.5773822665,-1.227750063,0
0.3040567832,0.1211992988,0.09208501846,0.3793832958,-0.4596220851,0.08378894627,-0.2175448388,0
0.1875017199,-0.04970846925,0.2269470921,-0.2590998709,0.2673475742,-0.8947069645,1.463435411,0
0.03044310474,-0.188419055,0.1394485672,-1.410582662,-0.2403752804,0.3401807845,-1.937654018,0
0.1600961852,0.1522074123,0.2419677456,0.7601434588,0.2510025501,0.2042799294,-1.157917976,0
0.07849746918,0.2496741115,0.08814868373,1.265565753,-0.5601724982,-0.619377315,1.496179223,0
-0.3196237111,0.0003399441413,0.3498267067,-0.001063723117,1.216289639,1.013514996,0.4645705819,0
-0.1723452943,-0.06070689018,0.4240744051,-2.802922249,0.02604049072,1.199443698,-0.9438082576,0
-0.1065214391,0.06568171363,0.4713396819,-0.5525096655,0.8835315704,0.6180282831,0.5007888079,0
0.008541191042,0.1798365555,0.2139940476,1.523341656,0.1033793539,-0.9317567945,1.836770654,0
-0.2383473031,-0.07567113838,0.3320153151,-2.834677696,0.2309855223,0.1789204776,-0.177364096,0
-0.3574599684,0.1083168985,0.1545772911,2.847349644,-0.7469991446,0.8536685705,-0.5597370267,0
-0.08906466135,0.3800828863,0.06087313114,-1.340624571,2.100708008,0.7457356453,0.670830667,0
-0.3918327516,0.1276504896,0.0877930573,2.826657295,-1.313363433,1.247533679,-0.05697644502,0
0.07437110457,-0.04582478547,0.1702005808,-0.5522776246,0.7413390279,-0.3682592213,-1.855604291,0
-0.3191416626,-0.2070969891,0.04707291344,0.5756196976,2.048459768,1.507421255,-0.9071348906,0
-0.2217572238,0.2885697517,0.03758419675,2.22601366,-1.028798699,0.3109039664,0.6643907428,0
-0.04549747549,-0.1561410058,0.3143483092,1.285705924,1.834798336,-0.6405154467,1.230389237,0
-0.08363961678,0.04084604874,0.3915752406,-0.4542192817,1.130320668,-0.2056524307,1.428211451,0
-0.2308450126,-0.1548688364,0.310826118,-2.550680161,0.02462870441,0.05263531208,0.4817320704,0
0.02699203486,0.1985529161,0.3555778426,-1.705909491,1.226655841,0.1694611758,1.535341024,0
-0.2549527455,-0.2343200491,0.1006344666,-2.398338318,-0.748048842,0.745968461,-0.8704770803,0
0.07822405935,0.2701486589,0.1535573464,1.288451433,-0.275637269,-0.4979790747,1.148759127,0
0.02712737925,-0.3840270126,0.2114297736,-1.500274181,-0.8455587626,0.8203312159,0.4134244025,0
-0.09808323165,-0.1810820171,0.4094774163,1.074359655,0.9206056595,0.7087480426,1.127799034,0
-0.08332130904,0.2727781871,0.2770710167,-1.274240613,1.530092597,0.2841613889,1.455774784,0
0.1374225498,0.125471951,0.3754223549,0.7386844754,0.1835771501,0.8983720541,-1.177341223,0
-0.2444115784,-0.2317896091,0.3396160525,-2.382693768,-0.676358223,1.251812458,-0.0240932405,0
0.08728268413,-0.311088194,0.261323774,1.844335437,1.514698386,1.506557703,-1.22197938,0
-0.2299240015,-0.07469769932,0.3413830141,-2.827500343,-0.005359211937,0.8568626642,-1.039594293,0
-0.2284512787,0.09577692205,0.2976765097,2.744883776,0.09380687773,0.5309511423,-0.9864780903,0
-0.3904415334,-0.001884373662,0.0995129504,0.004825347103,1.996817589,0.7332887053,0.7204743624,0
-0.2968411055,-0.2197025104,0.2175392757,-2.504435062,-0.6820587516,0.5631631017,0.5346620679,0
-0.3268697743,0.1838896486,0.269788099,2.629144192,-0.959523201,1.269284487,0.2693166137,0
-0.230825374,-0.3110634304,0.2171163601,-2.209192753,-0.8523139954,0.8926451802,0.3060464263,0
0.0002728050712,0.08489776527,0.445184297,1.567583203,0.4832162559,0.1753439903,0.9362800121,0
0.1628715469,0.09057181526,0.1024688324,0.5075180531,-0.0007941704243,-0.1641521007,-1.407224417,0
-0.1893688558,0.1233077862,0.08029467058,2.564564228,0.1395231783,-0.8212886453,0.1193296909,0
-0.1987778178,0.1806108616,0.2022649594,-0.7375751734,1.991063118,-0.26126948,1.663137674,0
0.0133318265,0.2824065641,0.1342237381,1.523675919,-0.0907528773,-0.5009779334,0.4894814193,0
-0.2865271634,-0.2390228109,0.1286717598,-2.446310043,-0.9068071842,1.080254316,-0.8159185052,0
0.2689047424,-0.2788002089,0.189651003,-0.8034632206,-0.8271740675,0.7334252596,0.3588369489,0
-0.2417394434,-0.03563942374,0.04258391587,-2.99521637,-0.5103402138,-0.779034555,1.198632479,0
-0.04433476215,-0.1063462656,0.1579357605,-1.965908766,0.2807123363,-0.145442158,-2.008402824,0
0.2058102964,-0.2627053235,0.16407531,2.23551774,2.126845837,0.9451289773,-1.126984954,0
-0.222074713,-0.1796687389,0.2829700416,-2.461359978,-0.6995773911,0.5978214145,1.534773827,0
0.178384856,0.1454864694,0.09400974107,0.6842029691,-0.4376336336,-0.8561546206,1.621887565,0
-0.1599692571,0.3020781538,0.09159640654,2.057916641,-0.6302061677,-0.01777031273,0.5780507326,0
-0.2181553181,0.1731155335,0.1591408378,2.470801353,-1.655085325,1.570796371,1.83344996,0
-0.002299682157,-0.357366852,0.1045754977,-1.577296972,-0.6378269792,0.1792208254,0.2739743888,0
0.03816659903,0.2077797514,0.3729384134,1.389224768,-0.008531734347,0.1703169942,1.194522381,0
-0.1181354248,-0.2143574624,0.4133280611,1.06709516,0.942086935,1.523057818,-0.7029070854,0
0.2591312558,-0.1540567586,0.3596992679,-0.5364032388,-0.3475042582,1.040929914,-0.3901720643,0
0.1787259114,-0.1064855385,0.3756452134,-0.5369700193,0.1456326842,0.05453824997,0.970765233,0
0.3152742546,-0.2484022314,0.1399111651,-0.6673112512,-1.070987821,0.8884878159,0.4048005044,0
0.07340263579,-0.1157858459,0.4571981322,2.135805845,0.8161304593,1.319295406,-0.8715900779,0
0.304946762,0.02990974343,0.1257327744,0.09777163714,-0.7370563745,-0.1315359175,1.488003135,0
0.1194340314,0.04037905092,0.2740457669,0.3256617188,0.6865244508,0.1472176611,-1.535280108,0
0.1909973835,0.1028742389,0.2058690872,0.4940425754,0.2849872112,-0.0006221393123,-1.109348536,0
0.03788445087,-0.3451838073,0.04602609501,-1.461482167,-0.7860124707,0.4160938263,-0.391278863,0
0.0275748402,-0.01053452744,0.4194546348,2.773116112,1.022204518,-0.1936164945,1.070482373,0
-0.1994639708,0.180946653,0.1836133299,-0.7367589474,2.001497984,-0.230847761,1.776396632,0
-0.239542937,-0.005199991212,0.228925372,-3.119853497,-0.2085884064,-0.4309541881,1.684893608,0
0.1497354118,0.06729335149,0.2248425528,0.4223285317,0.03930754215,0.5753104091,-2.086604118,0
-0.2608159542,0.2083270221,0.08473675484,2.467612267,-1.6127491,1.095602155,1.560975432,0
0.1948714655,-0.2093167371,0.1479025339,-0.8208698034,-0.04816940799,-0.4330657721,0.3497737944,0
0.08780133267,0.1620201812,0.2505248484,1.074208736,0.6670650244,-0.2368869334,-0.8320049047,0
-0.01394338077,-0.3803589024,0.02853323136,-1.607443452,-1.306760907,0.6716239452,0.7490348816,0
-0.1567792193,-0.08943791071,0.3013189794,-2.62319231,0.4820149541,-0.6407363415,1.144886971,0
-0.03739398188,0.008716712092,0.2556728049,-0.2301334739,1.434989572,-1.294122219,2.082622528,0
0.2170779974,0.004347021436,0.05038509773,0.01973680966,-0.05708281696,-0.5068650842,-0.5766968131,0
-0.06821418815,0.2642435301,0.2042762202,1.823436379,0.1657358259,-0.3201307058,0.04296630993,0
0.03745854966,0.1534990316,0.1791590123,1.331331968,0.3406775594,-1.281371593,1.644151807,0
0.0712538024,0.3090555035,0.1782814429,1.344222546,-0.2789582312,0.3501776159,-0.6515535712,0
0.2364644012,-0.2876785449,0.1185151751,-0.882696867,-0.7084353566,0.3891548514,0.1374413669,0
-0.1138116414,-0.346160556,0.2973015299,1.253146887,1.279869199,1.340748429,0.04400552809,0
-0.1756100985,0.2786518989,0.2999451977,2.133135557,-0.3214022815,0.5424157381,0.1505558342,0
0.1242024145,0.2440111117,0.2628733583,1.100003123,-0.1988902688,-0.1457976848,1.248656273,0
0.1393584434,-0.09338367934,0.4258283844,-0.5903737545,0.1076704934,0.3718420267,0.9773660898,0
-0.005277253875,-0.2792212736,0.2014926491,-1.589695811,-0.4040204883,-0.2520676851,1.508817554,0
0.3816192306,0.139713156,0.1432159046,0.3509506285,-1.081589341,1.026923418,0.1300164312,0
0.1761558938,-0.2161294133,0.3950633048,2.254644632,0.9068690538,1.237879872,0.5097910762,0
0.03407214029,-0.01594894094,0.2400658034,-0.4282703698,1.347661734,-0.2547388673,-1.687666059,0
-0.04260287575,-0.1187477603,0.4055486174,1.226266026,1.313152432,0.6289997101,-0.9466750622,0
-0.1226125657,-0.03875502456,0.1633965619,-2.835453033,0.3148839176,-0.1159603149,-1.886952996,0
0.08580919846,-0.2715187685,0.2225171015,-1.264678955,-1.371612191,1.43395865,1.675869942,0
0.2384010928,-0.06856830609,0.3356903264,2.861536503,1.86534369,0.05951705575,0.1407663971,0
0.04153355869,0.0794005895,0.2186278411,1.088943839,0.5880433917,-1.388299465,2.083211184,0
0.09296348343,0.2198426979,0.2697831964,1.170434356,0.01361659169,-0.3909260333,1.335207462,0
0.08254376627,0.03960561645,0.2699240208,0.4483875632,1.524165511,-1.178988576,0.4874477386,0
-0.152275692,0.2430690038,0.2007536135,2.129911184,-0.09712541103,0.287460804,-0.8378273845,0
0.1515936875,0.2410130029,0.3093183243,1.009345412,-0.1952605993,0.1502926797,0.9262107015,0
0.1249718786,0.2257951044,0.2855679331,1.065149546,-1.147951245,1.435127139,1.604482889,0
-0.2415420237,-0.08476482464,0.2416329168,-2.804160118,-0.2084483951,-0.3113946617,1.503785491,0
-0.0441553508,0.124171156,0.2149237949,1.91245389,0.6849623322,-0.1482377499,-1.540982366,0
-0.2933524871,0.1744081873,0.1611409613,2.605200768,-0.5986086726,0.0715572387,0.9207907319,0
-0.2636894487,-0.09612265246,0.3594264686,0.3494566679,0.9265851974,1.129256845,0.9911056757,0
0.1678225087,-0.2519805893,0.04750018015,-0.9827479124,-0.892490983,-0.2196938843,1.347523212,0
-0.1293663767,-0.1011342479,0.2870509933,-2.478072405,0.5533180237,0.1913251579,-1.274794698,0
0.01147741732,-0.1106903978,0.2825354435,-1.467493415,0.3671262264,-0.7835813165,2.094395161,0
0.3807369256,-0.04452958706,0.123423522,-0.1164274141,-1.130174994,0.7257193923,0.8798565865,0
0.3375236976,-0.163236009,0.09142811838,2.691127777,2.111766815,0.5126910806,0.9046487808,0
-0.08856195892,-0.2415174227,0.1875468299,-1.922180653,0.2304180264,-0.2952277958,-0.3403735757,0
0.2038730258,0.1634585136,0.1166986911,0.6759526134,0.05352153257,-0.5644460917,0.1001436338,0
-0.3324650867,-0.01254648133,0.03014786212,-3.103906393,-0.8926789165,0.6404699683,-0.8326884508,0
0.06323143679,-0.3240004273,0.1349493658,-1.377811193,-1.529462934,1.212513328,1.552732468,0
0.2438422399,-0.1488995862,0.1046654655,-0.5483082533,-0.1931194812,-0.4897475541,0.461897999,0
-0.2999825917,-0.118365525,0.2575345407,0.3758206367,1.855317354,0.2003843486,0.8482041359,0
-0.06110927044,-0.186601058,0.4211577056,-1.887295127,0.2456332445,0.5170601606,-0.1073928326,0
0.135148607,-0.1796278014,0.1216860448,-0.9251758456,-0.09429492056,0.05083160102,-1.313716531,0
0.07790549006,0.0989362703,0.3041930269,-2.237845898,1.849774241,0.1755445451,-1.340413094,0
-0.3150293807,0.08078438304,0.3112687905,2.890565872,-0.3245358765,0.7416000366,-0.2238246053,0
-0.1117085258,-0.1749508761,0.08862532048,-2.139054298,-0.6896100044,-0.8315823078,2.094395161,0
0.03993303481,-0.2753148519,0.3933045783,1.714840651,1.015569448,1.499109745,-0.5506186485,0
0.2681306221,0.06584796438,0.2152556733,0.2409603298,0.1428666413,-0.324137181,0.20980753,0
0.2343070357,-0.03624962836,0.2007204113,2.988099575,0.8954715133,1.570796371,2.08124876,0
-0.293813652,0.03466563944,0.07285201867,3.024183035,-0.6538859606,0.5520455241,-1.197488904,0
-0.1484726246,-0.2698285281,0.2682302543,1.068059683,1.967792392,0.571218729,-0.6310285926,0
-0.1391277802,-0.09024173487,0.2976415439,0.5753921866,1.772428632,-0.6531177163,1.529966831,0
0.1085311411,-0.04462804301,0.473171483,-0.390217334,0.2373706996,0.6173804998,0.553085506,0
-0.2652996085,-0.1871834006,0.1723406113,-2.527117491,-0.3791034222,-0.1115892529,0.7587234378,0
-0.2195892423,-0.02760887453,0.2915811201,0.1254140139,0.6562697887,1.420941234,1.845976591,0
0.02864218259,0.03396117487,0.1441662398,-2.272595882,-1.625239611,-1.315676212,-1.582616687,0
-0.06686650544,-0.1138111451,0.09652975797,-2.101984978,0.6688643098,-1.671211362,1.081599712,0
0.1646983238,-0.03329249635,0.2115564788,-0.1994525492,0.4257393777,0.01588571817,-1.496587157,0
-0.3282692269,-0.1970462297,0.1384180876,-2.600981712,-1.106518745,0.7496239543,0.879820466,0
-0.03823723956,-0.07791164873,0.3630493708,-2.027426958,0.6929354668,-0.5135571957,1.439274549,0
0.1008051325,0.2658935962,0.222491565,1.208497524,-0.2042224109,0.6128009558,-1.141928196,0
0.3397218755,0.01326293406,0.1820049908,0.0390442051,-0.3604552746,0.329957664,-0.2886897922,0
0.061360417,-0.03094389333,0.4837362067,-0.4670780301,0.3856051266,1.026639223,-0.545907557,0
-0.1329417094,0.2655782502,0.3374110619,2.034905195,-0.2866170704,0.4591147304,0.6775101423,0
-0.1645630275,0.02895568259,0.285752099,2.967419624,0.5216103792,0.2200267613,-1.298337817,0
0.1302028814,0.01956665118,0.4166980053,-2.993015528,0.9536500573,1.288020849,-1.332008481,0
-0.1441126362,0.08361303211,0.3987477541,-0.5257698298,1.206854701,0.1111449152,1.17538321,0
-0.1987495527,0.01107844414,0.1518610319,3.086002588,-0.2002650648,-0.9760197997,1.878379464,0
-0.1708131457,0.2897803257,0.239878318,2.103428125,-0.4713760912,0.2620168924,0.797708571,0
-0.07106341367,0.211990497,0.4260167955,1.894244075,-0.04290135205,0.669506371,0.3666906953,0
0.08454497431,-0.010923837,0.4060860052,-0.1274827719,0.2045623064,0.2448375672,1.681867361,0
0.1960325835,-0.1922163418,0.03081521638,-0.7755938768,-1.328050256,0.09428301454,1.981934428,0
0.08029813808,0.02121255489,0.2919540048,0.2583055198,0.7736361623,0.3101397753,-1.774725556,0
-0.015754195,-0.08626091136,0.3947844186,1.390636683,1.425786972,0.2843147218,-0.8036248684,0
0.04123891184,0.2714130451,0.2794001665,-1.721963286,1.760601878,0.9403233528,-1.25143826,0
0.08335260247,0.2269340789,0.07504557011,1.218947053,-0.5604684353,-0.7584661245,1.580212355,0
-0.0006634406501,-0.186059528,0.40625566,-1.574355602,0.3384698927,0.5232166648,-0.4660382867,0
0.03936559354,0.02461300939,0.1230482538,-2.583872557,-0.3389294744,-1.384678245,-2.009435892,0
0.2223129407,0.0774844003,0.09940880871,0.3353740275,-0.03155811504,-0.911067605,0.8791761398,0
0.1267807954,0.05696536741,0.02423230869,-2.719300747,-1.740816951,-1.21810925,-0.1894770563,0
-0.04687261683,-0.2435639197,0.3743926563,-1.760920882,-0.05440500379,0.3203562796,0.7533679605,0
0.1593044566,-0.2429039594,0.06473188979,-0.9903215766,-0.3448430002,-0.3873066902,0.2727299631,0
0.2072463184,-0.1314230339,0.4300264147,-0.5651443601,-0.3181583881,1.095306516,0.1977008283,0
0.0279841313,0.1977862009,0.454667629,1.430242777,-0.1419475228,0.9622741342,0.3411973119,0
-0.02212923567,0.04709074582,0.3433163803,2.01009798,0.490888387,-0.3603392541,2.094395161,0
-0.2449977555,0.09954490934,0.2637865724,2.755658627,0.1877317727,-0.290815115,0.4650815725,0
-0.1512497273,0.1532739546,0.1103547536,2.349544764,0.3363806605,-0.7111463547,-0.3134236038,0
0.05751133384,0.09328028341,0.2730082658,-2.12326932,1.688852549,0.3806975484,-1.894159555,0
0.3688222244,-0.09595477622,0.0258049112,-0.2545234859,-1.267533779,0.6389276385,0.6592624187,0
-0.2178987647,-0.01001261799,0.3177420049,-3.095674276,0.1980860531,0.5734664202,-1.120930672,0
0.2449168037,-0.240682972,0.1860623855,-0.7766619921,-0.3885893822,0.126208514,0.3441822231,0
-0.05339840262,-0.009214905393,0.4529616397,0.1717433631,0.8078475595,0.242453441,1.026165247,0
-0.1520359583,-0.269698165,0.07116724192,1.057475924,2.181661606,0.1729390621,1.703139067,0
-0.08048288723,-0.09866218133,0.2058066745,-2.254205227,0.3515559435,-1.27720952,1.997127295,0
0.3311794227,-0.174200836,0.03459930237,-0.4842318296,-0.9930009842,0.5575029254,-0.05725565553,0
0.07044182541,0.05689122682,0.07455655809,0.6793785095,2.181661606,-1.538020372,-1.296150684,0
-0.1288301205,-0.2695434301,0.08647817524,-2.016654253,-0.2989923954,-0.167159766,-0.1759305745,0
0.03858960595,-0.1640641259,0.2658062505,-1.339789867,0.4069210589,-0.8451286554,1.516955733,0
0.145979095,-0.1749431775,0.1427462884,-0.8754230142,-0.1388770342,-0.8872071505,1.476320982,0
0.07556016853,-0.1255360987,0.06318360013,-1.028951049,-0.3075725734,-1.444602251,1.739108562,0
0.2283938498,0.0009592452652,0.3539811,0.004190829583,-0.04493838921,1.040617108,-1.187809944,0
0.01210012336,0.1020011606,0.342669321,-1.688866615,1.931042552,-0.6478288174,0.3885785639,0
-0.3600967532,-0.1358248191,0.2307711186,0.3606891632,1.508330822,1.450166225,-0.4553672969,0
0.03760260418,0.205794412,0.316073839,-1.751714349,1.154571772,0.3349559903,1.900614977,0
-0.1508688075,-0.1166774965,0.3801292838,-2.48335886,0.06367471814,0.1232250035,1.258474588,0
0.1458013351,-0.1492960727,0.3698541115,-0.7971811891,0.3542339206,0.3404532671,-0.4590789676,0
0.08491367116,0.2614215094,0.220070353,1.256725669,-0.3240485191,-0.2515949607,1.456764579,0
0.008430694039,0.2324251162,0.2619155654,-1.607249856,2.075681686,0.4151840508,-1.19797349,0
0.07402345014,0.09800397648,0.1670783091,0.9239050746,0.1823063344,-1.450386047,2.094395161,0
0.2809184827,-0.1513628273,0.2463765488,2.647627115,1.87934804,0.1410459578,0.9802941084,0
-0.03548891127,0.03518763515,0.05998896597,2.357810974,-0.56413728,-0.5992922187,-2.029106855,0
-0.1606911302,0.03154573075,0.2483750989,2.947751045,0.980384171,-0.6462271214,-0.3747970462,0
-0.109425508,-0.006955718805,0.4341191025,-3.07811141,0.4024594426,0.1489392817,1.008581758,0
0.07177154822,0.3225870452,0.06394494008,1.351828218,-0.8140408993,0.7165214419,-0.9981421232,0
-0.05377434472,-0.1651100823,0.1731654936,-1.885651827,0.4892860055,-0.2874612212,-1.237440705,0
0.2438596469,0.003644720477,0.365477023,0.01494495664,-0.05660238862,0.2414085567,0.9111404419,0
-0.1964391682,0.2196345452,0.04286481708,2.30052042,-0.4633479416,-0.3278904557,0.2731025517,0
0.2375116735,0.02712481256,0.2511851447,-3.027882099,2.113077402,-0.5181870461,1.214345574,0
0.2080312648,0.0727838594,0.09727091385,0.336799413,-0.3397656381,-0.9520425797,1.579262018,0
0.01984779413,0.06989096847,0.2993988327,1.293856621,0.6621941328,-0.8728048205,1.985430241,0
0.2175644362,-0.3352181348,0.1156141669,-0.9951165915,-0.998681426,0.9074057937,-0.1311918348,0
-0.1080640348,-0.3669279821,0.2263361065,1.284383178,1.611138821,1.320283413,-0.49049595,0
0.07235921346,-0.1203323805,0.2548451862,-1.029404521,1.212694883,-0.9462832808,0.08910889179,0
0.05611922247,-0.1581078077,0.3881738435,-1.229853272,0.5872626305,0.0396524407,-0.02714313194,0
-0.295909705,-0.1593939126,0.1120856555,0.4938588738,2.16208744,0.1572408676,1.327565193,0
-0.007030554428,0.1290943695,0.1226324579,1.627929688,0.03838854283,-1.55549407,1.941986799,0
0.02184965666,0.0918040322,0.1603377212,-1.804480433,-0.1051650047,-1.817110896,-2.003523827,0
0.03055958518,-0.1000629278,0.1765209975,-1.274341583,0.4166641533,-1.549376965,2.037887573,0
0.06873082285,0.1921059992,0.1039503029,1.227210641,0.2848397493,-1.11984694,0.6894614697,0
0.04264408053,0.1167904266,0.3670809916,1.221876383,0.4789788127,-0.3474248052,1.408661842,0
-0.3524522875,-0.112798834,0.2159249884,0.3097423017,1.711459517,1.293844461,-0.7658892274,0
-0.2703854074,0.2566673204,0.07578309092,2.382217646,-0.9920033813,0.3873358667,0.7226823568,0
-0.166944223,0.05013596228,0.08486380928,2.849263906,0.2087704539,-1.348542094,1.063373327,0
-0.02932417558,-0.3211204919,0.05317687243,-1.661812425,-0.7457481623,-0.1633076519,0.8769266605,0
0.331237166,-0.08838887298,0.2446517204,-0.2607528567,-0.5521093011,0.3852856755,0.8124989867,0
-0.1325478957,-0.1183786921,0.24647315,-2.412601948,0.1317097098,-0.7722512484,1.841501832,0
0.06455139047,0.2330227165,0.259022117,-1.841032982,1.843794823,-0.3191607296,1.551650643,0
0.3922989253,-0.05113796867,0.03953153645,-0.1296234429,-1.284799814,0.8238606453,0.4258686304,0
-0.03923785986,0.2339629401,0.1823025571,-1.404919624,2.174495935,-0.5903525949,1.787663698,0
-0.3502191398,-0.09583953931,0.05321119263,0.2672997713,1.594804883,1.421488166,1.092448235,0
-0.2264260889,-0.2039670368,0.148462601,-2.408095837,-0.9572575688,0.2400974184,1.771484137,0
-0.06093941726,0.2489553982,0.4262048178,1.810856342,-0.4573425949,1.331930041,0.03313606977,0
0.2302842235,0.1450529272,0.1162980073,0.5620669127,-0.1211519092,-0.09337410331,-0.6569446325,0
-0.05643956544,-0.2081412053,0.2332011572,-1.835588455,0.0560599044,-0.6816793084,1.55637753,0
-0.1101595249,0.3886110834,0.0609999663,1.847019672,-1.331647992,0.9930028915,0.39126876,0
-0.3382937119,-0.1908173886,0.1006174266,-2.628020287,-1.159096122,0.7239270806,0.7690857053,0
-0.3154612687,-0.2030494984,0.04511370402,-2.569670439,-0.9548563957,0.4930567443,0.06519583613,0
-0.2436456638,-0.003284831817,0.2421019449,-3.128214836,0.08542625606,-0.5358099341,1.164693952,0
-0.02018244673,-0.08619933731,0.4272931568,-1.799500704,0.738958776,0.3915939629,-0.5627125502,0
-0.2777956388,0.2995082558,0.1008240903,2.318601847,-1.2569561,1.062801003,0.3074359894,0
-0.0945720179,-0.1345071934,0.06507644215,-2.183673382,-0.1722352803,-0.2270114571,-1.492966175,0
0.04199048803,-0.1969747567,0.3861120929,-1.360765457,-0.6466403604,1.211473703,1.375711918,0
0.05715380273,-0.1855273477,0.1778338954,-1.271631718,0.1666588783,0.08682187647,-1.511595488,0
0.1315609088,-0.006094320735,0.2942857378,-0.0462901704,0.1965243369,-0.5437136889,2.094395161,0
0.2128366834,-0.1121113777,0.3091205023,-0.4841508269,0.1255008429,0.5475772619,-0.9875742793,0
0.1779567103,-0.2947076051,0.1889684281,2.113974571,1.997807384,0.2209216654,1.002379417,0
-0.07904585607,0.1260330036,0.4428517302,2.130985737,0.1894714236,1.07222259,-0.8336873055,0
0.1035135734,0.2433874879,0.2652235396,1.168600678,-0.1853897721,0.8558605909,-1.342679977,0
0.2740660426,-0.2686251409,0.05332988879,-0.775372982,-1.081636786,0.5467666388,0.4683906734,0
0.2127942997,-0.001623689757,0.2269921637,-0.007633936591,-0.1206748709,0.7412475348,-1.836533785,0
-0.02461834254,-0.1708198429,0.1418511391,-1.714824796,0.2696618736,-0.2168322653,-1.427018881,0
0.2490166893,0.02952885335,0.2317592665,0.1180327609,-1.335732102,1.490157127,1.892688394,0
-0.1288844223,0.3572891583,0.1993725614,-1.22459209,1.793233633,0.6965262294,0.6114639044,0
0.2366991143,0.3176109172,0.09594981054,0.9303431511,-1.027576923,0.709764421,0.2811229527,0
-0.1750479658,-0.1980103519,0.4190028885,0.8468723893,0.9418848753,1.302493215,-0.03207807243,0
-0.3028681665,-0.2192282543,0.2714008565,0.6265474558,1.431419373,1.132752895,0.2407977283,0
-0.3552077313,0.06819931583,0.2242929289,2.951903343,-0.6158625484,0.4818227291,0.5732491016,0
0.15792977,-0.2425435161,0.2375403326,-0.9936202765,-0.9468803406,0.7381863594,1.751498818,0
-0.005518196334,0.4007828146,0.06150727459,1.584563971,-1.170505762,0.8979593515,0.03052866459,0
0.3601781538,-0.03672641185,0.2513087673,-0.1016224474,-0.5702897906,0.6280748844,0.2953480482,0
-0.01775123889,-0.1912823231,0.1923809457,-1.662936568,0.274374634,-1.050879955,1.416185141,0
-0.1021812984,-0.2450035168,0.1801629906,-1.966097116,0.01416663826,0.08673782647,-0.862911582,0
0.2430352753,-0.2160159479,0.2152532833,-0.726601243,-0.4418722391,0.8229869008,-0.9651603699,0
-0.03082056796,-0.1090678581,0.2494892221,1.29539609,1.829414129,-1.115886688,1.937205672,0
0.1269969203,-0.08758451956,0.2239785423,-0.6035872698,0.3312719762,0.2345470637,-1.793094277,0
0.05106684153,-0.1925170705,0.2290712545,-1.311687827,0.2538118958,0.2342316806,-1.426601052,0
0.06038858348,-0.1383019009,0.03127662772,-1.159919977,0.0391850099,-1.411602974,0.9117097855,0
-0.1719993026,-0.2636683203,0.1716662414,-2.148848772,-1.36001277,1.096355438,1.677926183,0
0.06438778009,0.2691945717,0.3839998078,1.336020112,-0.4158496857,0.8481425643,0.6711061001,0
-0.2590932307,-0.04994979549,0.1922867392,-2.951581001,0.2177123874,-0.3772948384,-0.05422631651,0
-0.03014379708,0.1804681614,0.4007063296,1.736309171,0.4334478974,0.1412694305,0.1719624996,0
0.05956194339,-0.1253246652,0.3555929947,2.014335394,1.438569188,0.6995520592,-1.411291718,0
0.2752106526,-0.3046764251,0.1356799156,-0.8361675143,-1.237660408,1.208961487,0.1910393983,0
0.3185615326,0.2103824499,0.2210086514,-2.557931185,1.701171994,1.186665893,-0.4508337677,0
-0.2193198638,0.1563963589,0.3720938111,-0.6195239425,1.296207547,1.190541863,-0.7886663675,0
-0.08388900973,0.08228557239,0.1632935407,2.365846395,0.7648538947,-1.615134001,1.51004231,0
0.08097144447,-0.05150600645,0.2298842645,-0.5665383935,0.5518382192,-1.286118507,2.07195282,0
0.1630066394,-0.132245279,0.2086502632,-0.681430459,0.03244207054,-0.8078291416,1.627939105,0
-0.1428262349,-0.09345202146,0.2045135196,-2.562819958,1.004627109,-0.9851171374,0.02076400444,0
-0.2886855459,0.03800815904,0.3383184196,3.010939837,-0.301667273,1.083574414,-0.8030439615,0
0.273905333,0.1978169617,0.02014354788,-2.516116142,2.181661606,0.5298218131,1.400021315,0
-0.06038620751,-0.07974565223,0.4010635557,0.9225196838,0.7113012671,0.3791281581,1.738336802,0
-0.03292529307,-0.0466822485,0.1514520019,-2.18544054,1.168985128,-0.6687099934,-1.787945867,0
0.1921052476,-0.2795301857,0.1989173379,-0.9686723948,-0.5861868858,0.9623853564,-0.989171803,0
0.1287514064,0.05734046424,0.4001450146,0.4185721278,0.2889856696,0.01733130962,1.262542009,0
-0.1548213693,-0.1393498233,0.08765907674,-2.408739805,-0.06385815889,-1.1029526,1.169762135,0
-0.05729575378,0.2239840897,0.3877866399,1.821653008,0.03776864707,0.8522546291,-0.7011927962,0
0.2040365724,0.09580132064,0.06375796538,0.4389975965,-0.6027436852,0.4045767188,-1.683546305,0
0.06394710123,0.1857590137,0.09908802359,1.239249945,0.4090727866,-0.7813571095,-0.4365415573,0
0.2159186639,-0.2486706554,0.2375430045,-0.8557685614,-0.2852030098,0.5093690753,-0.4565344751,0
0.1415647256,0.05544729732,0.08475968498,0.3734103143,0.08464758098,-0.3808741868,-1.43664515,0
-0.0936649568,-0.3364180745,0.267903399,1.299214363,1.577047825,1.277945995,-0.7662184238,0
0.1503389724,0.09597043695,0.07899265203,0.5682547092,-0.5531618595,-1.139069796,2.021724939,0
-0.2811405754,-0.0196894273,0.1424722946,-3.071672678,-0.02679063566,-0.4541038573,0.2924558818,0
0.3108159269,0.2552146355,0.05115442026,0.6874822974,-1.411899328,1.420694113,-0.4651113451,0
0.0679798221,-0.05998868997,0.3872786354,-0.7228845358,1.015065432,-0.2802410424,0.1074736193,0
0.3335996768,-0.04213565243,0.2284641248,3.015935659,1.94368875,0.2109180242,0.8289964795,0
0.0625860897,-0.1321122013,0.1536804593,-1.126158476,1.095825553,-1.489732742,0.6614173651,0
-0.03229482019,0.2450113792,0.2944399247,1.701997519,0.06424897909,0.5838980675,-1.067331791,0
-0.3623826765,0.1624334231,0.1921635428,-0.4213874936,1.52469945,1.570796371,-0.4402323365,0
-0.152360795,-0.3212408662,0.05060822637,1.127928853,2.181661606,0.4621554613,1.18879652,0
0.2624415333,-0.1869698857,0.1606831516,-0.6190160513,-0.2662633955,-0.1120022982,0.3163399398,0
-0.2738287022,-0.06794374865,0.244883114,-2.898442507,-0.1270272136,0.5709713101,-1.0230515,0
-0.1432609473,0.287009475,0.3112992829,2.033771038,-0.529302597,0.6287267804,0.8191754818,0
-0.190901579,-0.267074206,0.1719627583,-2.191362143,-0.531009078,0.7871770859,-1.029645085,0
-0.2426032312,-0.2354637777,0.08731561717,-2.371124983,-1.304597139,0.593152523,1.534169912,0
0.06637228703,-0.01647801532,0.2113666225,2.898051977,-0.8117209077,-1.888538837,-1.656921148,0
0.01289222276,0.199676326,0.1192354885,1.506275415,0.2779584527,-1.161819339,0.9243615866,0
-0.1196793683,0.281045214,0.3624113642,-1.168216705,1.151502371,1.4545362,-0.5684198737,0
-0.25933375,-0.2062653584,0.08244933163,0.671908915,1.450812697,1.431910992,1.459216118,0
-0.1975023889,0.3329563827,0.1217893115,2.106184721,-0.9225983024,0.9574680328,-0.4899409115,0
0.05778116196,0.1995455188,0.3963447071,1.288941264,0.3011491597,0.282463938,0.05733810738,0
-0.1980096915,-0.04226528375,0.2627277974,-2.931470394,0.09981244802,-0.5961338878,1.621893406,0
0.07031040287,-0.06541640451,0.1043105033,-0.7493953109,0.126838237,-0.4377530813,-1.916010022,0
-0.1091804193,-0.1372111954,0.2308824985,0.8986667991,2.124041796,-0.9387546182,1.689991355,0
0.01840067113,-0.005682199233,0.4314611147,2.836943626,0.347312808,0.5940014124,1.625279069,0
0.06781907002,-0.07794143309,0.3398324796,2.288435936,1.452300549,0.5496773124,-1.545723438,0
0.123341844,0.1958481071,0.172806405,1.008923531,-0.128440544,0.3975420296,-1.552014589,0
0.03140128283,0.3148337133,0.1188623146,-1.670153499,1.34002471,1.396374464,1.623067737,0
0.3047988901,-0.01322153543,0.2918780218,-0.04335041717,-0.2261670828,0.7507798076,-0.7071024776,0
-0.3808822938,-0.01987923736,0.2461114533,0.05214552581,1.621116042,1.04942894,-0.02183510736,0
0.2048953769,0.2188134342,0.271830986,0.8182344437,-0.5046543479,1.293715239,-1.300462842,0
-0.04585520556,0.2470683373,0.348271654,1.75430572,-0.05305657908,0.1508234292,0.9369927049,0
-0.301041066,-0.09138476867,0.03222477804,-2.84620738,-0.649179101,-0.1880431175,0.4410854876,0
-0.04614881092,0.1749528513,0.2340724376,1.829085231,0.531449616,-0.06595356762,-1.183190227,0
0.1193146714,-0.2020903261,0.3901297347,-1.037457228,-0.004759494215,0.353712976,0.6957267523,0
-0.2820525602,0.04821161039,0.03748835389,2.972188711,-0.5952866077,0.2199851871,-0.862727344,0
0.1359639732,0.05530278156,0.07327775737,0.3862815201,-0.4956660271,-1.38404119,2.045192957,0
0.231177346,-0.1947134537,0.2045221911,2.441757917,2.037627459,-0.1025874615,1.299250722,0
0.094041616,-0.3983381548,0.05082077694,-1.338956594,-1.430767894,1.213300705,0.1309788674,0
0.272667587,-0.01241275191,0.09556841555,3.096100807,2.181661606,-0.09218707681,1.995156646,0
-0.1756148994,-0.3345314993,0.08889563234,-2.054154396,-0.8877544999,0.407188952,0.439896971,0
-0.1489679941,-0.2460874127,0.2380215721,1.026579261,1.837207556,1.064932585,-1.427583456,0
-0.231690389,-0.1418025257,0.3594364616,0.549221158,1.613741875,0.4323792756,0.08198238164,0
0.06196978279,-0.2006158854,0.03548408902,-1.271237135,-0.2515503764,-1.02418685,0.9326354265,0
0.3342749494,0.02227821663,0.2278812103,0.06656572223,-0.3049998283,0.1770358384,0.3421071768,0
-0.1826286162,0.03776329815,0.02524163804,2.937689781,0.05021072179,-0.9886217713,0.07607137412,0
-0.02091531609,-0.1140646746,0.1751075393,-1.752143621,0.2707103193,-1.467214704,2.093119144,0
0.2573633386,-0.2258369509,0.2035396749,-0.7202473283,-0.493383348,0.7640535831,-0.7520838976,0
0.3337742468,0.09054401831,0.02137976529,0.264898628,-1.222940683,0.3161226809,1.139044762,0
-0.2195965063,0.1408597924,0.2953276808,-0.5704575777,1.440824389,1.423148394,-1.564142346,0
0.1073801514,-0.1033749226,0.1243601197,-0.7661587,0.3790669143,-0.4118447602,-1.417065024,0
-0.140537152,0.02290856977,0.2572013993,2.980060577,0.8449189067,-0.210096091,-1.122580171,0
0.1894829891,-0.08165824946,0.1621680263,-0.4068057239,-0.1655855179,-0.9183604717,1.811432838,0
0.198203808,-0.1055848655,0.2889989337,2.652121067,1.71981287,0.8608923554,-1.519588709,0
0.1174731779,-0.001187505739,0.4211425348,-0.01105870679,0.2966665328,1.121007681,-1.243339777,0
-0.02686147198,-0.3889707723,0.04084907135,-1.63973546,-1.321535945,0.7891411781,0.6495931745,0
-0.1314212471,0.04948098417,0.2651017762,2.781488657,1.174566746,-0.9251522422,0.189053297,0
0.3034341113,-0.1848837958,0.179955111,-0.5473201871,-0.6431019306,0.2606628835,0.7966393828,0
0.1634986204,0.2854558711,0.3014586612,-2.090947866,1.442599297,1.352011681,-0.8314997554,0
-0.05094076161,-0.1028024434,0.4554885143,-2.030537605,-0.03907116503,0.8006169796,1.125506282,0
0.07687623545,0.006601241378,0.2445717115,0.08263139427,1.263182044,-0.3726269305,-1.362071872,0
0.3617851254,0.03124219289,0.1636619461,0.08606703579,-0.8348431587,1.163376451,-0.9514707923,0
-0.2986695618,0.1405946436,0.2129416069,-0.4400251508,1.83663702,0.2595879436,1.210759044,0
-0.1634381631,0.1814777663,0.1990356041,2.304003,0.06393791735,-0.6924778819,1.14522779,0
-0.357770812,-0.09782216303,0.08591300119,0.2671907544,1.978708267,1.527811408,-1.102582097,0
-0.2805378804,0.2329304252,0.02566517937,-0.6929449439,2.181661606,0.6195577979,1.050220966,0
-0.006561858233,0.07040168287,0.0756821826,1.666417122,1.78139925,-1.345233798,-1.402670264,0
-0.08209432354,0.3662287613,0.08641018103,1.791341782,-0.8916362524,0.3759937584,0.502735734,0
0.3816692614,0.04969003116,0.07150335423,0.1294274628,-1.178726077,0.6425326467,0.7583714724,0
-0.1955992694,-0.04951490439,0.1421760422,-2.893658161,0.2308764607,-0.2252016217,-1.15129137,0
-0.04770023016,0.279783228,0.3198013799,1.739662528,-0.1529218853,0.18405509,0.7947861552,0
0.2447273821,0.214130862,0.2053051005,0.7187892199,-1.311073542,1.22038269,1.452085137,0
-0.05517431737,-0.03419614561,0.1854546575,-2.586758375,1.66390276,-0.810364604,-1.341056228,0
0.2968332126,-0.1012365758,0.2477491828,-0.3287534118,-0.2148943245,0.02313306928,0.6442100406,0
-0.1174468068,-0.1253900305,0.1883098401,-2.323408365,0.02943545021,0.3360098004,-1.954315424,0
0.1953360018,-0.203337622,0.1651078393,-0.8052911162,0.03625886142,-0.3926765025,0.1913075447,0
0.3432645014,0.09960639642,0.3026217609,0.2824179828,-0.7855191231,1.133573651,0.2927690744,0
0.3853177992,-0.01111418664,0.1956171184,-0.02883604169,-0.8357379436,0.737059474,0.4379276931,0
0.008537319328,0.3617980101,0.1909280916,-1.594388962,1.802151322,1.319138288,-0.9868509173,0
0.09968701362,0.174487698,0.3563798107,1.051737428,-0.7431620955,1.225256085,1.6184659,0
0.2393131856,0.2268949024,0.2214980108,0.7587548494,-0.4313010871,0.1105218902,0.8642506599,0
-0.1403006672,-0.1910854744,0.0302845557,-2.204127789,-0.6471658945,0.2871496379,-1.384617686,0
-0.1057108364,-0.1028000508,0.308822894,-2.370165825,0.4801645577,-0.6827197671,1.509323359,0
0.1180213693,0.3174764292,0.05793146031,1.214898467,-0.7158523202,0.4114354551,-0.5361005068,0
0.080834443,-0.2151089801,0.2899962598,1.93029511,1.486809373,-0.00727697555,1.761457086,0
-0.04907805179,-0.05637261621,0.295791797,0.8544360399,1.393838644,0.5088415146,-1.987004399,0
-0.06940589863,0.2553126804,0.2800248946,1.83622849,-0.3842056394,0.1060192958,1.549537301,0
-0.09610178995,0.3544275065,0.2377585272,-1.306093454,1.240422726,1.325613022,0.7707529664,0
-0.3473196135,0.1379750434,0.1547108578,2.763464451,-0.7476772666,0.4077780247,0.5582914948,0
0.009687629224,-0.2170976979,0.2007011243,-1.526072502,0.2303703576,0.05668669567,-1.198021889,0
-0.1243577252,0.1028223593,0.06572300147,2.450706482,-0.4736356735,-1.302876234,1.894412518,0
-0.002372845437,-0.1955556273,0.04806612406,-1.582960606,-0.6875161529,0.3428213298,-1.859623313,0
-0.2391705578,0.151125353,0.2200018875,-0.563583076,1.974775314,-0.1777651906,1.433320761,0
-0.02477390812,-0.1863826713,0.3868952176,-1.702920318,-0.5691318512,1.108731866,1.479265571,0
-0.1422432866,0.2544601846,0.2846803819,2.080885172,0.02627085149,0.1155117005,0.05528867617,0
0.2456251065,-0.3114716074,0.1626898959,-0.9030503035,-1.355829597,1.345249534,0.569109261,0
0.003005687456,-0.2503467108,0.2931527449,1.582833529,1.918095827,0.5216541886,-0.9827844501,0
-0.01603694701,0.2122573848,0.08478603239,1.646207094,-0.07057441771,-0.2046597749,-1.105805159,0
-0.1914419171,-0.1894739459,0.08682646821,0.780230999,1.346942902,1.556527734,1.973025084,0
0.04486383422,-0.1295495128,0.1111933394,-1.237414479,0.1083873361,-1.547528148,1.731881499,0
0.1692072363,-0.2752044513,0.2941127735,2.122057676,1.550417781,0.5172978044,0.8823794723,0
-0.002621388349,0.04709496441,0.3878136357,1.62521565,0.9938657284,0.3056120276,-0.9990168214,0
0.1394321726,0.3342190364,0.101743815,-1.966063261,1.51768446,1.301935554,1.192075849,0
-0.2068902098,-0.1428715712,0.2958192199,-2.537222624,-0.05110854283,0.7819442749,-1.212323666,0
-0.004368614732,-0.1337508695,0.2310030097,-1.60337615,0.3197973371,-1.089216709,2.009626865,0
0.02573295666,-0.01548248715,0.306720228,-0.5445642471,1.000260115,0.3589016199,-1.832622886,0
0.1719899243,-0.1662310339,0.07985054569,-0.7685158849,-0.2929083407,0.0613899976,-1.192802668,0
-0.0687139292,-0.312695787,0.1108102676,1.354490995,2.120175362,1.303671718,-1.551977992,0
-0.08060979828,-0.1879793151,0.3504246743,1.165884733,1.443852425,0.9717484713,-1.325647354,0
0.2171081558,-0.2272553917,0.256935657,-0.8082293272,-0.4247251749,0.1804762781,1.054423809,0
-0.09707347925,0.1491757398,0.2968962397,2.147686005,0.5407482386,0.1578136235,-1.078320622,0
0.1224760847,0.2975211313,0.2053889878,1.180253983,-0.1890604794,0.1651789844,-0.1848170012,0
-0.1575530761,0.3461692264,0.2539369764,-1.143681884,1.53572762,1.204360723,-0.1582493484,0
-0.152906621,0.07879810198,0.4258760992,2.665957928,0.2342779636,0.8476434946,-0.7082663178,0
0.2276215355,0.1828894324,0.1274323748,0.6768966317,-0.1344574988,-0.3889157176,0.2879572809,0
0.3661618459,-0.03391643731,0.1167830464,-0.09237630665,-0.7087382674,0.2861417532,0.3692217767,0
-0.09707786775,0.1819911076,0.02919981242,2.060929298,-0.04416452721,-0.8891536593,0.1466676593,0
0.314336694,0.1328321231,0.07779907389,0.3999697566,-1.133325577,1.38327384,-1.375394702,0
0.1123550791,-0.01972978983,0.2259142136,-0.1733424366,0.6880518198,-0.03904618323,-1.728395939,0
0.1895085288,0.02771273625,0.3924059529,0.1452316493,-0.6770530939,1.327275157,1.337128282,0
0.06182245979,-0.2812351777,0.1815779109,-1.354956269,-0.2470671237,-0.391078651,1.105536819,0
0.1004947982,0.08515800312,0.2484770591,0.7030222416,0.4985194802,0.2369733751,-1.790648937,0
0.2523732077,-0.1420820451,0.3771862487,2.628835678,1.038390279,1.570796371,-0.6380727887,0
-0.07693153937,-0.1266730462,0.2627570889,-2.116250277,0.5891822577,-0.9909126163,1.465499163,0
0.1761791133,-0.07715518191,0.07413593605,-0.4132914245,-0.3759906292,-1.138206244,1.667057395,0
-0.006596819021,-0.0005801015101,0.07664866315,-2.997894764,0.5522415042,-1.088293195,-1.890292287,0
0.3594642016,0.1248865235,0.1625057723,0.334395349,-0.9010822773,0.5971054435,0.7173838615,0
0.3184602911,-0.05962046223,0.3413973408,-0.1850600839,-0.5847730637,0.9399884343,0.4858973324,0
0.2069402968,-0.1583413081,0.1937646198,-0.6530116796,0.2432046831,-0.4243650734,0.01495600212,0
-0.1504293017,0.02596630706,0.2876948412,2.970688581,0.5768123269,-0.8357102275,1.370638371,0
0.1289869588,-0.3329448058,0.2317510624,-1.201188207,-0.6294044256,0.4848262072,0.6926575303,0
0.3341064692,0.1890154979,0.1447218224,0.5148424506,-0.7635707855,0.6548843384,-0.08392281085,0
-0.018928804,0.3057326676,0.3391915755,1.632624984,-0.3260862231,0.9836696982,-0.5160931349,0
0.01876594723,-0.07106230926,0.4752913709,-1.312710762,0.3269069791,1.178436756,-0.7893502116,0
-0.0162261841,0.01494398355,0.4681845375,2.39705658,0.651925087,0.2915540934,0.7214301229,0
-0.3358628129,0.1777320479,0.05276176867,-0.4867182672,2.143104076,0.6471088529,0.8399680853,0
-0.1200972202,0.305757524,0.1736646006,1.945061803,-0.4901665747,-0.03968646005,0.9515969157,0
0.1479727117,-0.3141105331,0.1383425504,-1.130105853,-0.5537320971,0.05505203456,0.5987533927,0
0.1955905405,-0.02375901351,0.1149329173,-0.1207158267,-0.2824748456,-1.072228193,1.802130699,0
-0.04580967706,0.2132703121,0.15110648,1.782329798,-0.137603119,-0.9151312709,1.612189174,0
-0.2982567757,-0.08068062323,0.04512997501,-2.877405405,-0.5269428492,-0.1987314373,0.2084744126,0
0.09657783165,-0.2654206224,0.2502232273,-1.221822381,-0.164997384,-0.1897324622,1.088307142,0
0.2216065082,0.1277085402,0.0713113791,0.5227995515,-1.06607163,-0.2020004094,2.094395161,0
-0.2115864171,-0.03620155221,0.04348702279,-2.972137213,-0.1802061349,-1.00274086,0.8307210803,0
0.2728747508,0.05577460897,0.2706499158,-2.939973593,1.69350338,0.05368289351,1.393177867,0
0.1997641179,0.1345284967,0.23753266,0.5927860737,0.04001353681,0.4460101128,-1.286090136,0
0.2790727682,0.143087721,0.02193348992,0.4738578796,-1.095904708,-0.01467795298,1.351495624,0
0.3817205693,0.03718518992,0.1284149789,0.09717744589,-0.9210823178,1.029213428,-0.6191331148,0
0.11764576,0.1369543004,0.3922221022,0.8610076308,0.3643155992,-0.0140466243,0.7221987844,0
0.04743650533,-0.2925536739,0.3845006921,1.731543541,1.101900935,1.112155914,0.2681394815,0
0.01230821677,-0.04851814318,0.4066670932,1.819042206,1.28126204,0.3049157262,-0.7942094803,0
0.3360730122,-0.003214195163,0.2353061448,-0.009565396234,-0.4629179537,0.865229845,-0.7945776582,0
-0.2446387749,-0.01376304858,0.3816367087,-3.085529089,-0.08219236135,0.9986320138,-0.7771335244,0
-0.1637980343,0.2038124165,0.1880689078,-0.8944861293,0.9713418484,1.555360079,1.923094511,0
-0.0410533041,-0.1583611048,0.2266074129,1.317141533,1.978882551,-0.9338037968,1.956836581,0
-0.2902292524,-0.07151600359,0.05192867298,-2.900000572,-0.6724518538,0.4436591566,-1.025414824,0
-0.03394494747,0.04737159237,0.09804122437,2.191626072,1.065433264,-0.9580237269,-1.642383814,0
0.2172176492,-0.22928222,0.3409851148,-0.8124118447,-0.5350810885,0.8267311454,0.6198658347,0
-0.2538960096,0.0832660531,0.05635466889,2.824696541,-0.4090416133,0.04784023762,-0.8721956611,0
0.3081684272,-0.009810498779,0.06738878007,3.109768391,1.441914797,1.502461195,1.632244945,0
-0.1184799115,-0.0787742824,0.1413743008,-2.554637909,0.5810793042,-1.527446747,1.349420905,0
-0.08211537591,-0.232385071,0.4226819402,1.23113215,0.9925551414,0.9789751768,0.4296521544,0
-0.1089312735,-0.1981303192,0.4424693803,1.068109632,0.9711966515,1.076846719,0.01120842621,0
-0.09327478274,-0.1317753495,0.1503927346,-2.186710835,0.5121110082,-1.385096788,1.258629322,0
0.3715564299,0.1446010795,0.1620577697,0.3711410761,-0.9430884123,0.8733481765,0.1749496758,0
-0.22898984,0.07048921447,0.4120265565,2.84297061,-0.02150273323,0.7103387117,-0.004437929019,0
0.02268983767,-0.008796770696,0.3907972637,-0.3724590838,0.7359651923,0.9068869948,-1.576180577,0
0.1405536197,-0.3008014148,0.08835872053,-1.133853912,-0.9713169336,0.1186985821,1.355634809,0
-0.04553936497,0.1571276302,0.4520405287,-1.288731217,1.082748532,0.8393464684,-0.3738892376,0
0.2763342527,0.1195508436,0.1083896072,-2.733276129,2.181661606,-0.03026631661,1.690541267,0
0.2530946829,-0.1290670136,0.08824299737,-0.4715902209,-1.86466682,1.496169448,1.872817755,0
-0.1576089736,0.1298180231,0.289137618,2.453526497,-0.01681644469,-0.3415864706,1.716215849,0
-0.2442176457,0.214269134,0.04012326675,-0.7201704383,2.181661606,1.564023495,-1.562693,0
-0.09190472171,-0.3202445862,0.2831320395,-1.850282431,-0.4946668446,0.4872607887,0.738471806,0
0.08770849819,0.274083129,0.30143528,1.26108408,0.02764390036,0.2082170695,-0.02207903191,0
0.09273772236,-0.2728516907,0.3168238866,1.898492336,1.078365207,0.9386609197,1.302396774,0
0.1896816974,0.06794558126,0.1113054237,0.3439581394,0.3318307698,-0.5746631026,-0.7076891065,0
0.03628559178,0.2674266231,0.0398221188,1.436033487,-0.614659667,0.2999225557,-1.124409795,0
-0.2414943727,0.2384590537,0.2187791197,2.362594128,-0.7563776374,0.4464114308,1.182523012,0
0.1944925995,0.322868357,0.2132237994,1.028650403,-0.730486989,1.000638962,-0.4304593503,0
0.07991585837,-0.10300134,0.03673837069,2.230535269,-1.763355255,-1.082784057,-0.6104649901,0
-0.24797035,-0.2384986454,0.1179177481,-2.375658274,-0.80931741,0.9802584648,-1.098822355,0
-0.002410700604,0.1429663027,0.306722862,1.587444663,0.846611321,-0.1057768911,-0.8802188039,0
-0.1668609469,0.3102013984,0.05891838706,-1.077281356,2.181661606,0.4112157822,1.227928638,0
0.03399023494,-0.2829117998,0.2957430077,1.690458655,1.837364554,0.6687686443,-0.808331728,0
-0.1776259751,0.3683783134,0.1595279841,2.020089388,-1.192998886,1.263093948,0.1064517125,0
0.29583016,0.02996995308,0.1984669514,0.1012039036,-0.5300652981,1.046772718,-1.46947515,0
-0.1639387549,-0.1245474116,0.4482806967,0.649692595,0.6089850664,1.347401738,0.5191078782,0
0.1080775807,0.3491537778,0.1011865027,1.271024108,-0.715701282,0.5094895959,-0.3089856505,0
0.01954233099,-0.2017913971,0.3175111138,-1.474301219,-0.9053865671,1.324399471,1.84667182,0
-0.04384388782,-0.02153055647,0.1315102949,-2.686056376,1.359767914,-0.8454335332,-1.751435399,0
0.2631978973,0.1740000484,0.2897843757,-2.557453632,1.660727262,0.350092262,0.8762465715,0
0.04353074088,-0.05331231909,0.2900115129,2.258922338,1.810120463,-0.03775508702,-1.434342384,0
-0.3819738456,0.08728570595,0.06705900156,2.916937828,-1.036431313,0.7529025078,-0.06051621959,0
0.1118728884,-0.3278291678,0.2070500597,-1.242078781,-0.5966451764,0.2684235573,0.8876915574,0
-0.05393555209,-0.3222087788,0.1491139769,-1.736634254,-0.8258379102,1.241047502,-1.421886563,0
-0.287289803,0.2830687339,0.08415798161,-0.7779975533,1.854825377,1.084701896,0.53412956,0
0.1945589218,0.1442453331,0.07128665718,0.6379868388,-0.2281348407,-0.8492326736,0.9409101009,0
-0.03053343872,-0.1542890488,0.1942327365,-1.765646696,1.085351586,-0.8884856701,-0.4350676239,0
-0.1491933394,0.1748967069,0.09088874518,2.278043747,-0.5269395113,0.4681864679,-1.736685634,0
-0.06412647866,0.2668404387,0.1478695181,-1.334683776,2.181661606,-0.3045925796,1.743864894,0
0.08570851532,0.3132208036,0.2759352088,1.303694129,-0.2537091076,0.2994872332,0.3257210851,0
-0.2646971841,-0.1064321108,0.1091916385,-2.759299755,-0.1451705843,-0.4440600872,0.2721858323,0
-0.01527541292,0.009037947477,0.4640833617,-0.5160868764,0.6773850918,0.3169058561,0.9490748644,0
-0.1824517182,-0.1535426594,0.1399046206,-2.442247868,-0.5264446139,0.7831734419,-1.925496221,0
0.09789990746,0.009309905268,0.3898529912,0.09481438994,0.4258731902,1.006447434,-1.516722679,0
0.1907555052,0.04150707933,0.3197333439,-2.928288937,1.886452198,0.2997039855,-0.9669491053,0
0.2427457762,-0.01180793112,0.1908397492,-0.04860656708,0.3589779735,-0.6142882705,0.1881258339,0
-0.1587888472,0.2286387957,0.1693413454,-0.9637737274,2.102837324,-0.2546243966,1.676353812,0
0.05295582012,-0.1488855944,0.3477093664,-1.227555752,0.4336066544,-0.406477958,1.271863103,0
-0.0170212112,-0.1625750488,0.4265742487,-1.675084233,0.1230123937,1.141602635,-0.9924957752,0
-0.2493751166,0.3116675279,0.1240191792,2.245617628,-0.9813718796,0.9208914638,-0.1511301994,0
0.090035856,0.3852089875,0.103254582,1.341190219,-1.024042845,0.6959986091,0.3678538799,0
0.3193825536,-0.1432595723,0.3008114296,-0.4216486812,-0.7462568283,0.9876833558,0.524949491,0
-0.08173382148,-0.2459856714,0.08102693519,-1.891577721,-0.09733270854,-0.6484122872,0.3301337957,0
0.04355417432,0.2500920419,0.153615455,1.398243904,-0.1058053225,0.1977157295,-1.17557025,0
-0.07269285517,0.08349354891,0.03475178007,2.288783073,0.1392659396,-0.7944561243,-1.142635107,0
-0.1876611153,0.331451194,0.06680730803,-1.055616021,2.123399258,0.6232792735,0.8340499997,0
-0.04176988686,-0.3551610242,0.3051855604,-1.687866688,-0.7823460102,1.174791574,0.198350206,0
-0.1052789325,0.2978392308,0.07681155576,-1.231028318,2.181661606,0.1708681285,1.627994537,0
-0.217892339,0.297919025,0.1659966073,-0.9391641617,1.382561564,1.291643858,1.042362213,0
-0.09984773824,0.06081076686,0.2469174249,-0.5488349199,2.163103342,-0.07590242475,-1.517201543,0
-0.1019341302,0.09146431735,0.1119885359,-0.7313150167,-1.118773818,-1.915770411,-0.02130919881,0
-0.009365859617,0.1753686743,0.1994363506,-1.517583728,2.053100348,-0.9114254713,2.082522869,0
-0.04655724497,0.3140893519,0.3537921492,1.71795392,-0.4528331161,1.039642692,-0.1242280453,0
-0.07736603583,-0.2336629347,0.137624466,-1.890561342,0.04263459519,-0.1225996241,-0.8712381124,0
-0.003709100891,0.1622473512,0.2671242784,1.593796134,0.9969718456,-0.7323416471,-0.01858496852,0
0.0577456343,-0.234693385,0.3308262021,-1.329536438,0.0523269251,-0.06219929084,1.000196457,0
-0.2052098541,-0.204445036,0.1398009899,0.7833824158,2.115160465,-0.121503979,1.734948158,0
0.1028881186,0.2417828147,0.235244384,-1.973113179,2.12285614,0.5403990149,-1.208866239,0
-0.3770164241,-0.0118920451,0.2120084645,-3.110060215,-0.7635088563,1.071351051,-0.4993493557,0
0.05028763723,0.05387078457,0.2984036806,0.8197863102,0.8385592699,0.2991190255,-1.739176631,0
0.1210729229,-0.07189967774,0.1176863846,-0.5358928442,0.5281900167,-1.576945782,1.28576839,0
0.1265739115,-0.2906517257,0.14491818,1.981506944,1.306669354,1.313135505,1.629560471,0
-0.0615971191,0.04767701755,0.4208166224,-0.6563110948,0.7700909376,1.374925852,-1.507478476,0
-0.1988619648,-0.1014039225,0.4487727118,0.4715529978,0.7963466644,1.263717413,0.149170205,0
0.04239092449,-0.04822668793,0.4444958749,-0.8497291803,0.5096729398,0.9997386932,-1.063721776,0
0.2899682115,-0.02740826838,0.2262420152,3.047356367,1.863153458,1.091111898,-1.460944772,0
-0.05920119571,0.180310974,0.2739136796,1.888102174,0.3795498908,0.28250283,-1.2978791,0
-0.1595206858,-0.3564060262,0.06939631278,-1.991660833,-1.191871881,0.7025757432,0.646926403,0
0.01651007444,-0.3132751664,0.1879542832,-1.518143773,-0.1566919535,0.09159459174,-0.259467721,0
-0.1211714269,-0.04340520549,0.2479228208,0.3439467549,1.850974202,0.3461504877,-1.940731049,0
0.2060433995,-0.1638936314,0.02229700074,-0.6721087098,-0.9613423944,-0.4357614517,1.612834454,0
0.01548822994,0.1353778017,0.1186261717,-1.684702516,-1.13015914,-1.871890426,-0.175879091,0
0.1177578129,0.03203675482,0.1661996846,0.2660956979,0.2132210881,-0.03380641341,-2.067079306,0
-0.1799976756,0.3066868407,0.2999068183,2.101535559,-0.725710094,1.019839048,0.3360784352,0
-0.1173146474,-0.1381395587,0.0447441541,-2.274844646,-0.1635447145,-1.239523649,1.148839474,0
-0.07491310966,-0.2045419714,0.3523434137,-1.92292428,0.2888272405,-0.1178202927,0.6905624866,0
0.141052249,-0.2609473005,0.2000612665,-1.075237632,-0.4359211624,-0.1564594209,1.34871769,0
0.3279342455,0.1631039335,0.1122898027,-2.680015326,2.106721878,0.3988853991,0.9850595593,0
0.296484402,-0.1539439206,0.3092536365,-0.478913784,-0.6317198873,1.356147528,-0.6937049627,0
0.1923385293,0.3476415106,0.1794262743,-2.076144218,1.828465462,0.9149243832,0.1672221273,0
-0.2159846084,-0.02126444952,0.2447791194,0.09796155989,1.855370641,-0.4850519896,1.79285109,0
0.2751413691,-0.08194190317,0.09625871111,-0.2894301116,-0.6915510297,-0.3658559918,1.498694301,0
0.006336443933,0.04351455905,0.09931774479,1.427262068,1.346949935,-1.028742433,-1.728468537,0
0.2336737443,0.05283177737,0.2756998291,0.2229084969,0.1348022521,-0.4165745676,1.090257287,0
0.03543956376,-0.0957068114,0.4898244297,-1.216158748,0.1421515942,0.8734451532,0.4607442319,0
-0.05095981111,-0.07720923567,0.4380685204,0.9874533415,0.8861181736,0.2363619059,1.168735027,0
0.02636769926,0.1430257912,0.4068413762,-1.751617074,1.045683384,0.1900458634,1.328689694,0
-0.2732830545,-0.08497210986,0.2319718901,0.3015538454,1.946153283,-0.1365534961,1.343289614,0
0.3049722748,0.01190193485,0.2211134118,0.03905004263,-0.1500221789,0.3578639627,-0.6443448663,0
0.06168407732,-0.1241979128,0.2829567611,-1.109789014,0.3468479216,0.5926546454,-1.874738932,0
-0.07546132119,0.1619409704,0.1957054383,-1.134732962,2.181661606,0.402977705,-1.934347272,0
0.07451719578,-0.2092263187,0.3138195089,-1.228562832,-0.01285822131,0.9288678169,-1.435356498,0
0.1106032822,0.3952798067,0.1137122796,-1.843629003,1.829762936,1.130059123,0.241607517,0
-0.0178087044,0.250391644,0.3255650364,-1.499797702,1.627244234,0.01110867411,1.095340729,0
0.1168071803,0.3107480615,0.2415432529,1.211245537,-0.2855538428,0.2007543892,0.3496752679,0
-0.1515969364,-0.1137060367,0.0764656262,-2.498039484,-0.5934563875,-1.051142931,1.994252205,0
0.347241823,0.07574634908,0.2981799052,0.2147728205,-0.7122426629,0.9848217964,0.3590810299,0
-0.03438550743,0.1188390832,0.3705103984,1.852300882,0.2396020144,-0.0966501832,1.703727841,0
-0.09787787563,-0.1525663602,0.2111131942,-2.141205072,0.1754763275,0.2941278815,-1.718759418,0
0.00265158148,-0.01250727521,0.2820257596,-1.339428186,1.130854964,0.2249799818,-1.939144373,0
0.10164395,0.1639761835,0.2229508279,1.01594758,0.1546577811,-0.8685515523,1.644783854,0
0.2764381497,-0.2748740264,0.04431749251,-0.7825611234,-1.153957248,0.6688938141,0.3606600463,0
-0.3636598223,-0.1189391371,0.2471474153,-2.825497389,-0.9166154861,1.107053757,0.2918619215,0
-0.2742108892,0.02366982978,0.3932007574,-0.08610640466,1.100742459,0.9235106707,0.5421614051,0
-0.1567991434,-0.08617741947,0.1031095258,-2.639053583,-0.4751163721,0.3333907723,-2.094395161,0
-0.1562442863,0.05556134628,0.4736464665,-0.3416599035,0.7574675083,1.016912222,0.335521102,0
0.0953149111,-0.3498815859,0.1998715921,-1.304829001,-0.5775924921,0.3786654472,0.4660725594,0
0.2505101662,-0.1686791429,0.05099333212,-0.592684567,-0.6283304095,0.3414545059,-0.8735368252,0
0.02452477775,0.3056437658,0.3405682676,1.490931034,-0.2718065977,0.8377437592,-0.3332252204,0
0.1296292046,-0.23097046,0.2987235304,-1.059371114,0.127142489,-0.1268170923,0.5470926166,0
0.03661032556,0.3932233148,0.1613726778,1.477960706,-0.9084223509,1.002414227,-0.2783403993,0
-0.1592207115,0.130993917,0.09647875529,2.453133106,-0.1961860806,-1.085929275,1.47627914,0
-0.1783181417,0.2585661336,0.05418191902,2.174542189,-0.6131876111,-0.2499021292,0.6674172282,0
-0.2930008688,0.03304550184,0.02518013008,3.029284,-0.7466840148,0.4095251262,-0.9705763459,0
0.2581537685,-0.1613585836,0.3797878441,-0.5586340427,-0.5890430212,1.231471062,0.1685812622,0
-0.1141901005,-0.2325627663,0.07599267128,-2.027225733,-0.2213902771,-0.1350930929,-0.7312306762,0
0.001196819667,-0.09419668345,0.3441888795,-1.559345841,0.536516428,-0.5171773434,1.739720941,0
0.2357273986,0.3046192209,0.0573358442,-2.229402065,2.025539875,1.477207065,-0.8450554609,0
-0.08770532826,-0.185137098,0.3961295509,-2.013048172,-0.4962671399,0.9987798333,1.309277534,0
0.311330721,-0.2173353603,0.1903950925,-0.6094418764,-0.7077804804,0.5986384749,0.2776431739,0
0.1385899104,-0.1697048755,0.224422923,-0.8864847422,-0.06569170952,-0.6351693869,1.69705689,0
-0.2642002091,0.1300389154,0.06398423341,2.68418026,-0.5244415402,0.2492951155,-0.8602225184,0
0.0848731943,-0.06008367284,0.3480230207,2.525631905,0.1709599793,1.467977881,2.041169405,0
0.2147563019,-0.185872463,0.3667821308,-0.7134262919,-0.2064525634,0.9010962844,-0.4077518582,0
-0.2341463966,0.06609086663,0.1774085919,2.866488457,0.03890446946,0.1321360171,-1.138082504,0
0.0862026695,0.2818926467,0.1950350667,1.274027467,-0.4058310688,-0.2100564092,1.320274234,0
-0.09535879136,0.2307149423,0.12115574,1.962731361,-0.723613441,0.9816420674,-1.997267842,0
-0.01031938507,-0.08262783949,0.4300953599,-1.69497478,0.5273435116,0.8795803189,-1.076229572,0
-0.2037393248,0.01341081817,0.09389017915,3.07587719,-0.05868446082,-1.129037619,1.257695436,0
0.2984407331,-0.2276600548,0.1590684267,2.489929914,1.95183444,1.161387444,-0.7939956188,0
0.1755762674,0.3465716805,0.2223741947,1.101876736,-0.9920669198,1.073933482,0.4240055382,0
0.2521312642,-0.1116327348,0.1562821167,-0.4168139398,-0.1179415211,-0.5624727011,0.896638155,0
-0.3282560503,0.02051939121,0.1134527668,3.079163551,-0.425006628,-0.1037463471,0.3386335969,0
-0.2876922805,-0.1364227624,0.07939000795,-2.698774576,-1.00224781,0.05223329738,1.503558517,0
0.306023984,0.161230091,0.2760455666,-2.656683683,1.573854923,1.235153437,-0.7301863432,0
0.01965753092,0.07867262213,0.05924938978,-1.813090801,-1.797911763,-0.8637942076,-1.422523975,0
-0.2609297566,-0.1587808042,0.3433554682,0.5466601849,1.381546855,0.6662169099,0.6626284122,0
0.008641131048,-0.2099790559,0.037284995,-1.529668689,-0.194701314,-1.02139914,0.8297074437,0
-0.1986652155,-0.2361082458,0.3112875962,0.871299386,1.525863528,0.4602618217,0.8900619149,0
-0.0752102521,0.2926990893,0.1882189675,-1.31928134,2.077144384,-0.1219857261,1.368908405,0
0.2051316422,-0.24253819,0.2078629852,-0.8687765598,-0.4279407561,-0.02286532521,1.056524634,0
0.1039096074,0.3370587744,0.09626798157,1.272191644,-0.8637241721,0.1654233634,0.9693112373,0
0.2351215251,0.1699983839,0.04568837753,0.6257576942,-0.6944873333,-0.4174399376,1.119859815,0
0.1421845833,-0.2600417682,0.2581658261,-1.070370793,-0.1844433546,0.644164145,-0.8964020014,0
0.2282221056,-0.03178597327,0.1107020575,-0.138386488,-0.3236135244,-0.8739131093,1.556016803,0
0.02782588207,-0.2098345195,0.04855311307,-1.438932538,-0.02361639217,-0.9947581887,0.5344030857,0
-0.05971454472,0.0999351375,0.3557564416,2.109490871,0.528126359,0.6787318587,-1.483877182,0
0.1099651448,0.2988885318,0.2387501664,1.218246698,-0.4080344439,0.1018922627,0.9961252213,0
0.1358596614,-0.2725957581,0.3617922009,2.03315711,1.065232277,1.109048724,0.6251713037,0
0.1993088526,-0.1096418545,0.05876885373,-0.5029283166,-0.1651468277,-0.2729277611,-0.8377861381,0
0.06290276356,0.1328823926,0.3506546227,1.130092263,0.3690374494,-0.3581928313,1.473258138,0
0.256901205,0.01038219543,0.2756002252,0.04038695246,0.2361705303,-0.2846518159,0.4410336018,0
0.3240402411,-0.0223093545,0.06629869883,-0.06873736531,-0.5281671882,0.02088862285,-0.09302915633,0
0.3168057032,0.07885842115,0.04041541444,0.2435165048,-0.9577670693,0.8609814048,-1.137108684,0
0.3756845149,0.02294013875,0.1900504438,0.06098211929,-0.7462903261,0.9743501544,-0.5259308219,0
-0.1079765662,0.2263842501,0.2280307141,2.01584363,-0.1128907502,-0.4666432738,1.418595314,0
0.08701916496,0.3831700146,0.1660292478,1.347480774,-0.9973565936,1.256738067,-0.5427405834,0
-0.03502014495,0.2903293878,0.3209804327,1.690836549,-0.1673760116,0.2551546693,0.6441182494,0
-0.1186744545,-0.2018187388,0.04237552931,-2.102363825,-0.5392825603,-0.8363952041,1.337315083,0
-0.1002043957,0.03705780359,0.2500920271,2.78733778,0.5650866628,-1.142463684,1.9428581,0
-0.02282547834,0.141874418,0.3604149754,1.730311871,0.4276539981,-0.3416111767,1.346778154,0
0.3162531184,0.1278834145,0.06524277931,0.3842694163,-0.9571179152,0.1049877629,1.109447598,0
-0.004297961099,0.3563002318,0.04177863095,-1.558734059,2.181661606,0.5045250654,1.179898977,0
0.1268637401,0.27543873,0.08449647925,1.139174819,-1.805101633,1.381343365,1.752735257,0
0.1120745342,-0.208978676,0.1756798869,-1.078535318,-0.3830619156,-0.5594393611,1.868197203,0
-0.1578484782,0.1858865476,0.07295586155,2.27513957,-0.6073000431,0.4931855202,-1.619529724,0
-0.1618443101,0.1088956783,0.1650211286,2.549326658,-0.297583133,-0.860928297,2.094395161,0
-0.03819998583,0.408496197,0.09435339645,1.664038897,-1.389438868,1.240232587,0.3066065609,0
-0.2529886208,0.0282390411,0.1744524052,3.030461311,0.1814751774,-0.2174668014,-0.5551431775,0
0.1975206202,0.05952067237,0.2439646002,0.2927016914,0.2073583901,-0.7411934137,1.423078179,0
-0.2993991219,-0.0895739807,0.1172888263,-2.849967241,-1.031042218,0.2147841901,1.708328724,0
-0.03252875175,-0.3597539346,0.1014897181,1.480619192,2.121404648,1.228446841,-1.079738379,0
-0.03246309993,-0.2932059449,0.1743310232,-1.681066871,-0.03386991844,-0.2592087984,0.1389936358,0
0.1313511734,0.1627530989,0.3278466553,0.8917678595,0.2597568929,-0.3055603206,1.07238102,0
-0.1286505754,-0.3118840622,0.3099213439,-1.962027669,-0.54484272,0.7474426031,0.496629864,0
0.2606837737,0.1425617084,0.3522853752,0.5003631115,-0.776442945,1.185228586,0.8620684743,0
0.121962349,-0.2782988347,0.3111488199,-1.157770991,-0.3191574216,0.3477959037,0.8131633401,0
0.004303623875,-0.2491190728,0.1079899819,-1.553504467,-0.4946634471,0.5391445756,-1.630435586,0
0.1154507088,-0.1741473154,0.3796356289,-0.9853723645,-0.803314507,1.444562554,1.288972259,0
-0.06087926066,0.2850069494,0.1063105186,1.781227827,-0.6527717113,-0.3454470634,1.448737264,0
-0.0112727282,0.3275777063,0.08427253339,1.605194211,-0.771251142,0.768163383,-1.092759371,0
-0.1727389043,-0.2583407836,0.194195204,0.9814239144,1.963861227,0.02982629649,1.394165397,0
0.2529366974,-0.251437973,0.1517713109,-0.7825678587,-0.6943480372,0.214506045,0.8128151298,0
0.2160499242,0.2587161792,0.2755955251,-2.266567469,1.670732021,1.074212551,-0.7339347601,0
0.1688313547,0.07669176373,0.1949989703,0.4263237119,0.3744635284,-0.0623389259,-1.339627743,0
0.0353800315,-0.1002666378,0.1597631174,-1.231576443,0.2697045207,-0.1484805048,-2.094395161,0
0.1869936748,-0.1517890605,0.1688958739,-0.6822013855,0.1278352737,-0.8049447536,0.9500566125,0
0.1473623067,0.2654981949,0.222177081,1.064074755,-0.0535540171,0.09195737541,-0.2383171767,0
0.03154283389,0.009721732252,0.3946951999,-2.844818354,0.5779283643,1.54825592,-1.894800305,0
-0.005073509263,0.04338579733,0.281955618,1.68724978,0.9418593049,-1.122120619,1.937485933,0
0.1753368696,-0.08425106824,0.2426613445,-0.447933346,0.3725395501,0.1413024813,-1.284790158,0
0.02473488474,-0.2916732995,0.1347669103,-1.486189365,-0.5199722648,0.6936302781,-1.358084321,0
0.07957586251,-0.3165558265,0.3067167102,-1.324519157,-0.7170690298,0.8573240638,0.90608114,0
-0.03189880351,0.1383476778,0.247981761,1.797481656,0.2731420398,0.475746572,-1.99485898,0
-0.2483138443,-0.2820088038,0.07062597652,-2.292769909,-1.121001482,1.182654858,-0.8491036296,0
-0.3609950932,-0.1197257711,0.0542846017,-2.821353674,-1.150623918,0.5514078736,0.7068134546,0
0.06233452597,0.260052131,0.09821444627,1.335764647,-0.09597419202,-0.2758517265,-0.4261189699,0
0.3419946028,-0.191056035,0.121036996,-0.5094850659,-0.8950161338,0.6474605799,0.184792608,0
0.3233578853,0.1086350715,0.3010957868,0.3241178095,-0.4370824099,0.7346384525,0.04988633096,0
0.04326898188,0.2722310244,0.2747363784,-1.72842443,2.00051403,-0.1714517921,0.8431167006,0
-0.1699393658,-0.1322456243,0.1055010357,-2.480328321,-0.3159019351,-0.9757048488,1.642039418,0
-0.2942800129,-0.02876645288,0.06087955333,0.09744237363,2.181661606,0.1793791652,1.855437994,0
0.07889886036,-0.1974194522,0.3621712776,-1.190591335,-0.9300500154,1.570796371,1.337785721,0
-0.2121091464,-0.03874187266,0.2681397303,0.1801846325,0.6315604448,1.560536504,1.947977424,0
-0.0894943853,-0.09977618047,0.4505966697,-2.301923752,0.1790557355,0.4725934267,0.8846581578,0
-0.1913304936,0.1144360618,0.3153481974,2.60256505,-0.1078450233,-0.06567516178,1.541997075,0
-0.002971870579,0.2596190631,0.231542955,1.582281351,0.1625790596,0.07932200283,-0.7051534653,0
-0.1673257884,0.0709845371,0.08936731553,2.74015379,0.4877796769,-1.23822093,0.4317593873,0
-0.07376243986,0.02264407906,0.1155423675,-0.2978164852,-0.4566274285,-1.515005589,-1.660546184,0
0.2398292469,0.2578064885,0.2686247033,-2.320084333,1.552368999,1.304891348,-0.7297447324,0
0.2196596279,-0.1325048495,0.05044940938,-0.5424161553,-0.3190799356,-0.1422519982,-0.7098406553,0
0.3635498346,-0.006947540769,0.2016788312,-0.01903370209,-0.5737628937,0.7369992733,-0.4236782491,0
0.2014906161,-0.3320869199,0.1147120362,-1.025436163,-1.045874596,0.6473141909,0.6698151231,0
-0.03816343987,0.3425022366,0.03442538376,-1.459828615,2.181661606,0.4848158956,1.330680132,0
-0.2687631494,-0.1401796929,0.2165408802,0.4807705879,1.701623321,1.453330874,-1.584646463,0
-0.005198579053,0.06532709591,0.04614902142,1.653450727,-0.3543893397,-1.910476565,1.791015744,0
0.01296630269,0.1690953495,0.1601373457,1.493360877,0.9851014614,-1.121584058,-0.01705485582,0
0.3998204417,0.01317122212,0.08320538525,0.03292900324,-1.182229519,0.8279467821,0.4420760274,0
-0.2344490787,0.1226222074,0.05844027695,2.659570456,-0.9931476712,1.05196929,-1.883945584,0
-0.07821237817,0.2679157246,0.1503146981,-1.286735058,2.170837641,-0.2728157043,1.704027057,0
-0.1281329966,-0.2108956064,0.1768764483,-2.117620945,0.004006825387,-0.7334622145,1.159934163,0
0.2246879796,0.2201547753,0.1011947412,0.7751834393,-0.5424402952,-0.2684263885,0.9302070737,0
0.3443948211,0.004016213967,0.1975969542,-3.129950523,2.013119698,0.9206981659,-0.9002926946,0
-0.1487470916,0.2470844422,0.1241579733,-1.028900862,2.181661606,1.136436462,-1.744986057,0
-0.2050300832,-0.2007004879,0.0702202762,0.7747273445,2.181661606,0.09960933775,1.927673221,0
-0.06000619817,-0.2015090272,0.4340252629,1.281374097,1.179975867,0.7913092971,-0.1353364289,0
-0.151759041,-0.3195793715,0.2805145067,1.127451777,1.429330707,1.433509231,-0.6714057326,0
-0.3422132307,0.1566528292,0.06602196404,2.71229291,-1.060278654,0.4558550715,0.7147384882,0
0.0657997257,0.2713944983,0.3417564327,1.332913637,-0.3124469221,0.430585444,0.9745219946,0
-0.02147418031,-0.05095725889,0.09146299571,-1.969449639,1.502514243,-1.137558341,-1.577522159,0
-0.07338335367,0.08078221599,0.1247614774,-0.8333180547,-0.4426122308,-1.718359947,-1.404204845,0
-0.3849282801,0.09513860314,0.2144527796,2.89928937,-1.038498282,1.217299104,0.1527146995,0
0.08204700716,0.1140016044,0.3172218348,-2.194622993,2.036780119,-0.1446163952,-0.7489784956,0
-0.2875593011,-0.2241061646,0.04418218525,-2.479767799,-0.883761704,0.3274084926,0.1959026158,0
0.06383422887,0.3269924591,0.2210825546,-1.763579845,1.485727191,0.7346660495,1.366903543,0
0.3281258253,-0.03394669152,0.335155897,-0.1030880958,-0.5896415114,0.9400921464,0.4251329005,0
-0.02570163694,0.2842078825,0.3564996113,-1.480716586,1.554459333,0.6963611245,-0.2567769587,0
-0.02490008437,0.09414715959,0.3954501601,1.831088662,0.8316745758,0.2329071462,-0.6966323256,0
-0.07569375468,-0.1652065713,0.2271129236,-2.000426054,0.2327026576,0.3091876209,-1.651414037,0
0.3610616079,0.01007246569,0.04147761912,0.02789095603,-1.143785477,1.124446154,-0.9518677592,0
0.1127619862,0.1609303986,0.4165333415,0.9596093893,0.07594852895,0.3758665323,0.7975763083,0
0.2119838201,-0.09263022479,0.3212272809,-0.4119638503,0.1935048252,-0.2267273962,0.9167247415,0
0.267722798,0.05633863652,0.24120752,0.2071436793,0.1729212105,-0.2502758801,0.1881632507,0
0.1462816287,-0.3492747558,0.1458903612,-1.174073458,-0.7337412834,0.4603058696,0.3014566898,0
0.1778878463,-0.07822005601,0.0442394747,-0.414108783,-0.7111977339,-1.005986094,1.866602063,0
0.1760318791,0.3087091573,0.1861448679,1.052561522,-0.6956422329,0.3224260509,0.8928202391,0
-0.09306785433,-0.3557502728,0.1343098926,1.314827681,2.05843997,0.4069722295,0.9263712168,0
0.2900631575,0.0946470467,0.03362649946,0.3154060245,-0.65874964,0.2592634261,-0.6961539388,0
-0.2669558889,0.06177663084,0.2301181969,2.914181471,0.1682985276,-0.2776911557,0.1669190079,0
-0.08167369728,-0.03198058267,0.1957791913,-2.768377066,1.230914235,-0.5726742148,-1.414028168,0
-0.1300969075,0.1285014587,0.04326980697,2.362368584,-0.05628525466,-0.4905755818,-0.929870069,0
0.08172826162,-0.2410635847,0.1934702963,-1.243925929,-0.2015658021,-0.545574367,1.472154975,0
0.1741424193,-0.1593426493,0.04657612499,-0.7410462499,-0.8596243262,-0.6404652596,1.84477067,0
-0.05285103358,0.157037111,0.2942355492,1.896329403,0.02965495735,-0.3778632283,2.002339363,0
0.04669518184,0.2344792287,0.4101646984,-1.767365336,1.291702747,0.8120555282,-0.2507252097,0
-0.1334931855,0.05388637565,0.1218961864,-0.3837870061,-2.177622557,-1.309539318,-0.2822902203,0
-0.1956925665,0.1351978481,0.1966865647,2.537021637,-0.1232219636,-0.6546904445,1.541723251,0
0.1225389296,-0.2246919698,0.07370211576,-1.071430922,-0.7533342242,0.7367748618,-1.737632036,0
-0.08223802466,0.1481922109,0.28507946,-1.064132452,1.950267911,0.3018174469,-1.379498243,0
0.1680337251,0.02715851442,0.05045828973,0.1602398753,-0.5234135389,-1.236376524,1.783462286,0
-0.01908997511,-0.3631115995,0.1838711259,-1.62337184,-0.773109138,0.4361561537,0.8649128675,0
-0.01784737691,-0.1782259463,0.333295405,-1.670753837,0.4385262728,0.4107158184,-1.090791345,0
0.03446944173,0.324761323,0.2868732716,1.465020776,-0.2655625939,0.4081567228,0.1880949736,0
0.3157326667,0.1029401874,0.3075385839,0.3151664138,-0.4919314682,1.092251062,-0.5606188774,0
0.1555819769,-0.2599717961,0.03164217388,-1.031529784,-0.644752562,-0.3087798357,0.6619026661,0
0.1448172668,-0.3662169692,0.1284330834,-1.194224954,-1.237373233,0.9627636075,0.7471476197,0
0.2777317678,-0.03334053425,0.05406150848,-0.1195047572,-1.963322282,1.454567313,1.901040196,0
-0.08942710325,0.1655385358,0.3860814369,-1.075635314,1.366534472,0.857439816,-1.034817934,0
-4.32676245e-05,-0.153699169,0.4399326727,1.570506811,1.250705361,0.3837486506,0.1237804294,0
-0.2472403844,0.06256318445,0.3633339984,2.893754959,-0.1168080866,0.9986656308,-0.8641663194,0
-0.005201505696,0.03394522431,0.2431407967,-1.416411519,1.482134581,0.0401208885,-2.087171316,0
-0.2592890992,-0.1418827557,0.1321508641,0.500690341,2.181661606,-0.1427924037,1.640897751,0
-0.1249207227,0.09723247362,0.3539565863,2.480190992,0.09378435463,-0.06781453639,1.70210731,0
-0.03559243392,-0.1324778938,0.3979392399,-1.833263516,0.4796544015,0.6532856226,-0.9993628263,0
-0.1987576382,0.2238841252,0.208880344,2.296931744,-0.2355628163,0.530769825,-0.9639027119,0
-0.1917304416,-0.1769090684,0.2845287565,-2.396362782,-0.2161892653,-0.05937344581,1.380278707,0
0.2431758948,-0.144088913,0.2682514581,-0.5347672701,-0.2162389159,-0.06915471703,1.147460103,0
-0.3606269797,0.1434109719,0.05013845435,-0.378495872,2.039677143,1.455155253,-0.7717589736,0
0.08814406843,-0.2653306229,0.1698704845,1.891602397,1.992552519,-0.1249369606,1.791828275,0
-0.2317220624,0.03014952255,0.2388096546,3.011726379,0.1224969551,0.344720453,-1.2311095,0
-0.0440412771,-0.1018951261,0.2940489735,-1.978779078,0.4765522778,0.5785495639,-1.923932791,0
0.1601951286,0.3275954951,0.2042487475,-2.025518179,1.818157196,1.192736506,-0.8331068158,0
-0.1491004217,-0.01942325258,0.06491844072,-3.010453224,-0.2172257006,-0.2180493474,-1.629995108,0
0.1374245483,0.3695755704,0.05832207012,1.214794874,-1.675586343,1.406454802,0.6402199268,0
0.2026971722,0.1477823876,0.2614671203,0.6299723983,0.3187743127,-0.3509666026,0.2744987905,0
-0.1533912475,-0.0126634934,0.2453668312,-3.059248209,0.3887526691,0.2861237824,-1.721715212,0
-0.3999888763,-0.00171512514,0.0690758955,0.004277070984,2.036908388,0.8796612024,0.4973831773,0
0.0008469429304,0.01074371087,0.1216452433,1.471357107,1.345898867,-0.8718265891,-2.094395161,0
-0.1334760395,0.01370140298,0.3719790061,-0.1022966057,0.3905698359,1.176046848,1.849447966,0
0.3053513622,-0.02440508921,0.1266906072,-0.07975438237,-0.2152593732,-0.2265042812,0.125327155,0
-0.112097429,-0.117100833,0.2614569083,-2.334367752,0.9022433758,-0.4392946959,-0.6298713088,0
-0.1713032691,0.2298748313,0.2961752551,-0.9303728342,1.448750615,0.389272213,1.346534967,0
0.07196366969,0.03568967178,0.1705320318,0.4603945017,0.5431121588,-1.711446166,2.094395161,0
-0.307671738,0.1795230267,0.1737757843,-0.5278069377,2.024425507,1.015756845,-0.9083564281,0
-0.2848393446,-0.1207324277,0.02198230424,0.4008769095,1.61397922,1.45956409,1.568860173,0
-0.1832986572,-0.2196510747,0.1653845048,-2.266224384,-0.7815607786,0.02061595209,1.831247926,0
0.2759338327,-0.06576639902,0.3773258551,-0.2339758724,-0.3804157078,0.7859742641,0.599999547,0
0.2728005348,-0.1443389961,0.1695956052,-0.4866889715,-0.1603036672,-0.2198691815,0.3499768972,0
0.003709294757,-0.1401550732,0.1469829056,-1.544322968,0.9001458287,-0.7524902225,-1.017534494,0
-0.1554698901,0.3397966613,0.1672033664,1.99991107,-0.8178312778,0.4857756495,0.7352470756,0
-0.09021182026,-0.3026736447,0.1959907285,1.281119585,1.534864664,0.6476089954,1.642529845,0
0.1426664442,0.09054702819,0.03545567575,0.5650480986,-0.8556156754,-1.09711957,2.083309412,0
0.1795194699,0.2446706786,0.2333769804,0.9377979636,-0.3903935254,0.9174649715,-1.193270445,0
0.3458914261,-0.07970791931,0.09572885073,-0.2269228399,-0.8550469279,0.8996053934,-0.9149048328,0
0.1871299015,-0.1518873379,0.1525074535,-0.6817977428,0.3086209297,-0.6232964396,-0.03323103487,0
-0.247411662,-0.1237396094,0.1354531473,-2.677850008,0.004604937043,-0.4566116333,0.1503679901,0
-0.3788258197,0.08373764329,0.226379029,2.924046516,-1.147274852,1.329849601,0.4121899903,0
-0.3137837656,-0.2566951213,0.04718306663,-2.455933809,-1.362792253,1.05344522,0.2346512973,0
0.05789806768,-0.1746471814,0.2069160694,-1.250821948,0.1090151519,0.3495941758,-1.77805233,0
0.239062843,0.1957232004,0.3698333833,0.6860457659,-0.4806254506,1.133785963,-0.09073652327,0
0.002211924802,0.1316984299,0.4023232519,1.553993821,0.3988158703,-0.06029533595,1.1607095,0
0.1172299946,-0.2842164092,0.3093966096,-1.179586172,-0.3438245952,0.3754889965,0.8028053641,0
0.05181007509,0.04364807233,0.2053956243,-2.443901777,1.926385164,-0.1396843791,-2.076289177,0
0.410014266,-0.03494755961,0.05892544676,-0.08502937853,-1.472788095,1.342908025,0.04255575314,0
0.04788763568,-0.1831615127,0.3463610033,1.826494455,1.749323606,0.3617052138,-0.8618554473,0
0.005114364268,-0.2349884758,0.2593365363,-1.549399614,-0.1431223899,-0.335781157,1.62541306,0
-0.3102567757,0.1029863893,0.2497831368,2.821112871,-0.8728800416,0.7376784086,1.302077651,0
-0.2232328348,-0.1029289819,0.1872157312,-2.709558725,-0.0562787056,0.3320330083,-1.315898418,0
0.04589502854,-0.2482192797,0.3288896279,-1.387600064,-0.113571994,0.07926488668,1.151646852,0
0.3089692099,0.08311399505,0.06533003539,0.2626945078,-0.6416987181,-0.2111538053,0.7761455178,0
0.2104735728,0.1858296607,0.2763615468,-2.418298721,1.945864797,0.5966074467,-0.8946501613,0
0.1407163823,0.06050980802,0.09186314588,0.4061319232,0.003223754466,-0.2608387768,-1.585847378,0
0.0404080237,-0.2264813823,0.4105366045,1.747355103,0.6359550357,1.335136652,0.8681313396,0
-0.08939466544,-0.2915795949,0.02617125759,-1.868627191,-1.018844247,0.9178358912,-1.361948252,0
0.2076344977,0.3229379882,0.1612236688,0.9993953109,-0.7422733307,0.6748946309,-0.05735364929,0
-0.08874586788,-0.1419112157,0.3512311272,-2.129664183,0.3276917338,-0.3041635752,1.322600365,0
0.003213099192,-0.3910427606,0.0526929787,1.57908833,1.99619329,1.502592683,-0.7481919527,0
-0.1773211398,-0.3512174475,0.06589537045,1.103255868,2.076980591,0.7827261686,0.6191796064,0
-0.1030219676,0.2322526972,0.3756277873,1.98831892,-0.305629015,0.5842734575,1.002377987,0
0.4016158821,0.06808236424,0.05700314649,0.1679247022,-1.355000377,1.08202219,0.2260607779,0
0.1582220434,0.2895136946,0.1184423813,1.070370197,-0.4175204933,0.1796794534,-0.3417709768,0
-0.2147743049,0.0228721946,0.3943813914,3.035005331,0.08991567791,0.8614054322,-0.7652485967,0
0.2900017624,0.1259161716,0.02233556769,0.4096414149,-0.730356276,0.2742437124,-0.5510241985,0
-0.0947912071,-0.372483665,0.1371764941,-1.819990039,-0.806096375,0.5367141366,0.2878641188,0
-0.1763184369,-0.09956020968,0.4339986765,0.5140314698,1.007461429,1.238137245,-0.6968967915,0
0.04868639541,-0.1740150851,0.1605665566,-1.297981977,-0.1419228464,-1.059516907,1.995243669,0
-0.03717609806,0.1447190116,0.0656500316,1.822244287,-0.6047956347,-1.3320117,2.094395161,0
0.03129966861,-0.03120845739,0.08392288888,2.355337858,0.4395392537,-1.358137846,-2.009305,0
0.06476580367,-0.2879977869,0.1047467226,-1.349594116,-0.4856487215,-0.421169132,1.105994344,0
-0.03754590797,0.2975234712,0.09646453978,-1.445265174,2.181661606,0.01480569504,1.742246628,0
0.1366403173,0.208271597,0.4131062646,-2.151425838,1.132704854,1.146455765,-0.4428605139,0
0.03228517188,0.3699987155,0.2656496458,-1.657830954,1.512372732,0.9755820632,0.3646405339,0
0.0327931863,0.3794537466,0.2008936728,1.484588623,-0.8045364022,0.6857011914,0.5054662228,0
0.117758726,0.08727225809,0.2682464768,0.6376601458,1.038668752,-0.5292465687,-0.5517106652,0
0.2330926701,0.08781336481,0.0349694082,0.3607837856,-0.858006835,-0.5858172774,1.667954445,0
0.008329215161,0.3108933934,0.3507993573,1.544012427,-0.3680110276,0.9809249043,-0.2813386619,0
0.199146051,0.2855749275,0.2836271281,0.961844027,-0.5713770986,1.084385633,-0.514608562,0
0.3248264256,-0.1536673865,0.1997998145,2.699656725,1.898078442,0.4147644043,0.8454060555,0
-0.09591708198,-0.2345705964,0.06948922602,-1.958953023,-0.6533868313,0.5506494045,-1.585197687,0
-0.3548603286,0.140313786,0.08442063502,-0.3766816258,2.027793646,0.6733220816,0.8983448148,0
0.2149859126,0.1602328113,0.02157124358,-2.501094818,1.872201324,1.002852678,2.094395161,0
-0.1237011661,0.2731279445,0.1692857286,-1.145718813,2.129187584,0.9556667805,-1.456931591,0
0.2128088352,-0.09720004974,0.1297294084,-0.4284544289,-0.3108411729,0.4009487331,-1.614672303,0
-0.03016928938,0.3928244841,0.2084160356,1.64744699,-0.9924599528,1.056771636,0.330385983,0
0.07609024333,-0.01194978266,0.08134439247,-0.1556057334,0.7165209651,-0.9100176096,-1.484746099,0
-0.03772154099,-0.1393916251,0.2190781048,1.306510925,1.939907908,0.4001268446,-2.094395161,0
-0.01168959132,0.09541865054,0.3788319611,1.692157745,0.9449172616,0.0388168022,-0.6107850075,0
-0.3394441818,0.2007840661,0.0245421131,2.607440472,-1.387675405,0.8995689154,0.4834299684,0
-0.3858420419,-0.02491467464,0.1853936147,-3.077112675,-0.82787925,1.022287011,-0.3972102106,0
0.3228175658,-0.00493748195,0.3054597262,-0.01533166505,-0.408575356,1.007472873,-0.6393597126,0
0.303154609,0.2255650022,0.1097083468,0.63966465,-0.8049461842,0.4144867361,0.3277987242,0
-0.3328854086,0.1369684342,0.1961267905,-0.3903427422,1.885564923,0.4347448349,0.8790333867,0
-0.2180796627,0.1676483843,0.2605589894,2.486322403,-0.2100231797,0.829667151,-1.254237294,0
-0.3935784365,-0.06362856002,0.1751175694,-2.981312752,-0.9806987047,0.9332385659,0.283932209,0
-0.2624162057,0.3160150491,0.1047334788,2.263795853,-1.269204855,1.133044958,0.2154341042,0
4.019969005e-05,0.2468816368,0.2546407918,1.570018888,0.06896809489,0.4397440851,-1.147619367,0
-0.1320439557,-0.2628181031,0.3050234439,1.105404615,1.09526968,0.9622497559,1.326882839,0
-0.2570595299,0.1277804538,0.06461831354,2.680279732,-1.945596218,1.497115731,1.826640248,0
-0.05163976792,-0.1856631372,0.1146412492,-1.842079401,0.5783239603,-1.067182422,0.1215683073,0
0.07529278735,-0.1119956275,0.4816010328,-0.9789130688,0.02652776986,0.9289184809,0.4418842793,0
-0.01506872739,0.2985971673,0.3768309042,1.621235371,-0.5042513609,1.335037112,-0.397129029,0
0.1277655069,0.2735209302,0.1453984368,1.133763909,-0.141950801,-0.1171795875,-0.1831469834,0
-0.134109236,0.04716915612,0.4249587521,-0.3377406299,1.31620872,0.5188531876,-0.5164849758,0
-0.06116847372,-0.1263284706,0.2743907466,1.119925976,1.880829811,0.3102423847,-1.63632834,0
-0.1008937679,-0.136887556,0.3734010389,0.936602354,1.65981257,-0.2211254835,0.6238972545,0
-0.03109619258,0.1678274094,0.04998692227,1.753790617,-0.06857191026,-0.4263819158,-1.146748543,0
0.2928032152,0.1074662795,0.1706380842,0.3518348336,-0.6223623753,1.023969889,-1.388441443,0
-0.1633383434,-0.1474667993,0.05881099282,-2.407232523,-0.3406174183,0.002370196395,-1.268290281,0
-0.01504617858,0.1673960435,0.3197559632,-1.4812181,1.662229061,-0.5077846646,1.45020473,0
0.1532257054,-0.1527076051,0.436099973,-0.7837070227,-0.1151056513,1.152050138,-0.4593988657,0
0.2164860491,-0.2729057467,0.08088009598,2.241268396,2.128106833,1.376061916,-1.298895359,0
0.1070535398,-0.3379407015,0.2868210961,-1.264015079,-0.7291219831,0.8949364424,0.5539013743,0
0.3359717958,0.1051346212,0.2665179805,0.3033323288,-0.6071096659,1.109816074,-0.615512073,0
-0.05388877409,-0.0317770403,0.07269288587,-2.608700514,2.181661606,-1.420309067,-1.621525764,0
0.1971303595,-0.03804863107,0.3573630573,-0.190648526,0.1754085422,-0.101178579,1.153323889,0
0.2281470024,0.3196449533,0.1278825413,0.950902462,-0.887526691,0.6937477589,0.1073378474,0
-0.3054784838,0.01013950753,0.3801404967,-0.03317985311,1.041392446,1.322626233,0.06022688746,0
0.01685841769,0.04386601724,0.2057730201,1.203883767,0.9453414679,-0.2021551728,-2.094395161,0
-0.2006492266,0.3344568541,0.1301864423,2.111161232,-0.8895454407,0.6154743433,0.3268582821,0
-0.2470251593,0.1302366392,0.2056760704,-0.4851800799,2.068837881,0.8353840113,-1.448024631,0
-0.2875242756,0.04486806264,0.08656261044,2.986811876,-0.8381301761,0.9695260525,-1.613390803,0
0.04383941243,-0.0313442006,0.03079664655,-0.6204388142,-0.4773417115,-0.6346939206,-1.704771042,0
0.2035957329,0.3519916882,0.08441357692,1.046402335,-1.300726652,1.345802784,-0.3850390315,0
0.2695718446,-0.0986861602,0.03271259324,-0.3509282768,-0.4745227993,-0.1286140233,-0.3117214143,0
0.3753504236,0.158688006,0.08645736016,0.3999843299,-1.273975015,1.026104093,0.3299413919,0
0.0147479716,-0.2101794221,0.2440151467,-1.500366569,0.01815291494,-0.6180921793,1.668073297,0
-0.3080899883,0.00940533575,0.1216177343,-0.0311354585,2.180902004,1.146779656,-1.573038697,0
-0.2045205748,-0.1995209168,0.3130386002,-2.368569851,-0.3703760505,0.3324572444,1.146389604,0
0.205320412,0.2284932242,0.09970764819,0.8387645483,-0.3836194277,-0.3356588781,0.6049761176,0
-0.2834866216,0.2671257437,0.05169322428,-0.7557107806,2.118183851,0.7517741919,0.6784060001,0
-0.2580303054,-0.2107421445,0.06625081091,-2.456726789,-0.8043603897,0.7022904754,-0.956622839,0
0.2180706765,0.0179638069,0.04031850202,0.08217839152,-0.1313376576,-0.470638752,-0.5862783194,0
-0.2421374569,-0.03537559931,0.3038279437,-2.996886492,0.3281122744,-0.1558299065,0.1574757844,0
0.1142523425,0.01476522926,0.02818692426,0.1285211444,2.181661606,-1.862160683,-0.9707289338,0
-0.2724492655,-0.05788027434,0.4048682075,-2.932260752,-0.4582128525,1.290846586,-0.1417310387,0
0.1886727157,0.3078547258,0.2169775123,-2.1206038,1.6699965,1.408255219,-0.9490831494,0
0.1433696311,-0.1677488641,0.3707229149,-0.8635987639,-0.01108671725,0.1753466725,1.104410529,0
0.1321229221,-0.2888396861,0.2525513009,-1.141841769,-0.2453521341,0.5850967765,-0.6241283417,0
0.112995645,0.1248297983,0.4722912567,0.8351169825,-0.100980036,1.311423779,-0.3488734066,0
0.1542048755,-0.3754595859,0.09231085132,-1.181091666,-1.230952024,0.9739386439,0.3509367406,0
0.01317139282,0.003270202999,0.2705059558,0.2282358706,1.128098011,-1.233857274,2.00127387,0
-0.06632275019,-0.03706572454,0.4713940844,0.5056825876,0.9748388529,0.5694235563,-0.1521233618,0
-0.0860035384,-0.2174149271,0.09662850749,-1.947475433,0.001354711596,-0.2853700519,-0.7951879501,0
-0.07692023788,-0.3713411635,0.176162928,-1.775049329,-0.8477437496,0.5945475101,0.658832252,0
-0.137023121,0.2556305183,0.1774799479,2.062888861,-0.01614456996,-0.07781337947,-0.3382418752,0
-0.3439986605,0.0849574389,0.1304819572,-0.2419074774,2.057389975,1.219983578,-1.144098043,0
-0.308741498,-0.09490554934,0.257225513,-2.842989683,-0.3704126179,0.838095367,-0.8126259446,0
0.008408465526,0.2776822457,0.2494407131,1.540480018,-0.1422590315,0.643443346,-1.11420238,0
0.07464482839,-0.3686884584,0.1413618243,-1.371041298,-0.7021874785,0.4461625516,0.1864069998,0
0.1688062971,-0.3329473377,0.1240616031,2.040047169,2.050528288,0.4780567884,0.8919016123,0
-0.126010721,-0.03565726216,0.0907710532,0.275714159,-1.772258759,-1.314623833,-0.5341878533,0
0.3098773242,0.1498023847,0.1378247783,0.4502993226,-0.4698600173,0.3176080883,-0.3225748837,0
0.3150015888,0.1005735336,0.3438388089,0.3090493679,-0.7357683182,1.487260461,-0.3224622309,0
-0.07266724548,0.1511160446,0.4094717295,-1.122697592,0.8080210686,0.6424538493,1.392801881,0
0.02792017599,-0.09290311893,0.3780738829,-1.279927731,0.2045534104,0.06018333137,1.856991053,0
-0.05802984478,-0.175127018,0.1463030001,-1.890757561,0.08126493543,-1.187897325,1.592098594,0
0.195756271,-0.003722254754,0.3285205301,-0.01901593059,0.1890074164,-0.2968262732,1.359831214,0
0.03734296179,-0.2654448915,0.2850447701,-1.431055188,-1.218833685,1.545682192,1.470440149,0
0.1891822114,-0.02690275353,0.2849608332,-0.1412744969,0.2742939293,0.487721175,-1.437030077,0
0.07472955973,0.1021200638,0.08707477155,-2.202557087,0.5670906305,-1.919862151,-1.924765587,0
0.2563073311,-0.0758308863,0.03431525058,-0.287656337,-0.4462622702,-0.0581022352,-0.6744817495,0
-0.2421461864,0.153917128,0.3785549799,-0.566211164,1.140608311,0.9074573517,0.6067473888,0
-0.09678613753,-0.1386558425,0.378869623,-2.18030262,-0.04111689702,0.2439815998,1.568268657,0
-0.1885117894,-0.218057888,0.3604649109,0.8579434752,1.304325104,1.242410302,-0.729785502,0
-0.2143310737,-0.1434060314,0.1866842248,0.5896756053,2.113060236,-0.4182366431,1.69856894,0
-0.1151524075,0.1146515931,0.334029429,2.3583529,0.5660582781,-0.5320828557,1.046506166,0
-0.185599466,0.3144084424,0.05947538348,2.104063511,-1.041977882,0.3384160101,0.8492625356,0
-0.202033085,0.2790260046,0.2797989652,-0.9441025257,1.617058158,0.6116445065,0.6355573535,0
-0.1683857846,-0.07086310067,0.3646498859,0.3983324766,0.9911769032,0.4037182927,1.6945858,0
-0.2014270716,0.2968376387,0.2161947657,2.166954994,-0.5000834465,0.40116328,0.3003141284,0
-0.3132287184,-0.1015652895,0.0405701598,-2.828032732,-0.950396955,0.8400577903,-1.086539745,0
-0.03167213412,-0.3091313283,0.2079006671,-1.672895193,-1.449746251,1.481891751,1.468001842,0
0.1701336511,-0.02037961082,0.096061685,-0.1192176715,-0.4810959697,-1.178817153,2.094395161,0
0.02036267543,-0.1750306772,0.393918802,-1.454657793,0.342731148,0.6446029544,-0.8243246675,0
-0.1084058026,0.1937516166,0.3846757053,-1.0606668,0.5028563142,1.496713281,1.126102209,0
0.2356225166,0.2218985795,0.1801082192,0.7553009391,-0.6563186049,1.09063983,-1.299578547,0
0.2645763652,0.01328395381,0.2553606869,0.05006175488,-0.1954089552,-0.2205991745,1.36698091,0
0.000805178237,0.1604151791,0.3833844165,1.565774679,0.1814180613,0.01428817771,1.373303294,0
-0.1819282474,0.1310581796,0.05500100005,2.517774105,-0.08220481873,-0.9344002008,0.6161704659,0
0.02789142036,-0.07478603544,0.4160969663,-1.213846445,0.5735824108,-0.09162368625,1.192242622,0
-0.08320373648,0.07937886813,0.4317633413,2.379740953,0.4633620381,0.09699945152,0.8679947853,0
-0.2258428911,-0.1011259986,0.2418807525,-2.720593452,0.2357669324,0.06471262127,-0.7504701018,0
-0.01157223306,0.1672564099,0.09234845057,1.639865994,0.5380631685,-0.8414848447,-0.6827879548,0
-0.2285018418,-0.2186021452,0.2847959678,0.7632548213,1.679239631,0.3305805326,0.9005827308,0
0.009512076003,-0.0932952002,0.2554784399,-1.468989611,1.192626834,-1.305294275,1.208722591,0
-0.1588954455,-0.2692020832,0.09344498752,-2.103852749,-1.784858704,1.412155628,1.657075047,0
0.01947396926,0.3042068419,0.3275314785,1.506859422,-0.3161790967,0.459810704,0.6635718942,0
-0.1709623948,0.1085511756,0.218062213,2.575891018,0.4602848589,-0.9265203476,0.9917373061,0
0.2462657467,0.1772122408,0.3257666704,0.6237587929,-0.3451302946,1.062827349,-0.7554304004,0
-0.05557376513,0.2201585952,0.3470579043,1.817719817,0.2221780866,0.4993854165,-0.7427488565,0
0.1365987053,-0.1270816424,0.3828528261,-0.7495407462,0.4410416782,0.3324966729,-0.4805826843,0
-0.03367168903,0.1194028449,0.07130858448,-1.295934558,-2.161212444,-0.8407940269,-1.103045464,0
0.1697066251,-0.2117730642,0.2024145619,-0.894965589,-0.1378688216,0.4553676248,-1.172944903,0
-0.1002448289,-0.05915902283,0.1299427132,0.5346209407,0.1424974054,-1.858704925,-1.896641135,0
0.0059945329,-0.1120721746,0.3769362825,-1.517361999,0.6125550866,0.5769671202,-1.220578194,0
0.2851074284,-0.1763429359,0.02571483798,-0.553919971,-0.8008445501,0.01556255482,0.4317590892,0
-0.1083936958,0.2997474757,0.2130942099,1.918132901,-0.1761595458,-0.02296124399,0.3133758307,0
-0.05656062119,0.1400763951,0.181964738,1.954560518,0.04155061767,-1.181395531,2.094395161,0
0.1470228617,0.06404444272,0.3913350437,0.4117777646,0.2747501731,-0.01904043555,1.177072287,0
0.1865677734,-0.2053575582,0.1403875213,-0.8341316581,-0.3003385067,0.3800363839,-1.184787869,0
-0.1238713223,0.03120529971,0.353290391,-0.2491157651,0.2410307229,1.461139202,1.912425637,0
-0.1663497303,-0.1152794203,0.4457792231,-2.535584211,-0.1534220129,0.8684720397,0.5512431264,0
-0.03466229853,-0.265352299,0.4080508307,-1.700688124,-0.3788762093,1.288913012,-0.3437485695,0
-0.05374202479,-0.01353532873,0.02703215768,0.2467260361,1.408412933,-1.696300626,-2.094395161,0
0.1459548225,0.1679846446,0.2490936629,0.8553551435,0.2885906696,-0.6690807939,1.056921482,0
-0.3185619538,0.1472148373,0.1539510336,2.708706141,-0.5116491318,0.4767680168,-0.4326564074,0
-0.0946281357,0.03317376763,0.4328740168,2.804411411,0.6805564165,0.3867529035,-0.4313544929,0
0.1535526913,-0.2714922934,0.1671731673,-1.056064844,-0.5920898914,-0.08475673944,1.340034485,0
0.3083349039,-0.2499132668,0.08145801976,-0.6811256409,-1.288381219,0.8990011811,0.6458983421,0
0.178476512,0.2431995138,0.3819168882,0.9376995564,-0.5565453768,1.191046953,0.1782013476,0
0.1678587995,0.04102505845,0.2633225558,0.2397435904,0.5196099877,0.1118393838,-1.283486962,0
0.0313174314,-0.1897181363,0.2257654106,1.734378934,2.084121466,0.4704866707,-1.748040676,0
0.1705871546,-0.1566870532,0.2759640642,-0.7431923151,0.03086265922,0.6688361764,-1.3795892,0
-0.1411421041,-0.09941685193,0.3419704596,0.6142038107,1.150390029,0.08926456422,1.841465831,0
-0.1527710243,-0.3570481623,0.06866203316,1.166496873,2.000318289,1.453707337,-0.8008161783,0
-0.0541208693,0.1229395446,0.2191988071,-1.156102538,2.181661606,0.08205571771,-1.785035253,0
-0.2454384955,0.3041762906,0.0556991786,2.249727249,-1.214232683,0.7125561237,0.5780978203,0
-0.0166806716,0.09810447334,0.253512363,1.739214897,0.5689882636,-1.130187273,2.002714634,0
-0.007355754375,-0.3337610592,0.02827805096,1.548760891,1.549612522,1.570796371,1.281835914,0
0.2994957342,-0.09350968228,0.1265368928,-0.3026508689,-0.306537956,0.1044998318,-0.4406510293,0
0.305695085,0.2047258752,0.1276163862,-2.551430225,1.923564315,1.43484509,-1.096217871,0
-0.2307197677,0.2458908971,0.2335293766,2.32433629,-0.2923094928,0.308005482,0.0279051289,0
0.3137780947,0.1476954492,0.2710745541,0.4399160147,-0.5141303539,0.5385314822,0.53052634,0
0.102377505,-0.2526232567,0.1760297897,-1.185778022,0.1223331913,-0.4383935928,0.182850197,0
-0.2795809942,0.002484893804,0.08796702984,-0.008887651376,2.181661606,-0.025176147,1.957670689,0
-0.04006207734,-0.04719436921,0.08075660827,-2.274600029,2.181661606,-1.38077414,-1.612619877,0
0.01666630318,-0.386267067,0.1479476774,-1.52767396,-0.8421692848,0.5855299234,0.393976897,0
-0.2792204271,-0.1372711093,0.2746424593,-2.684675694,-0.9613264799,1.004084349,1.34064877,0
-0.1149432068,0.06492962196,0.1774308246,2.627413273,0.3441178203,-0.04795022309,-1.880839825,0
0.2747952839,-0.02978181355,0.1769614407,-0.1078490913,0.1029664055,-0.3025684357,-0.0943916887,0
-0.0835172936,-0.3202358651,0.05256226522,-1.825935245,-0.7485119104,0.4983359873,-0.7416727543,0
0.003790370134,0.220476559,0.2763184053,1.553596139,0.1072217599,0.5910513401,-1.386086106,0
-0.2081629133,0.04294193312,0.1750906676,2.938152075,0.5212801099,-0.5511390567,-0.4799787998,0
0.3234375015,-0.08639835847,0.2074343787,2.880563259,1.887142777,1.131451368,-1.13416326,0
0.1795603112,-0.2346209103,0.366330428,2.224030972,0.9005128741,1.305408597,0.6789366603,0
0.2144156855,-0.01905636385,0.3978917698,-0.08864782751,-0.6677002907,1.296026945,1.14657259,0
-0.05400458915,-0.001847347167,0.3932177177,0.03466589376,1.497822046,-0.09118922055,-0.3581901193,0
0.2324710407,0.2770481075,0.08148974293,-2.268843174,2.090704679,1.387091875,-1.153697371,0
-0.1064593684,-0.02418129115,0.1753595912,-2.918241262,0.3191467524,-1.510225415,2.094395161,0
-0.001238607313,0.1646586982,0.3773563737,1.57819438,0.3820039332,0.6590263844,-1.062253475,0
-0.1263577662,0.2043670183,0.4211115852,2.124542236,-0.2621799409,1.297989607,-0.5379592776,0
-0.1048846791,0.04656337364,0.1477328692,-0.4175086617,-0.6175736785,-1.792721629,-1.282070518,0
0.08899236985,-0.01861612475,0.0554395558,-0.2062301487,0.01275422983,-1.829072475,1.579007983,0
0.03226603676,0.1412582002,0.08405899513,-1.795362473,-2.181661606,-1.57003057,0.7143980861,0
0.04946924411,0.1343902418,0.1653524025,1.218087196,0.03594746441,-1.305437803,2.094395161,0
0.1530488349,-0.1568794667,0.1511583303,-0.7977958322,-0.3598574996,0.6014084816,-1.918123245,0
0.2096679563,0.2878833982,0.3017283163,0.9413228631,-0.6882569194,1.029190898,0.1858896017,0
0.03255564619,0.3697885774,0.1624215346,1.482982993,-0.7428712249,0.9039673209,-0.6285677552,0
-0.1768117527,-0.2036751173,0.125826659,-2.285701513,-0.5554656982,-0.4765800834,1.616826653,0
0.07325426263,-0.02919415289,0.259589977,2.76232338,1.819648504,0.05247407034,-1.766810179,0
0.03346520511,-0.3712046007,0.1898642345,1.660706639,1.861656666,0.5667818189,0.7425240278,0
-0.2733943998,-0.2334381769,0.02290357727,0.7067257762,2.181661606,0.6060438156,1.122767091,0
0.02763240491,-0.1929151032,0.3963093759,-1.42852807,0.3511323333,0.1240054518,0.3662897944,0
0.1029552746,0.3126182655,0.08548220463,1.251993656,-0.6834932566,0.5958204269,-0.9114923477,0
0.1043212389,-0.1328783448,0.2781076141,2.236362457,1.666936636,-0.5982952714,1.876342893,0
-0.007065969233,0.2066245311,0.16106866,1.604982615,0.1111492738,-1.032539845,1.391012788,0
0.04665061501,-0.1948859538,0.07969362992,-1.335842848,0.3210738897,-1.02254796,0.1751298904,0
0.06331535026,0.162729069,0.219048174,-1.941857457,1.907530785,0.6400920153,-2.094395161,0
-0.03009129749,-0.08496943525,0.4931107286,1.230436444,0.5368222594,1.412789106,-0.5512782335,0
-0.05136571996,-0.05097578595,0.0498075689,-2.358961582,-0.2855997086,-0.5809300542,-1.778925657,0
-0.234905792,-0.1051087994,0.06254192294,-2.720860481,-0.2832982242,-0.1154597178,-0.7600916028,0
0.2301141182,-0.1863310931,0.1840935344,-0.6809381247,-0.03942139074,-0.2759521604,0.2826075852,0
-0.02011659611,-0.02703024883,0.1497645578,0.9322618246,-1.499549031,-1.36248064,-1.703672647,0
-0.1354399885,-0.2759236568,0.2253381715,1.114434958,1.817700982,0.1242026389,1.375494838,0
0.1002398409,0.1539552198,0.246734034,0.9936428666,0.06805234402,0.6450923085,-1.869918346,0
-0.3150193781,0.1289447781,0.05261729476,2.753064156,-0.9257823825,0.05966852605,0.9836809635,0
-0.2766841779,0.237398484,0.06547768595,-0.7090099454,2.09498024,1.441009045,-1.128157735,0
-0.03324488878,0.01847134123,0.105550257,2.636265039,1.327061653,-0.9801533818,-1.807547092,0
0.2753913161,0.0987843485,0.2882035366,0.3444102407,-0.4471442401,1.274321079,-1.265511274,0
-0.1341038251,0.3351571163,0.2746734989,1.951407671,-0.7025729418,1.210943103,-0.4634179771,0
-0.1592522835,-0.342331072,0.1623315622,-2.006262064,-0.6772177219,0.600848794,-0.09004707634,0
-0.05298537293,-0.06279868162,0.1224147654,-2.271641493,0.1691093296,-1.869445443,2.094395161,0
0.138005577,0.08210270644,0.1968842034,-2.604961634,2.148451805,-1.079866648,2.015849829,0
0.01655136014,0.09146627643,0.3834537039,-1.749872446,1.481783509,-0.431460619,0.8839796185,0
-0.1542221756,0.3378411227,0.1470519828,1.999292612,-0.6371002197,0.4517785013,0.001477930695,0
-0.2903811701,-0.139686977,0.03012639648,-2.693222284,-0.658189714,0.001843342558,0.02123067901,0
-0.375643891,0.06696550571,0.1588210497,-0.1764153838,1.714502931,1.570796371,-0.9004274011,0
-0.1102793159,-0.07318264963,0.1046518013,-2.555707932,-0.2533146739,-1.505878687,2.094395161,0
0.280244575,-0.2466848402,0.2088967284,2.419849873,1.709523797,1.32778573,-0.7672180533,0
-0.1952722961,0.2365121045,0.1113514261,2.260149717,-0.5133275986,0.5038374066,-1.055177331,0
-0.3168287269,0.1423714038,0.2166234183,2.71927762,-1.1581074,1.061488867,1.212026477,0
-0.1782073174,0.2472203622,0.1263422253,2.195374727,-0.5660681129,0.6971015334,-1.25422895,0
-0.1579970447,0.1350802026,0.1465197868,2.434262514,-0.1843227297,-0.9610310197,1.753640294,0
-0.09812672435,0.04304435372,0.4448646184,-0.4150125682,0.6419369578,0.6387139559,1.269333243,0
-0.1098682913,0.03550322321,0.02192149476,2.829046726,-0.04853487387,-0.7064947486,-1.143870354,0
0.3032635379,-0.2336913579,0.2178372192,-0.6565480232,-0.9157323837,0.8964374661,0.5498612523,0
0.2407388495,0.055798061,0.401602223,-2.913836002,1.167193651,0.660151124,0.6850453019,0
0.05599357812,0.3799244218,0.2149306219,-1.717122912,1.713882804,0.8318676949,0.4471154809,0
-0.1197349786,-0.09435896723,0.2357631799,-2.474396467,0.7261086702,-0.1848288327,-1.228276253,0
0.3585500158,0.173398726,0.04225264337,0.4504496455,-1.311566114,0.8821289539,0.4109880924,0
-0.2329782637,-0.1785823227,0.1771123712,0.6539891958,2.10117197,0.9582019448,-1.496089339,0
-0.3292220641,0.04307988473,0.08094213336,3.011515856,-0.9747313857,1.126423359,-1.327200055,0
-0.06672803689,0.2501020304,0.1619853859,-1.310066462,1.886163831,-0.04990715906,2.094395161,0
0.1189459565,-0.06804532125,0.2581460882,-0.5196273327,0.3402191997,0.4682712853,-1.944372654,0
-0.1172436441,0.1153030582,0.03091922506,2.364539385,-0.8894868493,0.3334216475,-2.094395161,0
-0.1064681779,-0.2445769107,0.04744227977,-1.981351733,-0.277094543,-0.511908114,0.1698123366,0
-0.04659791944,0.07583995314,0.1898171764,2.11898303,-2.177742481,-1.86035502,-1.669611812,0
0.1449169855,-0.06031101023,0.2537775961,2.747004271,2.179824829,0.06486602128,-1.393352389,0
0.02496005982,-0.08252200647,0.04568791284,-1.277030826,-0.6469413042,-0.326531142,-2.026848316,0
-0.1777761588,-0.03881585785,0.3221925113,-2.926626682,0.1693430096,0.8425323963,-1.564968944,0
-0.03538014123,-0.07189455583,0.2920905757,1.11343646,2.103764772,-0.3703818023,-0.9492964745,0
0.1382160607,0.322810575,0.2952286166,-1.975344419,1.432467222,0.900559783,0.5183180571,0
0.1832909571,0.1486881168,0.4348428649,0.6815411448,-0.2948044538,1.055067778,0.3048700094,0
0.009765768072,-0.15382922,0.05121596685,1.634195328,-2.005694866,-1.372415662,0.3041239083,0
0.04027256994,0.3337245163,0.212461888,1.450675964,-0.5708388686,1.005601525,-1.011574984,0
-0.07332915591,0.3925417652,0.07680680077,1.755470037,-1.123116136,0.7852962613,0.271022588,0
0.03849856243,-0.2591335815,0.07798006844,-1.42350924,-1.895149708,1.484231114,2.077496767,0
0.1720336416,0.01526141988,0.1627891743,0.08795590699,0.03641627356,0.163702786,-1.840679526,0
0.227338478,0.2606350222,0.04453244966,0.8534948826,-0.746473372,0.1519615352,0.1284727156,0
0.3303488408,0.208232747,0.1902356732,0.5624315739,-0.871607244,0.8059104681,0.3437169492,0
-0.1239852042,-0.0254443185,0.3543137777,-2.939183712,0.5921960473,0.505081296,-1.288849831,0
0.1275004118,-0.05934510857,0.200044106,-0.4356440306,0.4314253628,0.006981330924,-1.757315516,0
0.0374477572,-0.2098018187,0.3375686929,1.747430563,1.608323097,-0.1690053344,1.189198136,0
0.167937646,-0.303523436,0.3223347544,-1.06542778,-0.7128818035,1.15267992,0.1770229787,0
0.04576710043,-0.004191448899,0.03073638018,-0.09123721719,1.636112452,-1.51065886,-1.483784556,0
-0.1124687274,-0.04040586993,0.2748235416,-2.796580076,0.7206462026,-1.037486076,1.551870704,0
0.1665238968,-0.08636410557,0.3456237729,-0.4784324765,0.1264683902,-0.1542340964,1.446910501,0
-0.1469914968,-0.2163877932,0.2581718146,0.9741011262,1.599826455,0.07220984995,1.718351603,0
-0.1710017501,-0.1976283493,0.1622095609,-2.284128666,-0.04072974995,0.1076657102,-0.9771462679,0
-0.1441693533,-0.1120994622,0.3692816303,-2.48071003,0.5426037908,-0.1517352462,0.3522684872,0
-0.01524950336,-0.2971091346,0.3780367826,-1.622077227,-0.726089716,1.342281342,0.4439519346,0
-0.2295967228,-0.1755273938,0.1213371924,-2.489386559,-0.332698822,-0.4890055954,0.9795044661,0
0.02882406808,-0.205182235,0.2449400925,-1.431328773,0.6525773406,-0.6823714972,0.2439679056,0
-0.3987422197,-0.02108351178,0.201875257,-3.088766813,-1.043771625,1.170137882,0.1722373664,0
-0.2129840647,-0.02576826894,0.2837906721,-3.020364761,-0.4087318182,0.1474290788,2.026861429,0
-0.085273864,0.3002264015,0.2371747072,-1.294052958,1.970392108,0.8060520291,-0.996583879,0
-0.2563814849,-0.07127039707,0.3675698672,0.2710438967,1.568333983,0.559871614,-0.1666916907,0
-0.1661136422,0.1336490852,0.3590263766,2.464059114,-0.2565986216,0.3852491081,1.518259048,0
-0.2863462258,0.151182374,0.3086290467,2.655859232,-0.5152856708,1.225491762,-0.7714216709,0
0.3930261075,0.02146119432,0.1779510661,0.05455075949,-1.108670235,1.491646051,-0.5958693027,0
-0.1218309034,0.02511677171,0.479256954,-0.2033508122,0.7058041692,0.8395139575,0.5859780312,0
0.1209083186,0.2617070787,0.1344628869,1.137905478,-0.187366426,-0.4851897359,0.7082902789,0
0.1297607834,-0.02888834625,0.3998532654,-0.2189367414,0.6311904192,-0.168773964,0.6611653566,0
-0.2380359784,-0.2506501026,0.0543987673,-2.330156326,-1.813918233,1.352403879,1.323389173,0
-0.2041779281,0.1236583252,0.3065046545,-0.5445299149,1.475882292,0.05792535841,1.575615525,0
-0.03953347665,0.0949289144,0.4627881899,1.96556282,0.2793493867,0.4753374457,0.8395107388,0
-0.01229452252,0.2317165972,0.3896282053,1.623806953,-0.433269918,0.8342425227,1.161967516,0
0.3387495755,0.1717932949,0.1041285514,0.4693432748,-1.045697093,0.5450500846,0.8135817051,0
0.1961288994,0.2070844164,0.04666898323,0.8123848438,-0.7935663462,0.6484336257,-1.356323481,0
-0.2262290795,-0.2476521594,0.3394722486,-2.311017275,-0.6537035704,1.145996332,0.1597373784,0
0.1961593521,-0.1785799148,0.203033918,-0.7385197282,0.2110724598,-0.42882213,0.1879588366,0
0.0881400769,-0.2537232587,0.1876993165,-1.236451983,-0.6608356237,1.303639293,-1.905864835,0
-0.06216573429,0.3200291239,0.0955251207,1.762656808,-0.6909966469,0.6851451993,-1.036977172,0
0.1384083004,-0.119244031,0.1868217493,-0.7111547589,0.8156493902,-1.093218446,0.4336210191,0
-0.2778232699,-0.02487854815,0.1536217036,-3.052305937,-0.3182774484,0.4833527803,-1.256950378,0
0.05569981165,0.001477541005,0.206250654,0.02652135678,-1.474015713,-1.892675638,-2.094395161,0
0.2556131645,0.03406342927,0.1065448759,0.13260822,-0.2795231044,0.1848196536,-1.172076464,0
0.05796601179,-0.3931311306,0.04446942263,-1.424404144,-1.193888664,0.8607248068,0.04985686764,0
0.03836718325,0.2002594965,0.06780830039,1.381505251,-0.2964836657,-0.01015043911,-1.412343621,0
-0.138460214,0.1861090812,0.1071870816,2.21049118,-0.4328995645,0.4366030395,-1.684872985,0
0.2694449785,0.2461882501,0.1942420929,0.7403730154,-0.5499818325,0.4107887149,0.240471065,0
-0.2152583344,0.03569985564,0.2871521418,-0.1643523127,1.771420002,0.7609947324,-1.493055344,0
0.2193719382,0.084058431,0.3603536732,0.3659207225,0.01386653446,0.1252296567,0.9618264437,0
-0.04208111185,0.3583611479,0.1597562768,1.687730312,-0.7797891498,1.04950738,-0.9057736993,0
-0.02046234613,-0.110647549,0.1730097063,-1.753662944,0.2843318582,-0.05349969491,-2.094395161,0
-0.05315018838,-0.3975365443,0.07429611969,-1.703706622,-1.208585501,0.8539283276,0.3948519826,0
0.2275989633,0.2117157815,0.3116845041,-2.392333269,1.714258909,0.7314650416,-0.4478395283,0
0.1574376785,0.04461192805,0.09503455814,0.2761251628,0.7995874286,-1.29556942,0.09371764213,0
-0.3176129701,0.02879640728,0.1966608397,3.051178217,-0.2158397883,-0.09027613699,0.4444119334,0
-0.1409880372,-0.08976581606,0.1855495805,0.5669625998,2.181661606,-1.057118177,2.0580194,0
0.3442422618,0.1955228249,0.1213954014,0.5165387392,-1.167243242,0.8629538417,0.6574288011,0
0.02440356098,0.3930014324,0.06387513919,-1.632807612,2.082000256,0.7861773968,0.6109285951,0
0.0165203648,-0.3480464346,0.1563791083,-1.523365974,-0.6522704959,0.8452343941,-0.8887650371,0
0.02963405665,-0.08288154077,0.2074421122,-1.227425814,0.9175611734,-1.546190858,1.727558732,0
0.2409418438,0.04088045703,0.113298558,0.1678709388,-0.1036207378,-0.02716788091,-1.038729906,0
-0.07402419679,-0.1606942966,0.4185677589,1.139119267,1.386619925,0.2459994853,0.2716203332,0
0.08481182101,0.1990248181,0.4089228271,1.167971849,0.02289627492,0.4142487645,0.7008609772,0
-0.3789416639,0.09709550183,0.03285621016,2.890768528,-1.217979908,1.007371902,-0.347589761,0
-0.2213390463,-0.1157693387,0.1068554705,-2.659327269,-0.551651895,-0.6455565095,1.702693582,0
0.1124825313,0.06935168305,0.1475751186,-2.589091778,-0.4599211812,-1.90973556,-1.220502019,0
-0.2206860091,0.01140913643,0.0222788118,3.089437246,-0.1851737797,-0.5884618759,-0.2864480615,0
0.2034856578,0.3337818628,0.2253517187,1.023321152,-0.9075510502,1.091729403,0.08342308551,0
0.2566728175,0.07806413117,0.06704426857,0.2952377498,-0.6166236997,0.4792202115,-1.377014041,0
-0.3083993756,-0.1165302213,0.3186169079,-2.780321121,-0.5229508877,0.7325668931,0.5582587719,0
0.3704682578,0.1710649001,0.1194455989,0.4325849414,-1.154927254,1.180058479,-0.1949476004,0
-0.1533576216,0.03734349502,0.4243946995,2.90273571,0.4540610015,0.2102015465,0.2522539496,0
-0.1082671581,0.09698586795,0.4237546582,2.411104679,0.3365507126,0.8453512192,-0.8793160915,0
-0.1868948721,-0.06171934211,0.2319639908,-2.822650194,0.07232534885,0.5203735828,-1.732092857,0
0.0009502082965,-0.1169034593,0.3020757335,-1.562673569,1.186986208,-0.8783295751,0.4520837367,0
-0.2460425784,-0.09823167416,0.3739609458,-2.761735916,-0.2310979962,0.526106894,0.7785086632,0
-0.1116761924,0.3239889674,0.07629886969,1.902653813,-0.8040006757,0.7282883525,-0.8849312067,0
0.1478969103,0.007164606062,0.2733932566,0.04992618784,1.083855152,-0.8592404723,0.2315142602,0
-0.1119628873,-0.1474783501,0.1558117127,-2.21991992,-0.09553626925,-1.084603906,1.875248313,0
-0.1928703425,0.2455423003,0.04050426639,2.236693859,-0.5623520613,-0.1549628377,0.1751868576,0
-0.1370751906,0.2873677182,0.1931230933,2.016319036,-0.1861385405,-0.07654595375,0.2921566665,0
-0.06693039652,0.1625369716,0.337223028,1.96141386,0.4211746156,-0.4240435362,1.144935489,0
0.01293206845,0.2239639481,0.2998853014,1.513118625,-0.3245226443,0.1141695231,1.810987473,0
0.1911840252,0.2729145876,0.08949634809,0.9597395062,-0.5463122725,-0.08663678169,0.4505247474,0
-0.06986704635,0.08449907269,0.4624785846,2.260334015,0.3001760244,1.053036928,-0.7524167299,0
0.09452107169,-0.2415619714,0.1842672353,-1.197142363,-0.04861431569,0.2542355359,-1.117786884,0
-0.0696594269,-0.2374814905,0.1594704477,-1.85607183,0.1134251654,-0.1196266562,-0.8189675212,0
-0.05901757176,0.2047617505,0.07138784436,1.851415396,0.170888409,-0.7568677664,-0.2280097157,0
0.2558277015,-0.2732554245,0.1243956463,2.323266983,2.057129383,0.4794316888,0.8622359037,0
-0.1697263471,0.2124468236,0.3062475307,2.244803429,0.1329884678,0.05912348256,0.1181918904,0
-0.2139294444,0.007687858627,0.07900904525,3.105668783,0.2184157073,-0.9005936384,0.1089854836,0
0.0540475666,0.01696983532,0.341856017,-2.837281942,1.472530842,0.2483313829,-1.346809268,0
-0.1728158412,0.3409665736,0.1895501876,2.039901972,-0.8608159423,0.6903221011,0.5936498046,0
-0.2138818371,-0.2268917344,0.1402666618,0.8145577908,2.160891771,-0.05586065724,1.46936512,0
0.04481416375,0.08930012097,0.4340948201,-2.03579092,1.05402422,0.8718088865,-0.9770359397,0
-0.1638644493,0.3219092598,0.05969641434,2.041636467,-0.8152005672,0.2451260984,0.2968124747,0
0.2223623069,-0.2326399643,0.1285780989,-0.8079748154,-0.3134260774,0.007278125733,-0.1349958032,0
-0.1964411046,-0.3173271057,0.07120832542,-2.125110149,-1.035604477,0.4158512354,0.7664446831,0
-0.3266914839,-0.0796991805,0.1437465075,-2.902430773,-0.8538413644,0.2062330544,1.329193473,0
0.1300821805,-0.270478246,0.3315187131,-1.122516513,-0.2251987308,0.8218740225,-0.508831501,0
-0.2627360972,-0.1549405996,0.07809542013,-2.608768702,-1.154945612,0.1835164577,1.771572113,0
-0.2963925398,0.06474838592,0.1125706242,-0.2150744349,2.005957365,0.2054482102,1.809262753,0
-0.2406283225,-0.04362930824,0.4026424619,0.1795834899,1.201712847,0.6121380925,0.6498684883,0
-0.209953369,-0.2354833126,0.1609481877,0.8426479101,2.121716261,-0.04096408933,1.360763073,0
-0.1627303738,-0.05867831093,0.2024663728,-2.795526743,0.1486206055,-1.041671157,1.821140051,0
-0.1361134883,0.04908100839,0.4345756556,-0.3460683525,1.024426818,0.3303658664,0.9677917361,0
-0.1250279778,0.1154826743,0.3823068002,-0.7457547784,0.9699903727,0.3739255667,1.587744355,0
-0.006292312501,0.3246109274,0.03119499236,1.590176225,-0.6750586033,-0.03342406452,0.1763165295,0
0.1104802362,-0.2326453394,0.07385815909,-1.126920819,-0.2906275988,-0.01474256814,-0.9132462144,0
-0.04845404113,-0.3972010369,0.1457949365,1.449407458,1.780703306,1.385118961,-0.5177426934,0
0.2119822265,-0.1148307596,0.4360874719,-0.4964485466,-0.3557499051,1.215873122,0.1043122709,0
-0.1323277674,0.1584113304,0.2542904095,-0.8750112057,1.966974735,0.5659521818,-1.587713003,0
-0.2306572409,0.1344234598,0.07834653136,2.613884687,-0.5064452887,0.3681863844,-1.284437895,0
-0.006933499091,-0.2531006586,0.09183938877,-1.598267436,-0.6362852454,0.6607317924,-1.707267761,0
-0.2172469748,-0.2551547546,0.1270302967,0.8654692173,2.147629023,0.1255230308,1.291717052,0
0.1337631119,-0.03898826867,0.213949126,2.857977152,2.181661606,0.1248000264,-1.833928108,0
-0.1125096546,0.04665761865,0.05926885525,2.74847579,0.6193287969,-1.721963644,0.8870130181,0
-0.1138185062,-0.04872411708,0.3057301329,-2.737459421,0.5707681775,0.4376115203,-1.624026299,0
-0.1787075264,-0.3443549758,0.02617804107,-2.049499273,-1.335475922,0.7731345892,0.6012205482,0
0.1834255708,0.03107440178,0.3554162941,0.1678183824,0.444796592,0.3662807643,-0.8086551428,0
0.08039195399,-0.2873290952,0.1357316748,-1.297981858,-0.1867051274,-0.3734849393,0.471503973,0
0.3253542099,0.1379486554,0.1907798617,0.4011749029,-0.5354418755,0.2326720357,0.6003301144,0
-0.1176915535,-0.06784387663,0.2197264961,-2.618409395,0.2904359698,0.2782775164,-2.017718554,0
-0.2144355637,-0.2812277036,0.2403557752,0.9192559123,1.203045011,1.282880425,0.9690585732,0
0.2096096102,0.1315705539,0.3182398584,0.5605311394,-0.09603823721,-0.01193386503,1.24014771,0
-0.1111673041,-0.06989386046,0.3945544499,0.5612249374,1.275688291,-0.1361461729,1.182353139,0
0.09056554455,0.1919266583,0.1411960692,1.129858494,0.4953829348,-0.9242748618,0.1922359616,0
-0.1893462467,0.2979908552,0.1656785467,2.136702061,-0.4853925109,0.1862828732,0.3188636303,0
-0.007985733418,0.2301281225,0.2590252386,1.605789542,-0.3532256782,-0.1062872037,1.91723454,0
-0.04185240717,0.04204960663,0.03415024426,2.353939772,1.631143093,-1.511817575,-1.353213906,0
0.1845120612,-0.1314162876,0.2601081041,-0.6193810701,0.1673271358,-0.5655713081,1.232768297,0
-0.03183003976,0.06805618232,0.490309569,2.008273363,0.251645118,1.21506536,-0.5605742931,0
0.05439777942,-0.3462322153,0.2211308766,1.72666502,1.845790386,1.07772696,-0.8653562069,0
0.3985111273,-0.03154551809,0.1825392426,-0.0789937079,-1.140737176,1.151884317,0.4082568884,0
-0.1539289029,0.1613450681,0.3279407807,2.332724094,0.05573678762,0.8351199627,-1.259088159,0
0.04984639992,-0.03003789947,0.3276071472,-0.5428197384,1.256559968,-0.1432089061,-0.995531559,0
0.04077209814,-0.1866685551,0.4166400342,1.785763383,1.385007262,0.5021279454,-0.2294843048,0
0.04903385885,0.07629978175,0.4691348414,0.9995895028,0.5177020431,0.4562325776,0.1744876951,0
-0.122790233,-0.09758394605,0.06625207258,-2.470078945,-0.6211610436,0.1724256873,-2.094395161,0
0.01915978545,-0.2484823511,0.06040618906,-1.493803501,-0.1118203551,-0.6540747881,0.1666014194,0
0.06027893443,0.271721614,0.1308642395,1.352388501,-0.6376299858,-0.3447082639,1.666612387,0
0.04572470154,0.1831921849,0.03668694885,1.326199889,-0.1514735818,-0.4130319655,-0.9608491659,0
-0.1883591724,-0.1658568975,0.2462827386,-2.419636965,0.3239192367,-0.4099372923,0.2696173489,0
-0.3811119339,0.1212636296,0.1258789918,2.833538294,-1.059717298,0.8222875595,0.3973392546,0
0.1627081884,-0.1505645403,0.2632166595,2.39494133,2.002683163,0.5075278878,-1.369528413,0
0.236545815,0.04104111889,0.2666173812,0.1716360748,0.3975923061,-0.3880532682,0.234388411,0
0.3897071635,-0.07263111924,0.1671367783,2.957333803,1.756200671,1.339602113,-0.5156003237,0
0.06505332723,-0.158041711,0.08940608199,-1.180306792,0.6549199224,-1.096179843,-0.2154134661,0
0.2396200585,0.04795667575,0.3450817156,0.1975425333,0.2255517691,0.2725634873,-0.2635102868,0
-0.09970052421,0.2050636735,0.2848469952,2.023456335,0.4350219369,-0.08275080472,-0.4310267866,0
0.01399854322,-0.1813865107,0.1793720602,-1.492548466,0.228478834,0.04221310467,-1.557099462,0
-0.1944336965,0.1827941985,0.2253252597,-0.7545856237,2.006638527,0.8139770627,-1.466540337,0
0.09889810104,0.2982036134,0.3694707405,1.250564933,-0.6784874201,1.438940525,-0.1396816969,0
-0.2720865854,0.1139344834,0.2185832974,2.745029449,-0.4732933342,-0.04394531995,1.425145388,0
0.07931877279,0.000302046271,0.3888681663,0.003947265446,0.8354107738,0.3794999123,-1.003286004,0
-0.08526735636,-0.2005642014,0.1496578738,-1.972788095,0.06499186158,0.008780207485,-1.285087466,0
0.001530627197,-0.1054902833,0.3568016642,1.585415721,1.309500456,-0.4415990114,1.576476216,0
0.09911954718,-0.02761754061,0.1692657203,-0.2734102607,0.5094278455,-0.2321897596,-1.934399009,0
-0.3437693639,-0.05580814095,0.2522109557,0.160938248,1.70832479,0.5164012909,0.781019032,0
0.2048616866,0.197709182,0.1205663852,0.7672728896,-0.1696524918,-0.5124071836,0.594086647,0
-0.03011343271,-0.1497436864,0.06535517954,-1.769211054,-0.190222919,-1.43088603,1.587855458,0
-0.2245661269,-0.2366086001,0.2724678079,-2.330086708,-0.2477804124,0.5059449077,-0.2406010628,0
0.215775732,0.1108948941,0.198033323,0.4736854434,-0.1243453622,-0.628864646,1.496179581,0
0.2317320831,0.05643989742,0.3827795802,0.2390942276,-0.07594890147,1.038958073,-0.8558632731,0
0.1459789361,0.2182537346,0.1493692431,0.9812839031,-0.02964442037,0.003756395541,-0.8557052612,0
0.1928098382,0.2152756829,0.0733633446,0.8403965831,-0.2926847041,-0.3848408461,0.2011677772,0
-0.1994878851,-0.32572529,0.06966412449,1.021278739,2.124183416,0.6208723187,0.8085751534,0
-0.2492378524,0.1190132282,0.0757278729,2.69610095,-0.4990494251,-0.5715324283,1.148816586,0
-0.1596321123,-0.01023890517,0.4452608338,0.06403649598,1.012784958,1.0746876,-0.7377244234,0
-0.06703819312,0.01849193236,0.2994948976,2.874419928,0.684143424,0.5191547275,-1.982273936,0
-0.1881010888,0.1827980743,0.2766502636,2.370593548,-1.17455256,1.424619079,1.624597907,0
-0.03052446646,-0.06271540323,0.2574542723,-2.023762703,0.7906692624,0.1783947796,-1.991146803,0
-0.05373024211,0.0232538776,0.02349507023,2.733510017,-0.03095014021,-0.8902142048,-1.337413073,0
-0.15360133,0.09590139221,0.2400865846,2.583460093,0.03072455339,-0.7247653008,1.946059704,0
0.04699422229,0.01911602767,0.3816415987,-2.755917549,1.131234288,0.6824592948,-1.440503716,0
0.0923113769,-0.2852133573,0.1985786763,-1.257740378,-0.03668059781,-0.02683081105,-0.2057262808,0
0.07679814371,0.07213868657,0.4227224582,0.754124701,0.7487105727,0.1821618229,-0.2164642811,0
0.1357935402,-0.1609147739,0.4254634572,-0.8698631525,-0.2223069072,0.780587852,0.857673347,0
-0.2977680503,0.2259412891,0.1805106338,-0.6490985155,1.822577,0.6221755743,0.8428550363,0
-0.0211910902,0.05315717773,0.4331741904,1.950154543,0.803332746,-0.07171826065,0.6810569167,0
-0.1922039333,0.2738583392,0.2289770483,-0.9589135647,1.833917022,1.094811916,-1.031475306,0
0.2767648813,0.002727100168,0.2457273946,0.009858340956,-0.4128702879,-0.02723784,1.533729196,0
0.2420512142,0.07126771944,0.4063113945,0.2863823175,-0.1233718693,0.9186493158,-0.2784773111,0
-0.1705011556,-0.2256787522,0.2439464987,-2.217801571,-1.020745873,0.9132250547,1.771027923,0
0.08272134209,0.232245266,0.3768599197,1.228299022,-0.08184978366,0.9901525974,-0.8055590987,0
-0.1229790547,-0.2379928784,0.1664897791,1.093854904,2.105445385,-0.3101204932,1.775340319,0
0.1386117478,-0.3010908415,0.2220769335,2.002237558,1.846388936,0.2521485686,1.110109925,0
0.02729756458,0.2495008953,0.3645129066,-1.679760695,1.326219559,0.381020844,1.030515075,0
-0.03821691995,0.1290013764,0.4275967087,-1.282801747,0.9758118987,0.2930448353,1.159307003,0
0.3014520246,0.1362440672,0.02569990861,0.4245536923,-0.8632091284,0.5494013429,-0.7408344746,0
0.07621093918,-0.1984198163,0.3483265307,-1.204081535,0.2141025066,0.6326810122,-0.9880577326,0
-0.04966770774,-0.005886616298,0.1138496537,-3.026135921,0.868549943,-0.7994440198,-1.861397266,0
0.1499478923,0.3665895521,0.176333433,1.182525277,-0.9917380214,1.235554338,-0.4148430228,0
-0.1660025879,-0.2362125852,0.2534117489,-2.183377266,-0.7196914554,0.4535844922,1.643023252,0
-0.1304832161,-0.04043493156,0.02876246641,0.301261425,-1.757866859,-1.142136693,-0.396396488,0
-0.1180887579,-0.3262520124,0.09906245863,-1.917904854,-0.7152690887,0.6623622179,-0.7764543295,0
0.07460119306,-0.2428906997,0.2875162642,-1.272410274,-0.1861498952,-0.09000834078,1.412913442,0
0.1368338682,-0.1762460648,0.3389642424,-0.9107272625,0.005463063717,-0.03698955476,1.276654243,0
0.1094622283,-0.1348529052,0.371621021,2.252610445,1.419928908,0.7975006104,-1.19214642,0
-0.02854056631,-0.0347881704,0.1504085819,0.8837333322,-0.4623758495,-1.502522945,-2.094395161,0
-0.21389581,0.1917621309,0.3759956738,2.410702705,-0.2329095006,0.8095165491,-0.02890332416,0
0.02950188489,-0.1141634588,0.2438783956,-1.31791079,0.3668368161,-1.057098031,2.094395161,0
0.2662238888,-0.1309848343,0.2920906366,-0.457421273,-0.2515294552,0.8757305741,-0.9190279841,0
0.1426960565,0.0204581251,0.4360818141,0.1423913389,0.3344553113,0.2495258749,0.7180036902,0
-0.01685179849,-0.2403704026,0.2386222844,1.500802279,1.731117129,-0.1923201084,1.870280266,0
-0.2425483708,0.03150544185,0.09490241479,3.012421608,-0.1077864319,-0.1475541294,-0.8780674934,0
0.03002448339,-0.3125401482,0.02513485493,-1.474866271,-0.9631997943,0.7964814305,-1.171741247,0
0.08236123633,-0.3083741243,0.2422696436,1.831520796,1.73710072,1.220642328,-1.218039989,0
0.1537320508,-0.08869071754,0.3879234632,-0.5232722759,0.2476337701,0.8342741132,-1.059073687,0
-0.0210989778,-0.2341949043,0.3649782921,-1.660572767,0.009330630302,0.1597734094,0.9288044572,0
0.2091989682,-0.04662960722,0.1838372738,-0.2191629857,0.3094893396,-0.1419368386,-1.034838319,0
0.2883011645,-0.09933149434,0.2952230064,-0.3318025768,-0.1932981312,0.679521203,-0.603741467,0
-0.2639380248,0.03823699439,0.05152798192,2.997238636,-0.4177241623,-0.641864717,0.8450906277,0
0.04079151092,-0.1235109921,0.4292317585,-1.251775622,0.1983729601,0.3003462553,1.172950625,0
0.1866560417,-0.01294180134,0.143342798,-0.07058510184,-0.1807012707,-1.082667947,1.911908984,0
-0.03936511674,0.3299979935,0.1291793609,-1.452069283,2.143929243,0.1077925786,1.318753839,0
-0.1122686904,0.05049348418,0.1160081822,2.718949556,1.239814043,-1.785986781,0.8268959522,0
0.2567878816,0.1438572948,0.134811093,0.5106077194,-0.4823040664,-0.3673058152,1.276737094,0
-0.009737613356,-0.1711347288,0.04715437661,-1.627656579,-0.7143406868,-1.152092338,1.996666789,0
0.01852725821,0.1688681258,0.2368849377,1.461612582,0.5450094342,-0.02096198127,-1.303097248,0
0.2189555388,0.2444755102,0.174295239,0.8404066563,-0.6347576976,0.06392608583,1.203910232,0
-0.1444866095,-0.287721097,0.05480258368,-2.03619051,-0.5950917602,0.1837724745,-0.4206244051,0
0.2517989198,-0.03061154746,0.2214045024,-0.1205840483,0.317486912,-0.3625159264,-0.06122300774,0
0.02466045255,-0.0696469908,0.04152797302,-1.230540395,1.277272463,-1.402485132,-1.107274652,0
-0.2442797579,-0.1526964314,0.1145683233,-2.582929373,-1.651920438,1.272515416,1.939375401,0
0.04555780376,-0.2029672925,0.1463960736,-1.350193262,0.3146004081,-1.076882124,0.9327051044,0
0.1131096677,0.07201535667,0.1809954319,0.5669547915,0.659486115,-0.3129667342,-1.496404052,0
0.1459300303,0.1348029083,0.3675642693,-2.395778418,1.753627896,0.09313975275,-0.1478019208,0
0.1128536871,-0.361572415,0.2403451922,-1.268259525,-0.7249133587,0.9050844908,0.03199965507,0
0.1963423324,-0.09031261149,0.07821710859,-0.4311149418,-0.4208201468,-0.9723082185,1.594005108,0
0.1014760823,0.02807007907,0.4536999752,0.2689222693,0.4076509774,0.8961899877,-0.7495215535,0
0.3068753464,-0.004869148367,0.06023255005,-0.01586566307,-0.8400386572,0.7968857288,-1.304953098,0
0.07725845262,0.002319439585,0.2584741121,0.02821521834,1.745934606,-1.291431189,0.4186293781,0
0.02205814296,-0.1765138779,0.2399960653,-1.447339058,0.4590790272,-0.9622377753,1.349592566,0
-0.2698925916,-0.2223322158,0.2971460413,-2.45251894,-0.6459687948,0.8468071222,0.4681864381,0
0.315739446,0.2171444648,0.03246559419,-2.539172173,2.050564528,1.534690976,-0.8362433314,0
0.04335298442,0.12967453,0.0700817152,-1.893439531,-0.09529144317,-1.894908309,-0.9951475859,0
0.120159256,-0.09530483857,0.2078642474,-0.6705368161,0.4635267258,-1.211095929,1.598389268,0
0.01205981201,0.3640360871,0.1322550274,1.537679911,-0.648060739,0.5606901646,-0.3797351718,0
-0.08165321641,0.1740123339,0.2293056967,-1.132223248,1.825435877,-0.608314991,2.063025951,0
0.2230774058,-0.09208303537,0.4094960099,-0.3914408088,-0.07140651345,0.6149196029,0.3799090087,0
0.02613319989,0.3204887903,0.2984825232,-1.652158856,1.705279827,0.4038138688,0.559076786,0
-0.1069007399,-0.03135963954,0.09625698355,-2.856241465,0.1473006606,-1.730590105,1.746848702,0
0.02779233127,0.2169746811,0.2068739955,1.443391204,-0.1107006744,0.5944424272,-1.742239833,0
0.03671672018,-0.2862825398,0.2082041821,1.698214531,1.962064266,-0.1211375967,1.497621536,0
-0.1203573095,-0.2458366132,0.2221045493,1.115286469,2.098473549,0.6766780615,-1.300381184,0
0.07102133234,0.1835420634,0.247586931,1.201588154,0.4815708399,-0.8401498795,1.042077422,0
0.1454313572,-0.05589312798,0.2124051333,-0.3669347167,0.9487400055,-0.5968108773,-0.786292851,0
0.1207883525,0.05701460983,0.3189169016,0.440978229,1.041858077,-0.445431143,-0.2805118859,0
-0.1750131473,-0.1475974068,0.4103232236,-2.440983534,0.04207086563,0.5072525144,0.3304384053,0
-0.09811086114,0.1248154847,0.2444421892,2.236979961,0.3208408058,0.3530753851,-1.766933799,0
-0.02871401202,-0.163959978,0.1361883469,-1.744214058,0.1122152433,-0.08327621967,-1.658842683,0
-0.215694543,0.1172906308,0.3932035913,2.643536568,-0.24614802,1.308428288,-0.8638242483,0
0.210320602,0.02009509547,0.1470362179,0.09525380284,0.3112488091,-0.3453475237,-0.8910382986,0
0.06525928467,-0.3101842585,0.2567260346,1.77816081,1.754701257,0.2394390553,1.08691442,0
0.230178066,0.04819696495,0.3944892868,0.2064386755,0.05671276152,0.7402185202,-0.4519134462,0
0.127100778,-0.2902917498,0.2362054176,-1.158102512,-0.4917171299,0.1503651887,1.15375936,0
0.2972014587,-0.187387565,0.2764364253,-0.5624779463,-0.5081136823,0.8792536855,-0.3022125065,0
-0.3372958707,0.1850099154,0.1740159306,-0.5016977787,1.864040017,0.6856738925,0.6194443703,0
0.001517887541,-0.2240773019,0.3191169373,-1.56401968,0.4182776511,-0.2478111684,0.3394486606,0
0.006650228773,0.2774834701,0.04492349464,1.546834469,-0.3965349495,-0.5089251399,0.4792164564,0
-0.01773482308,0.08893946464,0.08240678702,1.76765132,-0.2733233869,-1.819549441,2.061475992,0
0.01684063019,-0.274797904,0.1460884034,1.632003307,2.181661606,-0.2945959866,1.74503839,0
-0.1333932188,0.0893375918,0.03237992255,2.551497698,0.2371536493,-1.285778522,0.3871534467,0
0.2489657415,-0.03174276253,0.2861495713,-0.1267386675,-0.3673197627,0.1008855328,1.651577592,0
0.2413982392,0.06269089588,0.3892872498,0.2538373172,-0.2348556817,1.26314795,-0.8475452662,0
0.2739201821,-0.06902347381,0.3403280642,-0.2462066859,-0.3216097951,1.194481254,-0.9561133385,0
-0.07529882325,0.2412305331,0.06612235147,1.873585582,-0.1644771397,-0.3132078946,-0.5152776837,0
0.2745223827,0.1556549891,0.3176045281,-2.625786543,1.474709272,0.5797198415,0.7817565799,0
-0.2176745284,0.2445742278,0.3000405939,-0.8435249329,1.572101235,0.5457180142,0.7104610205,0
-0.1050185619,0.1436851771,0.1918750019,2.20194149,0.1676341742,0.1942381412,-1.719422698,0
0.1296530675,-0.09789090685,0.436866383,-0.6467068195,0.1611863077,1.045369148,-0.8072880507,0
0.2388004296,0.1232136419,0.05395321951,0.4764154851,-0.7902207971,-0.4888198376,1.557615519,0
-0.2636295616,-0.1088254617,0.1778761243,-2.750125647,-0.1960434914,0.3725220561,-1.024409533,0
-0.01707077182,0.388422391,0.1043485949,-1.526871324,1.666443825,1.171154141,0.8605847955,0
0.1852278335,0.01892894221,0.2224516157,0.101533711,0.3816560507,-0.9845532775,1.367335558,0
-0.3253572207,-0.08582037206,0.3385124526,-2.883693933,-0.6854183674,1.170594215,0.2049562335,0
-0.1187329448,-0.2550949872,0.3683678068,-2.006420374,-0.2960908413,1.136718273,-0.6497411132,0
0.07634948194,-0.2043432035,0.2316590199,-1.212584615,0.5511504412,-0.4008284211,-0.3798646927,0
0.2420256372,-0.1109623175,0.3750841706,-0.4298705161,-0.3112950325,1.292235732,-0.8484348655,0
-0.0367384237,0.02752185687,0.1659865306,-0.6429585218,2.181661606,-0.4818280041,-2.061089039,0
-0.03539043224,0.0413531451,0.2279469532,-0.8630815744,1.738491535,-0.05958461761,-2.030156136,0
-0.2387521212,-0.04437529764,0.428515389,-2.957826853,-0.2339018583,1.121140957,-0.1715378612,0
-0.03851522368,-0.1980353992,0.3814276003,-1.762889028,0.08671453595,0.9829845428,-1.094258189,0
0.1388846419,-0.09593426583,0.154329166,-0.6044894457,-0.1705364585,0.3141469657,-2.094395161,0
-0.3132057739,-0.1912055559,0.1121827238,-2.593398333,-0.6761603355,0.3270056844,0.1188848466,0
-0.3042896058,0.04494226573,0.3351419951,2.995100021,-0.2868305743,0.8789448738,-0.4330714643,0
0.1984221962,0.2443611824,0.2702364105,0.8887785077,-0.2679427862,0.1554914117,0.6990045905,0
-0.1229627875,-0.1153849127,0.1053975827,-2.387985945,-0.009337488562,-0.1467021257,-1.590996981,0
-0.05643754973,-0.04591912659,0.42316707,-2.46078825,0.6388427019,0.7447453737,-1.056357622,0
-0.1733116093,0.2739548968,0.2016287108,2.134478331,-0.2746993601,0.396913588,-0.5490890741,0
-0.05663823172,0.3935774608,0.06571574249,1.713717818,-1.306581736,1.358402133,-0.5825285316,0
-0.09740035069,-0.3515250042,0.1620114692,-1.841103315,-0.7469261289,0.3446580768,0.779715538,0
-0.2516992018,-0.07123897901,0.2320917476,-2.866559267,0.02244992554,-0.4614312649,1.030006289,0
-0.2046749002,-0.1856854973,0.0230536708,0.7364544272,2.109619856,0.516726613,2.062536478,0
0.1412242253,-0.1543933628,0.2060019746,-0.829916656,-0.3135683835,-0.539537847,2.094395161,0
0.1054610972,0.3356359736,0.2232174965,1.2663517,-0.5526342392,0.8900143504,-0.6733033657,0
-0.1385639277,-0.2972637346,0.2623355223,-2.006988764,-0.2572986186,0.2668076456,0.2900010347,0
0.1031389223,-0.1069414763,0.1826966573,-0.8035003543,1.018624663,-1.383748174,0.7921735644,0
-0.1765482113,-0.1139807211,0.1758589662,0.5732805133,2.181661606,0.64608711,-1.978550553,0
0.1886731059,0.2354526136,0.03739224453,0.8952441216,-0.7342281342,-0.3187313676,0.9840260148,0
-0.1022421059,0.1548888312,0.267786377,-0.9873534441,1.87735641,0.558902204,-1.649944186,0
-0.1105781295,-0.133590943,0.4563082546,-2.262222767,-0.09472683817,1.386081696,-0.6799662113,0
-0.1196848877,-0.01919936648,0.4850160878,0.1590526253,0.7653973699,1.092793584,-0.3075602651,0
0.1433292936,-0.07692754348,0.2833495697,2.648831129,1.82611835,-0.7414836287,1.607851028,0
-0.0850490523,0.08248437768,0.07053618406,2.371484518,-0.2847013175,-0.2629671395,-1.891138792,0
-0.1119928606,0.2536703963,0.1098150781,1.986563683,-0.5261843801,0.5841158032,-1.416400194,0
0.0555470546,0.2957148852,0.2833402098,1.385118127,-0.3599950969,0.2050094604,1.067342877,0
-0.2817854603,0.1894138403,0.1671369642,2.549754143,-0.3675235212,0.2550017834,-0.2162837833,0
0.0292586621,-0.1082492084,0.1050091536,-1.30683887,1.424797893,-1.245044827,-0.8794680238,0
-0.2077497623,-0.3152541347,0.09655933824,-2.153438807,-0.8310112953,0.4136242568,0.2997424901,0
-0.01022955391,-0.1431463658,0.07241789087,-1.642132998,-0.06895534694,-1.509925723,1.564273238,0
0.03202064767,0.003050531414,0.2931066204,0.1048299223,1.294632792,-1.174490809,1.490873456,0
0.1862275766,-0.05390283896,0.1523714077,-0.2817525566,0.06034328043,-1.113439441,1.562102318,0
0.04277940065,0.001241922921,0.2418662703,0.02958089113,1.025542974,-1.4203614,1.994763017,0
0.3018090317,-0.145217225,0.05507958063,-0.44864434,-0.6606842279,-0.0261439234,0.352663815,0
-0.2454236746,-0.2723971733,0.07603958842,-2.304124832,-0.9843312502,0.9866687059,-0.8289854527,0
0.2052224337,-0.2168338732,0.3670997754,2.328689814,1.19557488,1.357755065,-0.5724338293,0
0.05261990284,0.08085870202,0.3735337681,0.992379427,-0.1482959092,0.6530269384,2.054573298,0
-0.06105501439,0.04709068125,0.3921639656,2.483109236,0.5654348731,0.8874345422,-1.465857983,0
0.1613227174,-0.1082127678,0.2121646008,2.550744534,1.908735275,0.7837147117,-2.094395161,0
-0.06396787044,0.1276236993,0.3591516785,2.035414457,0.7375807166,-0.4486352205,0.7028704286,0
-0.01616608047,-0.3168453468,0.1108969954,1.519818425,2.181661606,1.191740632,-1.5172894,0
-0.05242523044,0.3776556912,0.1845757681,1.708744168,-0.7932530046,0.6103947163,0.4984298348,0
0.2254389472,-0.3119041541,0.0444511317,2.196626902,2.036974907,1.506897688,-0.8345505595,0
-0.1444769175,0.0504550483,0.4330188992,-0.3359860778,1.264433026,0.5859237313,-0.4230010808,0
-0.1254852766,0.3134795886,0.1040056332,1.951547861,-0.5549268126,0.3773233294,-0.5407983661,0
0.04562010161,0.1945256885,0.4237118974,-1.801217556,1.237829566,0.834490478,-0.5071650147,0
-0.04130182766,-0.2757166775,0.3624782712,1.422104239,1.295175672,0.6029648185,0.8272184134,0
0.06251859402,-0.06943953442,0.4837123772,2.303800344,0.6527559161,0.7700155377,0.6609320641,0
-0.1162991274,-0.3905134142,0.1418133703,1.281349063,1.704355001,1.175904989,0.3404432833,0
0.06641184705,0.3488590779,0.05858386582,1.38259089,-1.171829104,0.3936135471,1.166805863,0
0.2210606629,-0.09478712396,0.3259445662,-0.4050619304,0.2835539877,0.1935165226,-0.3855880499,0
-0.03271441164,-0.03241559606,0.2771720691,-2.361928463,0.8642402291,-1.11515224,2.039254427,0
-0.1238881517,-0.2873680704,0.1845075958,1.163851142,2.07398057,-0.0490038842,1.294522047,0
-0.04920248191,-0.04382968564,0.08539489483,0.7276639938,-2.100850582,-0.831887722,-1.667775273,0
-0.1394650298,-0.05125079855,0.1481751252,-2.789429426,1.01026094,-0.9118589759,-0.7208182812,0
-0.180987038,0.09035740074,0.3577749482,2.678622246,-0.7009553909,1.150612593,1.624013662,0
0.3749130087,-0.002369942795,0.0601728255,-0.006321084686,-0.8986352086,0.5027823448,-0.01889276691,0
-0.2620515671,-0.1111084082,0.08757166724,-2.741173744,-0.6355195045,-0.4411218762,1.389369369,0
-0.1427210358,-0.08910656351,0.3519658803,0.5581150055,1.442560196,-0.248301357,1.414991617,0
0.08055866535,-0.0774597503,0.03108564341,2.375802994,-2.181661606,-1.634597778,1.39945972,0
0.2889284891,0.2109484439,0.2356922136,0.6306470037,-0.5300858617,0.4695346653,0.413383007,0
-0.14550257,0.0876643395,0.417231213,-0.5413864851,0.422098577,1.321459055,1.226948261,0
0.01457013685,-0.09835989626,0.4801037198,-1.423732042,0.2082557976,0.6980261803,0.6426632404,0
0.004368281317,-0.217129164,0.3507748114,-1.550565004,0.1057182923,-0.05422474071,1.113626003,0
0.3154531783,-0.1186429823,0.2205275383,2.781688213,1.911306858,0.2321042269,0.963049531,0
-0.142201025,0.1580159909,0.08854824852,2.303501844,0.2846355736,-0.8750241399,-0.002689095214,0
0.2247225314,0.08848117166,0.2373377974,0.3751635849,-1.320216179,1.522800684,1.925112009,0
-0.168075839,0.1627308676,0.2722063373,2.372536898,-1.155112386,1.438048959,1.856252789,0
0.09664660612,0.01697487659,0.2383535821,0.1731452942,1.517482042,-0.8116670847,-0.7214994431,0
0.07178113139,0.365859343,0.270846633,-1.764534235,1.445338845,1.09837842,0.2742131948,0
-0.1376331069,-0.1519353787,0.3837977778,0.8346703649,1.195380211,1.246193886,-1.232159019,0
0.2767734038,-0.03329857464,0.02886856623,-0.1197358295,-0.5522709489,-0.5032513142,0.7354694009,0
0.104787886,0.04400712271,0.353304777,-2.744005442,1.760089397,0.01123808324,-0.766372025,0
-0.05229206909,0.1597072387,0.3676385002,1.887228131,0.3486557007,-0.2155207992,1.166652322,0
0.2220383073,0.1085766044,0.430912968,0.4548085332,-0.3373178542,1.19011426,0.02674105763,0
0.06610383228,0.2324275158,0.294414045,-1.847880363,1.699799895,0.9111416936,-1.40294981,0
0.07937001342,0.0995111441,0.07725850649,0.8976125121,-0.1529975533,-0.2837909162,-1.786493778,0
0.001312400343,-0.257002979,0.1608618137,1.575186253,2.165356636,-0.4211341739,1.821820259,0
0.1601441947,-0.03992082362,0.2667329999,-0.2443138361,0.9209419489,-0.5075241923,-0.4492760897,0
-0.2347929786,-0.0756364728,0.229806044,-2.829788208,-0.1564240754,0.7187805176,-1.534423947,0
0.3302461762,-0.03444047842,0.2458950701,-0.103909798,-0.2820620239,0.4794535935,-0.3149381876,0
-0.1072870555,0.1438365227,0.1767128557,2.211666346,0.2245787829,-1.15543294,1.575757265,0
-0.04428324852,0.1123944011,0.4509718409,1.946110249,0.4879451394,0.5525540113,-0.2896314859,0
-0.08892894619,-0.07396047982,0.1968924151,0.6937622428,2.099403858,-1.363317609,2.094395161,0
-0.2508642589,-0.1544789855,0.1516078094,-2.589637518,-0.5036456585,-0.3008889556,1.373468757,0
0.2502690746,-0.2159024086,0.2949539546,-0.711803019,-0.3323175609,0.4966225624,0.2545582652,0
0.04717345626,0.2863608325,0.08024428713,1.407515645,-0.928524971,-0.1727769375,1.701215625,0
0.1226959168,0.3555869972,0.2703240153,1.238536477,-0.8944009542,1.217233777,0.1538186967,0
-0.2017064951,0.008476121314,0.1124905537,3.099594355,0.1681765914,-0.3293750286,-1.04891479,0
-0.04322398955,0.05284530744,0.3408112884,2.255652905,1.25050962,-0.2357853949,-0.7084153891,0
-0.2177949887,0.2154888044,0.09498077708,2.361522675,-1.700907111,1.254930973,1.780653119,0
0.1230513637,0.1294573763,0.4528548432,-2.330830574,0.7285265326,1.570796371,-0.7564769983,0
0.002019225422,-0.00986311653,0.2096899717,-1.337676764,1.306410074,-0.2488778979,-2.091166496,0
0.0003381228106,-0.04759038129,0.3071745758,1.578420281,1.423405051,-0.9825440049,1.732127905,0
0.08132506097,0.189107901,0.3721708457,-1.976954579,1.262096167,1.191189766,-1.291789174,0
-0.01742241101,-0.1296988674,0.03583627346,-1.704333186,0.3776147366,-1.565451026,0.6981521845,0
-0.1395444249,0.3361845421,0.2175724216,-1.177417278,1.919434786,0.8688184023,-0.497687757,0
-0.09910127142,0.1046848986,0.2951545194,2.328800678,0.662720561,-0.843857944,1.296559453,0
0.1183258351,-0.3320433444,0.1075219512,1.913100481,2.092778206,1.286065102,-1.212464452,0
-0.01927046244,0.2619236626,0.2633185774,-1.497349501,1.81755352,-0.1687210947,1.419091105,0
-0.1184496533,-0.2901170112,0.05119319305,-1.958427191,-0.912062645,-0.131789431,1.287128806,0
-0.09842560168,0.3214210645,0.3081619805,1.867949486,-0.4855241477,1.024002194,-0.4206816256,0
0.01208538452,-0.00206370287,0.1005198734,-0.1454830468,1.148236156,-1.000765324,-2.031813622,0
-0.009118900628,-0.01867060344,0.2730510771,1.116371274,1.235654593,-1.166668177,2.094395161,0
-0.1770471338,-0.1407079076,0.09887332676,-2.470062494,-0.5862710476,0.593049705,-1.896071315,0
0.06324557874,-0.3714713129,0.06003548469,-1.402156115,-1.691825271,1.310976267,0.9690773487,0
-0.2219442905,0.04397854863,0.2860506958,-0.1956176013,1.360996127,0.157775417,1.91776216,0
-0.1242296505,-0.3062606876,0.2019589445,-1.956150055,-0.3698779643,0.5723691583,-0.6914077401,0
-0.2513543951,0.07014155408,0.281919886,2.869468451,-0.1681370586,0.9031546712,-1.318811774,0
-0.2368963808,-0.2578266448,0.1915768123,-2.313912868,-0.4097262919,0.319014281,-0.01326560229,0
0.2034580067,-0.1708159831,0.2191987048,-0.6983988285,0.1275341064,-0.4781773984,0.6629215479,0
-0.0818490055,0.1226853669,0.1685875991,2.159631014,0.06085949019,0.1486608535,-2.049205542,0
0.02202777152,0.247518407,0.214803069,-1.659613967,2.110309601,0.6671722531,-1.53496635,0
-0.1230746428,0.102426098,0.2487804476,-0.6940912604,2.092472553,-0.9744167328,1.580388904,0
-0.18687296,-0.07950702747,0.1172325749,-2.739354372,-0.3227410018,0.3197420239,-1.824410677,0
0.1057646527,-0.05397439303,0.3828988158,2.669721603,1.138742328,-0.1265520751,1.52843833,0
-0.2016012239,0.1749399373,0.3363765732,-0.7147961855,1.422184229,0.3215537667,1.135920405,0
-0.1703389842,0.3146039575,0.2946441717,2.067043543,-0.6695129275,0.9614058733,0.2195599675,0
0.2151409005,0.1213105323,0.3601506718,0.5134100914,0.06264178455,0.1560891271,0.6513894796,0
0.2840071319,-0.2682387491,0.1871052739,2.384739876,1.464900255,1.24880302,0.628718257,0
0.1294922623,-0.0224546614,0.2165540685,-0.1729977727,0.7966372967,-0.2581351697,-1.396007419,0
0.07447693972,-0.2953356453,0.3643625066,1.817823529,1.238916993,0.9028228521,0.4595018923,0
-0.2205816169,-0.1060701886,0.3589353126,0.448243022,1.397023559,0.2558571696,1.05852735,0
-0.1610971285,-0.146428498,0.233281983,-2.403842449,0.5842878819,-0.6322546601,0.144918412,0
0.003317292585,-0.1086951665,0.1605733381,-1.540315986,0.879057169,-0.5522848964,-1.485042572,0
0.07783975597,-0.3710856633,0.06154293156,-1.36401546,-0.9885209799,0.4552887082,0.4279168248,0
-0.2585820173,0.255719599,0.262608942,-0.7798342109,1.472896338,1.436563253,-0.6476240754,0
0.1120101732,0.2683049109,0.05897117443,1.175251245,-0.5590310097,-0.4543875754,0.9463841319,0
-0.2094674623,-0.1670921463,0.2031357751,0.6732171774,2.031599522,-0.305606395,1.608994961,0
0.03891373785,-0.2070784108,0.2365311265,-1.385049701,0.5963816047,-0.3978862464,-0.4318664968,0
-0.02228905462,0.1769384678,0.2036438741,1.696123362,0.53198421,-1.125387073,1.189556122,0
-0.01010984597,0.1490552585,0.3125373518,-1.502825141,1.502350211,-0.5085865855,1.7835536,0
-0.09301883594,0.135695732,0.1302260398,2.171344757,-0.1647133827,0.1426656842,-1.987277627,0
-0.1930283199,-0.2535505352,0.09895746361,-2.221491098,-0.8006860018,0.936442256,-1.330911279,0
0.1181470241,0.04326507858,0.1748866885,0.3510244489,0.5358365774,-1.492030263,1.70973146,0
0.1033531394,0.2022053307,0.1902642084,-2.042813301,2.181661606,-0.6690766811,1.771663308,0
-0.2134811786,-0.2101202674,0.2954908776,-2.36418581,-0.05338283628,0.3046702445,-0.09505336732,0
0.07300738538,0.02624250299,0.3349773803,0.3450395763,0.9665840268,0.1783794761,-1.275890589,0
0.001539767419,-0.1797524151,0.3229688785,1.579362154,0.3919831216,1.570796371,1.822194576,0
-0.2514082869,0.07519412188,0.3690741685,-0.2906234264,1.328677773,0.4721380472,0.8592205048,0
-0.01719865729,-0.1577618663,0.0668288658,-1.679390669,-0.5222396255,-1.301248908,1.974844933,0
0.3018660068,0.1088583092,0.2590998556,-2.795609713,1.745555162,0.2744065523,1.035761952,0
0.1729742288,0.08614256871,0.03573065275,0.4620327652,-0.3564602733,-1.129330754,1.271156788,0
-0.08144216881,0.1074425331,0.2951688816,2.219414711,0.3130792677,0.719156146,-1.920471668,0
-0.1731104616,0.1758070954,0.158920642,-0.7931265831,2.181661606,-0.4925013781,1.88395679,0
0.1055930402,0.2714194195,0.1836043688,-1.941821575,2.065338135,0.9828677177,-1.519379258,0
-0.03524366639,0.3817563333,0.2446396261,1.662855029,-0.8860455155,1.066912651,0.2528146803,0
-0.01484801927,-0.1812456297,0.2683643058,-1.652449131,0.1364457309,-0.6368626952,1.773932934,0
0.1427965948,-0.02238051994,0.2816303196,-0.1549000889,1.039942861,-0.5065985918,-0.4838194549,0
-0.1512570318,-0.3184138919,0.06940153129,-2.014391899,-1.084842324,0.306995213,1.154991031,0
0.2279542256,0.2151241133,0.1279261208,-2.385469437,2.024222612,1.390497684,-1.649907351,0
0.1166571794,0.06482325517,0.4251951994,0.5071853995,0.3848517239,0.8301218748,-0.90593642,0
-0.05262462069,-0.2101263889,0.3209718054,-1.816304326,0.4890405238,-0.1108674556,-0.1434746832,0
0.1068963774,0.3164071452,0.08367812297,1.24499166,-0.5374967456,-0.03354284167,0.2474667877,0
-0.2127647896,0.2755692374,0.107093959,2.228114367,-0.5857887864,0.06361933053,0.3965080678,0
-0.0808493218,0.2815808379,0.2066358089,1.850474596,-0.2373455614,0.5589678288,-1.064768195,0
-0.04805021801,-0.3053608636,0.2820422792,-1.726893067,-0.4908116758,0.3591320515,1.12778151,0
-0.1868610234,0.1345781861,0.3698972053,2.517434597,-0.9012326002,1.528708935,1.178661466,0
-0.2647446505,-0.1319633312,0.0972428467,-2.678423643,-0.2600468397,-0.1102183759,-0.3404841423,0
-0.1511079642,0.1980077466,0.06855446115,2.22265625,-0.9952296615,-0.348171711,2.061585665,0
0.1037089819,0.05635044889,0.1706989861,0.4977247119,0.2327615619,-1.46994853,2.094395161,0
0.3495201076,0.013431661,0.2277778896,0.03841028363,-0.4676389992,0.3269444406,0.4895479679,0
-0.1759257038,0.3080137114,0.1346747385,-1.051984429,1.408223391,1.308827281,1.257923484,0
-0.0273742918,-0.04235050371,0.4356592288,-2.144541979,0.7607916594,0.6066408157,-0.8227288127,0
-0.005941588328,0.2702573479,0.1895036877,1.592794418,-1.467091918,1.429705501,1.908024788,0
-0.2032088116,-0.08835722536,0.05230981002,-2.731128216,-0.005654789507,-0.8820958734,0.3066312075,0
0.3804825984,0.0003617865529,0.04409761618,-3.140641928,1.713044882,1.338337898,0.8744442463,0
-0.05737481455,-0.01156607603,0.1002883621,-2.942534924,2.145946026,-1.275186181,-1.588993192,0
0.2546031681,-0.1384099653,0.1189133301,-0.4977070689,-0.4294197261,0.4457434118,-1.155251861,0
-0.3588820001,0.04438888856,0.07092686568,3.018531084,-1.083192825,0.3696563542,1.028968573,0
0.07187861641,-0.07739097108,0.1173978562,-0.8223559856,0.07876362652,-0.3067152798,-2.007385969,0
0.2557323777,0.2051363456,0.1746498193,-2.465518236,1.166455388,1.456243515,1.407268167,0
-0.1285366699,-0.07166191193,0.4277956027,-2.632653236,0.3893328011,0.7032745481,-0.6788891554,0
0.02100438352,-0.09019142002,0.02236338521,-1.341981292,1.346795082,-1.626973271,-0.666192174,0
0.3370244163,-0.1873682034,0.07144391937,-0.5074097514,-0.956168592,0.6468943357,-0.05403552204,0
0.1192920879,0.3852120832,0.06778160411,-1.871106029,2.009930372,0.9551270604,0.4223782122,0
-0.0900103369,-0.2819849587,0.04628846546,-1.879775524,-2.019782782,1.537817359,1.69743216,0
0.04868366297,-0.3501734741,0.1992801636,-1.432651997,-0.5132200718,0.2595790625,0.5397216082,0
0.0159043945,-0.2962538257,0.3392342488,-1.517395973,-0.2218827009,0.8491777778,-0.5092384815,0
-0.04804796581,0.2951531564,0.372191658,1.732172847,-0.3410124481,0.8930733204,0.06326444447,0
0.05236473137,-0.08574735887,0.3239437514,2.1190238,2.039602518,-0.8074811101,0.5241311193,0
-0.1326004687,0.1962353148,0.3345163661,2.165291786,-0.9472507834,1.388331532,1.480186462,0
-0.03607567691,-0.01678385364,0.276622767,-2.707451105,1.364719868,-0.1907370687,-1.435781956,0
-0.1789652689,-0.2313490679,0.1791202094,-2.229212046,-0.2470596731,-0.3666166663,1.027162433,0
-0.2803595861,0.07395554694,0.2932457247,2.883714437,-0.1884096861,0.7964948416,-0.9043619633,0
-0.1697957238,0.06721174578,0.3593922268,-0.376904875,1.514276147,-0.1973182261,1.1725595,0
-0.2513616897,-0.1906632105,0.1960657047,-2.493090391,-0.5140967965,-0.01978476346,1.223616242,0
0.2228080698,-0.0481396926,0.1453335756,-0.2123331726,0.01470594574,0.03369696438,-1.234562159,0
-0.2141541029,-0.1277696689,0.2596845408,0.5381305814,1.750807166,-0.1850026995,1.62462604,0
-0.2676670515,0.06742023686,0.1851383627,2.894838333,-1.515581131,1.482051134,1.843822837,0
0.2845697717,0.03356821638,0.05191683624,0.1174371541,-0.4608864188,-0.4757746458,0.6580405235,0
-0.2768464557,0.08793920471,0.3859210652,2.834026337,-0.4506722689,0.9990621805,0.3532911539,0
0.2957460068,0.2305232645,0.09909899011,0.6620925069,-0.7974977493,0.3878289461,0.2685292959,0
0.08004983678,0.212734742,0.1250922584,1.210779905,0.1377690434,-0.2849532962,-0.8511017561,0
0.05806705713,-0.1379639488,0.2464276797,-1.171939611,1.138320923,-0.8142949343,-0.213457942,0
-0.2560660761,-0.04472933921,0.4072059815,0.1729342341,0.8980690837,1.128033638,0.6090248227,0
-0.1305346999,-0.1557227649,0.06273055163,-2.268333912,-0.09491393715,-0.3107955456,-1.029893637,0
0.0884705749,0.3515001897,0.09383790853,1.324222684,-0.751583159,0.5921836495,-0.473818928,0
-0.3130026098,-0.05477300485,0.1015835546,-2.967842579,-0.8379713297,-0.0555761084,1.407956839,0
-0.168169655,-0.06267425075,0.212291585,0.3567393124,2.181661606,0.339275986,-1.777302861,0
-0.2039079998,-0.3041936516,0.1773039049,0.9802418947,1.968876123,1.058303118,-0.7999464273,0
0.1407710646,-0.115409832,0.1949519631,-0.686732173,0.1645480394,-1.048174381,1.691514373,0
-0.2542934472,0.1797502619,0.3650998319,-0.6153200865,1.180164099,1.332844019,-0.3509435952,0
0.03295091006,-0.0883267829,0.3026908855,-1.213727474,0.6092799902,-0.8326221704,1.856654763,0
-0.2005316491,-0.2492500461,0.1055067761,-2.248305559,-0.3731286228,-0.1537641138,0.2223286033,0
-0.0287617969,-0.1311562746,0.2991766227,-1.786711454,0.5352881551,-0.7892102003,1.597878218,0
-0.1959620477,-0.1822073242,0.1455154628,-2.392544508,0.08452679962,-0.5423170328,0.2442762405,0
-0.1909070731,0.2642249847,0.2342294225,-0.9451179504,2.04479003,0.6329186559,-0.6773117781,0
0.3732738708,-0.1316063642,0.2202009577,-0.3389653862,-1.056269646,1.289155602,0.09317263961,0
-0.150399917,-0.3032586482,0.03631873781,-2.031108856,-1.798547268,1.209813833,1.419926882,0
0.003870561124,-0.3226072214,0.2059203819,1.582792878,1.979444981,0.984734416,-1.160273433,0
-0.03303063487,0.192598679,0.3470530104,-1.400605559,0.4082318544,1.553275704,1.570973277,0
0.03063050199,-0.3023407215,0.1004031132,-1.469829202,-0.8397008777,-0.1294467747,1.549860954,0
-0.3219658438,0.01874971967,0.2697460426,-0.05816580355,1.601590395,0.4396570325,1.085703611,0
-0.01269236301,0.3579869487,0.243383727,1.606277823,-0.6386368871,1.075906634,-0.645678401,0
-0.3758149248,0.1179396338,0.2103300959,2.837502241,-1.077821255,1.173091888,0.380620569,0
-0.1439482345,0.2690492895,0.08516433288,-1.07952261,2.181661606,0.08865717798,1.720872998,0
0.03389681431,-0.3664592223,0.03891842958,-1.478560686,-1.213609695,0.4881836176,0.9204258323,0
0.1562213055,0.2578134749,0.3283083598,-2.115610838,1.483058214,1.131574392,-0.8132670522,0
0.1890386162,0.3540025431,0.09383292034,1.08031714,-1.105128527,0.8165870905,0.2848391235,0
0.2385754573,0.3042502972,0.205414997,-2.235801697,1.714846253,1.243026614,-0.4902735651,0
0.1835238549,0.1538596803,0.08993726304,0.6977015734,-0.4950193167,0.4259154201,-1.603329182,0
0.02817645582,0.06004545596,0.0914143352,1.131279111,-0.02220347896,-0.5874537826,-2.020780563,0
-0.2518668865,-0.1845035681,0.02164943725,-2.509365559,-0.7904930711,-0.2068671882,0.7993499041,0
-0.2934242645,0.1396149425,0.3260090564,2.697476387,-0.362955749,0.7220759988,0.08469124883,0
0.3157334319,0.07972265303,0.2855618579,0.2475612611,-0.7663897276,0.7863041162,1.096537113,0
0.0146333883,-0.3749800666,0.160212838,-1.531789184,-0.7250620723,0.8060716987,-0.4609074295,0
-0.147358565,-0.1101315964,0.09957361161,-2.500106812,0.3269416392,-0.5769688487,-0.8910104036,0
0.1790885493,0.0114359545,0.2811431237,0.06335836649,0.3176449835,-0.6892901659,1.508740544,0
0.05090756101,-0.1157295727,0.3763283271,-1.156387925,0.2493060976,-0.07756502181,1.628201962,0
-0.138308666,-0.3260794447,0.2121320935,-1.9719522,-0.6103911996,0.3578085899,0.7558777928,0
-0.1031283815,-0.2782827227,0.0900279065,-1.925692439,-0.7808867097,-0.2548968494,1.49670279,0
-0.2151941447,0.1537885437,0.2544809209,2.521121025,0.06347469985,0.3406036496,-0.8792958856,0
0.1279240583,-0.1328960849,0.3994706396,-0.8039293885,-0.0343163088,0.3521134257,1.260189176,0
0.1651107878,0.1773607661,0.309296125,0.8211503625,0.08332084864,0.6168214679,-1.04123652,0
-0.1299263142,-0.01735502291,0.1546466656,0.1327939928,-0.8465173841,-1.896255612,-0.8126944304,0
0.162579977,-0.203004204,0.4072538734,-0.8955229521,-0.3687621057,1.369095802,-0.5392085314,0
-0.1892488656,0.2505260902,0.2875964519,-0.9238461256,1.623380542,0.3681277335,0.9766020775,0
-0.1054733575,-0.06034383049,0.2375197232,-2.622104645,0.4856602252,-1.158838511,1.913262248,0
-0.09439904597,-0.1414422334,0.1205922335,-2.159309626,-0.2371216267,0.1707490087,-1.974811196,0
-0.0844371204,0.1862077019,0.4393531378,1.996565819,-0.1515776813,0.8044660091,0.652946651,0
0.07974138742,-0.3039335851,0.2370073633,-1.314607978,-0.1205969602,0.04888521135,0.1935208142,0
0.1393534317,-0.1285230594,0.4392071048,-0.744989574,0.01860306785,0.6009435654,0.638432622,0
-0.2799094614,-0.2012170927,0.1234295224,-2.518323421,-1.601082683,1.315896392,1.372538209,0
-0.1974708371,0.01049547072,0.4026292938,3.088270903,0.1743892431,0.2052340955,0.7708269954,0
-0.1298245968,-0.2058785141,0.3563526368,1.008190632,1.393600941,0.2429939061,1.107025504,0
-0.07611859964,-0.3363342177,0.02112517675,1.348243713,2.181661606,1.570148587,-1.318552613,0
-0.03494905783,-0.1263880001,0.4498875733,-1.840545177,-0.3176739216,1.179386735,1.103912473,0
0.1165706034,-0.1949500166,0.1069726936,-1.031796694,-0.1413554698,0.02292312309,-1.264980316,0
0.1284677804,-0.1300932477,0.4551661848,2.349910736,1.006747723,0.9791951776,-0.2866948545,0
-0.1594337445,-0.085036802,0.4531200554,0.489983201,1.056031108,0.6921413541,0.2365384996,0
-0.1827120715,0.03700356277,0.249850404,2.941771507,-0.06920156628,0.861828208,-2.020470142,0
0.02557414303,0.1484014828,0.1137651046,1.400143504,0.02454486676,-1.44543314,1.747134686,0
-0.1047386164,0.1445968608,0.06587557539,2.197690725,-0.6036515236,-1.13597858,1.980441093,0
0.07417312763,-0.1642649616,0.06288574066,-1.146568298,0.2734768093,-0.7912127376,-0.5693645477,0
0.0596949244,-0.09910288982,0.1879526243,2.112944126,2.181661606,0.02661830746,-2.082012892,0
0.1427637961,-0.07035416935,0.3194806678,-0.4582922459,0.6896768808,0.07050158083,-0.9149426818,0
-0.04553257313,0.2195419879,0.1065443188,1.775294662,0.2765855491,-0.7494015694,-0.1055615023,0
-0.2505037696,0.2438190077,0.2411793339,2.369781017,-0.4230225384,0.403360486,0.2731025815,0
0.3410195879,-0.1240709131,0.2515357393,-0.3489363194,-0.6027434468,0.942732811,-0.3719987273,0
-0.01814730558,0.06101635892,0.3410393015,1.857489467,1.349400163,-0.4047601521,-0.4497182965,0
-0.2632108617,-0.03292853655,0.3782029091,0.1244472787,1.36165154,0.5098093152,0.6138517261,0
0.1881838983,-0.2580049176,0.3354011527,-0.9406225085,-0.3449606299,0.7626460195,0.01966955885,0
-0.08240969688,-0.3117178019,0.06238475351,-1.829256773,-1.053989649,0.08159305155,1.441431165,0
0.2153171795,0.1525364582,0.2266532515,0.6163651347,-0.00484716706,-0.4593427181,1.046894908,0
-0.011832469,-0.001414193003,0.2880361991,-2.991043329,1.058424115,-1.083809614,2.003874302,0
-0.03875339477,-0.1367136904,0.04205766364,-1.846900702,-0.04479967058,-1.494375348,1.236361146,0
-0.01172021049,-0.1595785983,0.3515997215,1.497496367,1.882276177,-0.08808650821,-0.3611521125,0
-0.3489834789,0.08091757961,0.1994879633,2.913752317,-0.6101636291,0.3375426531,0.6787825227,0
0.1553432021,0.0425087568,0.1752821078,0.2671120167,0.0104456516,-1.159465551,2.026743174,0
0.01566771114,-0.0473732234,0.2323247161,-1.250232577,1.043877602,-0.1028456688,-1.937194586,0
-0.03761938246,-0.3174255189,0.2721945024,1.452832222,1.921770811,0.2102224827,0.4749774039,0
-0.03165890258,0.08952884174,0.04316548729,1.910706878,-0.4992558956,-0.3533589244,-1.874893188,0
-0.03446995686,-0.2181675791,0.1488701487,-1.728595376,-0.3304267228,0.5475035906,-1.856059074,0
0.06960669422,-0.1708224206,0.2673120816,-1.18301928,0.3538501263,-0.7669060826,1.419803262,0
0.1348021563,-0.07982532646,0.2344331651,-0.5346316099,0.7565099597,-0.2528828979,-1.118744612,0
-0.05481273449,0.2368824393,0.07768320546,1.799219131,-0.625757575,0.5491808653,-1.686937571,0
-0.07551518886,-0.2346714055,0.290700987,-1.882644534,0.02784092724,0.6471381783,-1.159534454,0
0.2368393006,0.2993883962,0.0480033706,-2.24007225,1.935314536,0.9543836713,0.9272525907,0
-0.330930005,-0.1572507321,0.06603121991,0.443644464,2.168483257,0.4775952995,1.035161138,0
-0.02911812069,-0.3190449464,0.05306605907,-1.661826491,-0.5535527468,-0.08473612368,0.1140260398,0
-0.2011639968,-0.3559653144,0.1338816057,-2.085175514,-1.147323012,1.0841465,0.146828115,0
-0.2218833444,-0.2936875569,0.02710711621,-2.217813015,-1.130185008,0.4093863368,0.69832623,0
-0.01075100477,-0.2401489346,0.2086695838,-1.615541697,0.003622951452,0.3674302995,-1.327714086,0
-0.09092711908,-0.08370477945,0.3311822006,0.7472784519,1.79824996,0.1237822622,-1.072581887,0
-0.2286943767,0.1098598762,0.4097999968,-0.4478287697,0.9891086817,0.9573240876,0.6244039536,0
0.01162699601,-0.2025743827,0.1608709187,-1.513468385,-0.3362540007,-0.8183031678,2.065471649,0
0.04286540259,-0.2767318849,0.1385055033,-1.417117476,-1.692982197,1.507557392,1.884345889,0
0.3716533653,-0.06771617381,0.1656301354,-0.1801884919,-0.6743639708,0.5931059718,-0.05031699687,0
0.09660822641,-0.2173846129,0.1671564076,-1.152599096,-0.1151217371,-0.7699068785,1.44032836,0
-0.1727546995,-0.0189135778,0.3170262513,-3.032566071,0.2901269794,0.6621359587,-1.494327426,0
-0.05648469329,0.1091475203,0.4458839859,-1.093207836,0.4208200276,1.08518815,1.211241603,0
0.1021164642,0.1834539046,0.3245701663,1.062726617,0.4678366184,-0.332880944,0.5155829787,0
-0.08724006991,0.02886343116,0.1660203554,2.82207799,1.062031031,-1.76242888,1.520013571,0
0.3019538432,-0.1614138022,0.1354373465,-0.4909207225,-0.8241045475,1.109401107,-1.196801424,0
-0.1297214983,0.0717985086,0.2461939589,2.636074543,1.000459075,-0.5116386414,-0.743606627,0
-0.108387922,-0.05709811643,0.1763289149,-2.654752731,0.2516926825,-1.425794959,2.067314625,0
0.2935851782,-0.03439415371,0.3881102768,3.024971962,1.098709345,1.259294391,-0.1133956239,0
0.199207966,-0.1367885151,0.1557079987,-0.6019874215,0.309025526,-0.6667309999,0.1013498306,0
-0.1570481782,-0.08491713821,0.04151283859,-2.645986795,-0.7572237849,-1.084756613,1.974771142,0
0.3203851685,0.2448320642,0.1065014662,0.652515769,-1.133307338,0.8784340024,0.3530143797,0
-0.07918436489,-0.1084298969,0.1355578549,-2.200345278,0.381537497,-0.3403758109,-1.624003649,0
-0.01681455558,0.07922436477,0.2156211487,1.780068278,0.8770171404,-1.508799911,1.840268493,0
0.1908018871,0.2886194823,0.04356722831,-2.154924393,2.181661606,0.4479363561,1.315739155,0
-0.2385821754,-0.1686402804,0.1967073012,0.6152975559,1.474768758,0.6429683566,1.874488354,0
0.2060655744,-0.2531649352,0.1576725811,2.253991604,2.003422976,0.1537152976,1.406474233,0
0.2355961706,-0.04908283633,0.08364692519,-0.205388993,-0.03236512095,-0.361456871,-0.599024415,0
0.157547276,0.1608890302,0.06907152062,0.7949367762,-0.1981452256,-0.1393123865,-1.05984354,0
-0.277666622,-0.03324290057,0.3620741274,-3.022437096,-0.1764805615,0.4779955745,0.524387002,0
0.1737215525,-0.2106234839,0.384741989,-0.8811344504,-0.1864744723,0.9206718802,-0.3319410086,0
-0.2079223931,0.1250833409,0.3877844111,-0.5418716073,1.410413504,0.8141981959,-0.5525151491,0
0.01263457244,0.2675050218,0.1137442833,1.523518562,-0.2628400326,0.1785288602,-1.066900611,0
0.2273935594,-0.1215192243,0.03611723949,-0.4905789495,-0.4456563592,-0.01641901955,-0.8390596509,0
0.2553933245,0.0553268362,0.05921663458,0.2132637203,-0.932700336,-0.3929945529,1.841966629,0
-0.1124174363,-0.2958705864,0.1715932049,1.207156897,1.174072266,1.415416718,1.545737147,0
0.01059014706,-0.2101787769,0.1157114408,-1.520293951,-0.4261039197,-0.9159798622,1.90188694,0
0.01083021128,0.1228207478,0.08019734119,-1.658493519,0.6906165481,-1.919862151,-2.003822088,0
0.1427782216,-0.2763249694,0.2993982238,2.047717571,1.362292051,0.6619088054,1.137328148,0
0.006174674651,-0.2483176776,0.06059026031,-1.545927882,-0.7579759955,-0.6187115312,1.716058373,0
0.1039474401,0.1607060596,0.2800150032,-2.144932985,1.74227941,-0.5226196051,1.704290271,0
-0.09216686434,0.1152874851,0.4708961478,-0.8963540196,0.8239728212,1.192780256,-0.5069240332,0
-0.274038771,0.2335603816,0.2349824372,2.435735703,-0.4976161718,0.6273739934,-0.09943468869,0
0.005612227273,-0.2330127107,0.119876822,-1.5465554,-0.3369337916,-0.8310295939,1.608080029,0
0.0196165268,-0.3621702897,0.2522117895,1.624907255,1.592114806,0.759183526,0.6794862151,0
0.1078927909,0.1841095023,0.2989670525,1.040712476,0.1722201258,-0.4122424722,1.303386807,0
-0.2739957063,-0.06073117257,0.1957924727,-2.923398495,0.09874935448,-0.3162670135,0.1252060831,0
-0.3789425821,-0.08795588431,0.1542510069,-2.913507223,-0.8788918853,0.9948390722,-0.4349312782,0
0.1597950661,-0.3414928469,0.2397698043,-1.133129001,-0.8007290363,0.8536789417,0.4374372363,0
-0.01203081344,-0.08995904342,0.1639793511,-1.703743696,1.280545712,-0.7647516131,-1.35415554,0
-0.3110004122,0.08944608153,0.1419611189,2.861400127,-0.4381504953,0.4573797584,-0.7904237509,0
-0.07505052366,-0.09476121839,0.3072853577,-2.242003918,1.131162286,-0.4468540847,-0.4926229417,0
0.2287813696,0.0478492171,0.1051157418,0.2061711848,-0.4937819839,-0.7772767544,1.745363355,0
-0.1781229376,0.2543199271,0.3722164058,-0.9598093629,1.14458406,1.262061,-0.09382461756,0
-0.3086594798,0.05382597001,0.1433138095,2.969124794,-0.6310803294,0.8889222741,-1.319603205,0
0.3283358267,-0.03236514476,0.1276930037,-0.09825763106,-0.5085277557,-0.1243069172,0.7670912743,0
0.07308180639,0.217176301,0.4400561759,1.246190429,-0.2923766375,1.328933716,-0.3061935902,0
-0.2821316482,0.196326005,0.1570636004,2.533829689,-0.4521395564,0.05560487509,0.4469477534,0
-0.2711721928,-0.09952287091,0.2029764141,-2.790548563,-0.3364424407,0.746494174,-1.297355533,0
-0.2225779727,0.2049519557,0.1253194924,-0.7442322373,2.178716183,1.131839156,-1.611706972,0
0.1745869144,0.0142232936,0.08716834162,0.08128093928,-0.03824705258,-0.2211202085,-1.432010651,0
-0.2803296817,-0.05055949659,0.3142835008,0.1784431785,1.479389071,1.253414631,-1.160736799,0
-0.2696717487,0.2337279992,0.2384344789,2.427475452,-0.5676830411,0.4813451171,0.5426689386,0
0.1245485261,0.1323063151,0.02399745863,0.8155907989,-0.4217826426,-0.1516222358,-1.321017861,0
0.2511663343,0.1482831433,0.3597939371,0.5333135128,-0.3506094217,0.651565671,0.6434490681,0
0.3261165171,-0.03280902309,0.3520412666,-0.1002678648,-0.6505663395,1.305679798,-0.114758186,0
0.3319944883,0.17375626,0.1904154217,0.4821526408,-0.7644963264,0.5456365347,0.6149157286,0
0.1341016015,-0.1774469847,0.02031647268,-0.9236387014,-0.9425296187,-0.701551199,1.837468743,0
-0.01188221857,0.2944700005,0.1388869368,1.611128569,-0.1384826005,-0.06820457429,-0.3931525946,0
0.09336982907,0.2429338704,0.1675221207,1.203817129,0.07637178898,-0.07790596783,-0.7249795794,0
0.1164844243,-0.2266934019,0.1560413382,2.046022177,2.171694517,-0.4266502857,1.860942721,0
-0.1717360816,0.2037937484,0.09273290585,2.271042347,-0.6000959277,-0.5570517778,1.541410446,0
-0.02451663842,0.251276285,0.06138452735,1.668056846,-2.001738787,1.565073729,2.094395161,0
-0.02565735076,-0.09529909221,0.0404667579,-1.83379662,-0.2362618446,-0.5133916736,-1.605600953,0
0.1480463526,0.2303589301,0.3121329231,0.9995846748,0.0552624166,0.4069093764,-0.47248739,0
-0.06358940158,-0.03781465181,0.03055666018,0.5366505384,1.14643693,-1.748277545,-1.979911447,0
-0.2615705789,0.2413570508,0.03482403143,-0.7452281117,2.181661606,0.5337013602,1.18364346,0
0.09722223144,-0.006660363449,0.09873541333,-0.06887075305,0.7495779991,-0.8192770481,-1.411776066,0
-0.3232141478,-0.118544692,0.1065223394,0.3515565097,2.146247387,0.2381926775,1.263946652,0
-0.3753863791,0.08924593989,0.2220739531,-0.2334134877,1.59644556,1.351248145,-0.4630915523,0
0.149335101,-0.09327282143,0.4081980138,2.583289862,1.253824711,0.9021127224,-0.9290398359,0
-0.2297258348,0.08649701937,0.102990311,2.781234503,-0.4010567367,0.3669470549,-1.490427971,0
0.09825161837,0.07179912685,0.1917672548,0.6311205029,0.5943621993,-1.44584012,1.729436278,0
-0.1980341067,0.05613928675,0.2782149155,2.865354538,0.1658706665,0.5689877272,-1.458255887,0
0.05931181052,-0.2189840748,0.3958981928,-1.306644082,0.174137935,0.4063665867,0.04507314041,0
0.07117539906,-0.08892876376,0.303266202,-0.8955187798,0.5213553309,0.5475059152,-1.80005765,0
0.1740321696,-0.2560265028,0.2796071418,-0.9737584591,-0.4798290431,0.3357867599,1.117833018,0
-0.2083959116,0.07065816228,0.334056072,-0.3268319666,1.353566647,0.107218571,1.536664844,0
0.002926780736,0.06239145992,0.1346135469,1.526639581,1.823083639,-1.056430817,-1.460140467,0
-0.3133248149,-0.1860947334,0.1275943202,-2.605587721,-0.980795145,0.4412219524,1.056730509,0
0.3035854652,0.01772088023,0.23047691,0.05830618739,-0.2987375259,-0.08602402359,1.028359056,0
0.2929116248,-0.1958918798,0.2893740634,2.55213213,1.548406839,0.791595459,0.4086976349,0
0.2305103642,-0.2681383307,0.1955045928,-0.8609595299,-1.345905662,1.285163879,1.156551957,0
0.1964249717,-0.3278193339,0.2545627443,-1.030975342,-0.9068710208,1.300877094,-0.1609187126,0
0.1689908144,0.186829669,0.3022070691,-2.306098938,1.835637689,0.6216260791,-1.01579392,0
0.1889568126,0.1813412201,0.1477017501,0.7646211386,0.04505613446,-0.1525542289,-0.6439179182,0
-0.06263021447,-0.07738814233,0.4089301599,-2.251083851,0.5239567757,0.8140929341,-1.186596394,0
0.2211832084,-0.2598493748,0.03864337292,-0.8656073809,-0.7542788386,0.08115294576,0.2602109611,0
0.01859385904,-0.1722853415,0.2174372462,-1.46335113,0.7935464978,-0.4800897241,-0.7765200138,0
0.1459748677,0.291176589,0.1028047689,1.106090426,-0.9940679073,0.1623677462,1.49897325,0
-0.2737257975,-0.1361699152,0.2823027616,-2.680307865,-0.1693687439,0.1214782596,0.5917206407,0
-0.09439007419,0.3616372885,0.2116295208,1.826113462,-0.7295617461,1.03463006,-0.5316129327,0
-0.1595406924,0.08414056844,0.02769466007,2.656265497,-0.4882025719,-0.05224285647,-1.46820426,0
0.2106601879,0.316479837,0.1702779509,0.9835207462,-0.9508196712,1.299108863,-0.7828452587,0
0.2991338265,0.1379502675,0.1245130544,-2.709689379,2.158834696,0.08684583008,1.359576702,0
0.09481071663,0.1671873541,0.2933913179,-2.08666873,0.5029395819,1.564196348,1.951818466,0
0.2386958174,0.1720896454,0.1328569812,0.6250997186,-0.1405667961,-0.3830615282,0.341850549,0
0.2287512224,0.2438532572,0.2805820817,-2.32425046,1.596725583,1.195732117,-0.8242365718,0
-0.07607182979,0.04312560222,0.04467811366,-0.5120962858,-0.2887754142,-1.55162704,-1.080493331,0
0.1250741952,-0.351377006,0.1030426255,-1.228811026,-0.9447570443,0.398016572,0.787541151,0
0.1788265843,0.2168480894,0.03991064813,0.8817327023,-0.4563158453,-0.4899253845,0.5586707592,0
-0.2844629205,0.1710664708,0.04948399335,2.600235462,-0.6993534565,0.3435429633,-0.5169611573,0
-0.05458961179,0.1987847971,0.3286985028,1.838803768,0.4381259084,-0.3448141515,0.6748471856,0
-0.2349522814,0.2885034694,0.28206498,-0.8873466849,1.330457091,1.31826365,0.06478458643,0
0.2091309858,0.04328263365,0.340584844,0.2041468471,0.09707994014,-0.1195983738,1.237236738,0
0.1095575948,0.02148918927,0.3722302487,-2.947587252,1.502155185,-0.4505837858,1.061390638,0
0.2772644336,-0.1576557078,0.1057261976,-0.5169022083,-0.5640898943,-0.2243086398,0.944673121,0
0.124737519,-0.08026229951,0.07951520858,-0.5717609525,-0.4967549145,-1.364391565,2.093722582,0
-0.2941534362,0.1396686143,0.1703303238,2.698294401,-0.5005451441,-0.06345420331,1.009157896,0
0.3367237794,-0.01034427956,0.3172956749,-0.03067830205,-0.5010099411,1.032608509,-0.3099919856,0
-0.01983146138,0.1119564023,0.2024874673,1.742403865,0.6639638543,-0.1477435529,-1.748049855,0
0.02160381705,-0.2864955971,0.335691272,1.646053195,1.497638941,1.061271429,-0.8475210667,0
-0.05503631856,0.1531353586,0.1194648838,1.915817499,0.3618300259,-0.4402970672,-1.262604594,0
-0.2437345389,0.2672270341,0.2122632729,2.310249329,-0.5665458441,0.413931489,0.456607461,0
-0.1079821468,-0.176875057,0.3518434924,-2.118904352,0.3746905625,0.3309438527,-0.6423280835,0
-0.210653745,0.1699831302,0.2160764763,2.462582827,-0.04929804057,0.3616641164,-1.025601029,0
-0.2306572613,-0.2071738443,0.292036713,-2.409817934,-0.3904590607,1.061122179,-0.9343488812,0
-0.3892109368,0.09410973496,0.05973600755,-0.2372427285,1.983458757,0.9840611815,0.5270590782,0
0.1621262877,-0.0003396140507,0.3970324504,-0.002094508847,0.1660398245,0.1162516177,1.260300398,0
0.1240936744,-0.3320609898,0.1447337713,-1.213158965,-0.5250305533,0.1833718568,0.2634431422,0
0.2579765806,0.01034022683,0.3181791573,-3.101278067,1.814505935,0.5430754423,-0.7635164857,0
0.3693298829,0.01496146359,0.1751678426,0.04049920291,-0.7188032866,0.9212693572,-0.6352549791,0
0.04306804536,0.3450246988,0.1266739172,1.446612239,-1.465969324,1.097187757,1.408468962,0
0.02638817247,-0.06039749718,0.3072040746,1.983188272,1.816916466,-0.1072635874,-1.208394289,0
0.05668194235,-0.2185364476,0.1904137152,-1.317016482,0.4937567413,-0.7223111987,0.1604070812,0
-0.02755471978,-0.3314331903,0.04915357031,-1.653608561,-0.6705527306,0.2521212101,-0.3697865605,0
0.3368864111,-0.160387098,0.2398016821,-0.4443344772,-0.7434491515,0.7668483853,0.450471431,0
-0.01051118562,0.06147413055,0.4258833171,1.745149493,0.925679028,-0.07191151381,0.2486764044,0
-0.051357062,0.38903463,0.1061210566,1.702052832,-0.9843432903,0.9507781863,-0.3878794909,0
-0.2611473361,0.0962697592,0.2474808396,2.788408995,-0.3953819275,-0.0319804363,1.492498279,0
-0.144797726,0.3178058323,0.3067359802,1.998309851,-0.7380174994,1.019453168,0.4670342207,0
-0.05025652863,0.1851293655,0.2204759758,1.835979342,0.07327021658,-0.8396474123,1.771966934,0
-0.03868358642,-0.1203019537,0.1599212758,-1.882478476,0.8075150847,-0.5449368954,-1.354185104,0
-0.1679753321,0.03133018959,0.416100642,2.957667112,-0.03829772025,0.4683108032,1.215847492,0
-0.1839827299,-0.2185502179,0.1617353469,0.871062398,1.27261579,1.205829978,1.931072474,0
0.2978477256,0.03404090012,0.07644784321,-3.027796745,2.181661606,0.1098157018,1.792308927,0
-0.07470001206,0.256898481,0.132896264,-1.287823081,2.181661606,1.068274379,-1.882418633,0
0.05659861025,-0.2341637968,0.1484748265,-1.333771825,0.1228320301,-0.8362078667,0.8396459222,0
0.3267416273,0.009065185367,0.2288948916,0.02775345743,-0.6203423142,1.217124224,-1.192109466,0
-0.2260464,-0.1405645505,0.2623490629,0.556167841,2.033371925,-0.2866554856,1.033751965,0
0.1456217572,-0.08853867274,0.09178610424,-0.5465367436,-0.1170860454,-0.1157429218,-1.611649752,0
0.02457414119,-0.1797192159,0.2928836408,-1.43489027,0.6855708957,-0.1461021304,-0.6780713797,0
-0.06534524408,0.3393477711,0.1987748874,1.761022091,-0.5651751757,0.8766780496,-0.8405100107,0
-0.1247351325,-0.09079679799,0.02777963536,-2.512722731,-0.5315839052,-0.08869112283,-1.643446684,0
0.06415533278,-0.2528503511,0.378836406,1.819278121,0.8959443569,1.057597399,1.00521183,0
-0.1795334282,-0.256586482,0.03572664263,0.9602720737,2.181661606,0.3699166775,1.686911225,0
-0.1829393264,-0.0247841865,0.3889423018,0.1349434257,1.263995528,0.117472142,1.170515895,0
-0.1264481041,-0.07307052107,0.1516018197,-2.617612123,0.9398745894,-0.7984671593,-0.8878962994,0
-0.0621138253,-0.3315084317,0.297377001,-1.756016135,-0.476364702,0.6073846221,0.486797303,0
0.2265868226,0.1322709427,0.1960302627,0.5275625587,0.0308335349,-0.5819438696,0.9370391965,0
-0.2667085134,0.05813618906,0.04555688628,2.926404715,-0.5057550669,-0.5838449597,0.9113445878,0
-0.2396422688,0.006187145953,0.1040163104,3.115779877,-0.7133861184,-0.5678149462,1.986948848,0
0.1662341494,0.01900733529,0.03054469697,0.1140480265,-0.4945188165,-0.06777878851,-1.569519043,0
-0.144007119,-0.3594047877,0.2439444179,-1.951890588,-0.968311429,1.227694035,0.1450785398,0
0.3110743206,0.1047914677,0.2357145598,0.325281173,-0.2926156521,0.5398873687,-0.5278274417,0
-0.05443444454,-0.3465511567,0.08025139917,-1.726598859,-0.890722096,0.1459325403,0.9504779577,0
0.2639645087,0.07056261631,0.09718352834,0.2612479329,-0.8431529403,1.045661807,-1.831929207,0
-0.01470157681,0.1892955373,0.3430215634,1.648281693,0.6105858088,-0.2109969556,0.07790888846,0
0.221489492,-0.275688807,0.2414555919,-0.8939837813,-0.4727350771,0.450158298,0.3225408494,0
0.3827858949,-0.1240851594,0.0228276618,2.828117371,2.053578377,1.120821714,0.2606364489,0
0.3323603722,0.04846454187,0.2090812757,-2.996790648,1.940609932,1.013600349,-1.032188654,0
0.3683856689,0.1121172148,0.1388709913,0.2954334617,-1.062942863,0.7140042782,0.8039723635,0
-0.1572692926,0.2907701237,0.3198489406,2.066603661,-0.4744355679,1.05519855,-0.4181430042,0
0.09830642122,-0.0009658487393,0.1986153211,3.131768227,2.059452534,-0.01417291537,-2.094395161,0
-0.1294660677,0.1493815703,0.4142605557,2.284895182,0.1491755545,0.8443393707,-0.6606212854,0
0.02326979637,-0.341350104,0.1046058839,-1.502732038,-0.617797792,-0.01472142059,0.6504376531,0
-0.05199877884,0.02262239741,0.2699663383,2.731108427,0.9726159573,0.1166242883,-1.83658123,0
-0.1764416842,0.2322593528,0.2389719417,-0.921133399,2.054676294,0.6465713978,-1.037206531,0
0.3171026203,-0.06078063256,0.2327821236,-0.189388901,-0.4826841652,0.9872949719,-1.058810115,0
0.3301804013,-0.09453255145,0.1263137582,-0.2792099714,-0.7344692349,0.07678047568,1.022738218,0
0.206651147,0.199073971,0.2936116336,0.7663009167,-0.2263452858,0.0904109627,1.025007606,0
0.1204497988,-0.1500012531,0.1490320411,-0.8947184086,-0.271250248,0.4383362234,-2.016165495,0
-0.1384746047,-0.02950241139,0.3316438717,0.2099024951,1.437768817,-0.4474627078,1.677256107,0
-0.2445825934,-0.2812044803,0.267924163,0.8549375534,1.422649503,1.103039622,0.3717305064,0
-0.1329223902,0.3782662718,0.02267092256,1.908716917,-1.419305444,1.04225111,0.2457068861,0
-0.01149989387,0.3948239676,0.02713037676,1.599914551,-1.311382651,0.8445014954,0.360565424,0
0.2368518499,0.1463573171,0.3046882129,0.5542297363,-0.2281277627,0.9834040999,-1.102593899,0
-0.1996578137,-0.1281197585,0.2993216762,-2.571085691,-0.05545981228,-0.1824747026,1.381140709,0
0.07621886584,0.04185315966,0.425179508,0.5022704601,0.5436957479,0.835087359,-1.081319451,0
-0.1135669521,-0.1599631864,0.2933381322,0.9534192085,1.863577962,0.4993606806,-1.361157656,0
0.04119416634,0.4047505305,0.08982918878,1.469368815,-1.330727696,1.088341951,0.4197974205,0
0.3612406226,-0.0947529685,0.1208580128,-0.256567657,-0.7316278815,0.5975490808,-0.2813904285,0
0.002396430642,0.05106101648,0.3169127314,-1.616214514,1.907238364,-0.372328192,-0.7991042137,0
-0.1895797087,0.2409517554,0.3785163377,2.237433672,-0.6074631214,1.277895808,0.1008091569,0
0.03212562117,0.202003313,0.4140420127,-1.728494287,1.120281935,0.4741795063,0.8984028697,0
0.1792091566,-0.08387655181,0.3283863932,-0.4374274909,0.1006625295,0.8976070285,-1.470615983,0
-0.1252976237,0.04681990718,0.3412037856,-0.3576185107,1.679697871,0.3224989474,-1.172079444,0
0.1378449563,-0.2921430233,0.2990112708,-1.129990458,-0.4837300181,0.5138365626,0.8148029447,0
-0.1996406386,0.0395745855,0.0203485488,2.946622372,-0.9585075974,0.5819126964,-1.956945419,0
0.2799546536,-0.2654725952,0.04460550961,2.382715702,2.137254477,0.7282582521,0.735940814,0
0.04745411077,0.2273217945,0.1685208661,1.364919305,-0.06773656607,0.2805593312,-1.431777,0
0.1202144513,0.157268976,0.4441310912,0.9181540608,0.01610976458,0.6986988783,0.3697966337,0
-0.231139448,0.1526695404,0.3648484031,-0.5837055445,1.46196723,0.8818150759,-0.5089769959,0
-0.02360065219,0.1518207603,0.3257081572,-1.416551113,1.872044325,0.1519661844,-0.9974069595,0
0.2811781349,0.2673122665,0.09153054109,-2.381523132,2.061659813,0.664126277,0.7238461375,0
-0.04077280154,-0.03214468809,0.382822124,-2.477251053,0.5815935731,-0.2493342459,1.691226721,0
0.3963246935,-0.0009459925823,0.1650110578,-0.002395291813,-1.027575135,0.8817843199,0.4955831766,0
0.2204076783,-0.2036499823,0.3178683733,-0.745900929,-0.2157383859,0.8034337759,-0.6176117659,0
-0.006996171468,-0.1540657311,0.117576263,-1.616165161,-0.01625701599,-1.405985117,1.795490384,0
-0.2059480925,0.3571523555,0.08406343243,-1.047730923,1.782929778,1.477775455,-0.1750441194,0
0.07347007569,-0.3330002531,0.3072586002,-1.353644133,-0.5595347881,0.7713838816,0.4543033838,0
-0.06161735087,0.1827595667,0.3513604845,1.896016121,0.5046346784,0.1600937694,-0.5163956285,0
0.2569566053,0.2077887965,0.04145077131,0.6799635887,-0.8645698428,-0.05637529492,0.918390274,0
0.06452322698,-0.1272683891,0.3494124464,-1.10157311,0.446918577,0.6512767076,-1.399507642,0
-0.1056890173,0.05475790822,0.4138100064,-0.4782164097,1.230759859,-0.05641131103,0.9795345664,0
0.08888954324,-0.3763230685,0.1239691792,-1.338861704,-1.00462079,1.158536792,-0.6776112914,0
-0.243679625,-0.02274862385,0.1081319519,-3.048512936,-0.2201309204,-0.8276167512,1.222126484,0
-0.1753939081,0.1515965536,0.1721796563,-0.7129713893,2.175262213,-0.6063836217,1.897738576,0
0.2820526457,0.2373263889,0.06844476581,0.6995000839,-0.8965389132,0.3037139177,0.5195122957,0
-0.3058656549,0.2153564579,0.2676608834,2.528127909,-0.8429714441,1.085554361,0.272538811,0
0.2720106121,-0.02083090629,0.3407327981,-0.07663568109,-0.1534926444,0.9270495176,-0.8386244774,0
0.130849292,0.2717435273,0.3506503115,1.122043848,-0.8446141481,1.30480516,0.7824301124,0
-0.2312633083,0.2546450094,0.02862331967,-0.8334807754,2.181661606,1.540772438,-1.334827662,0
-0.3449856875,-0.14669932,0.1641582034,-2.739514351,-1.401075006,1.287675619,0.9659622908,0
-0.01233786441,0.2272176769,0.307432973,1.623667717,0.4297885299,-0.2788794935,0.2739258409,0
0.3384961196,0.2231908289,0.147702626,-2.558666229,1.77150321,1.051395774,0.3405992389,0
0.07467676811,0.192066231,0.3759206459,1.199975491,0.0007461979985,1.11828053,-1.212157845,0
-0.1594690983,0.04848495878,0.2974824489,-0.2951477766,1.588137269,-0.5125455856,1.795698285,0
-0.3802539991,-0.06837865925,0.2481618308,-2.963670492,-0.9779373407,1.343776464,-0.06838080287,0
-0.1376375378,0.2466486367,0.2556784024,-1.061833143,0.9942277074,1.221812725,1.647157192,0
-0.3136717154,-0.05386457235,0.08341558729,-2.97154665,-0.4702669978,-0.2165353,0.4483278096,0
0.07419658595,-0.2988129356,0.137604598,-1.32741189,-0.3604400158,0.3543533385,-0.8473408818,0
0.2674434256,0.2512746025,0.1863263997,0.7544448376,-0.7626425028,1.086581111,-0.7880780101,0
0.1172504311,-0.3472517943,0.2719549146,-1.24516356,-0.7612578869,0.9357441068,0.4009071589,0
0.09413927,-0.308490355,0.04667972937,-1.274794936,-0.6194993258,0.1627887785,-0.3607555926,0
0.02776770492,0.02156922851,0.2059315826,0.6617929935,1.106267452,-1.686857581,2.055790663,0
-0.2841287268,0.1027730755,0.379660435,2.794519901,-0.6514787674,1.522320628,-0.3060692847,0
0.2763225771,0.2571475503,0.2108428474,0.7494764328,-0.765886426,1.071104646,-0.5012842417,0
0.3767285888,-0.127327928,0.190393201,2.815663099,1.706163526,1.243377686,-0.2914881706,0
0.001150320386,-0.01197402322,0.2075051298,-1.515975595,-1.238786697,-1.786055207,-2.016179562,0
-0.208163448,-0.1041656562,0.2505173211,0.4646040201,2.069999456,-0.5391385555,1.338762045,0
0.1087948983,0.359009774,0.1516001753,1.276572466,-0.667480588,0.4869925976,0.06086535752,0
-0.3798198539,-0.04875183359,0.0450732689,0.127655223,2.144583464,0.6973335743,0.783074677,0
-0.1581088279,-0.02888018951,0.1942364788,-2.960933685,0.0682650134,0.3305940032,-2.020672083,0
-0.1241067313,0.01238481447,0.04586692897,3.042157173,2.170444965,-1.850222111,-0.7940738797,0
0.2613832084,0.1339240875,0.2880041567,0.4734927714,-0.4269735217,0.2718187273,1.23102951,0
-0.2827732022,0.1543426307,0.1874368193,2.64193964,-0.5961158276,0.05079749972,1.244547367,0
0.2240071082,0.0733888687,0.3825586277,0.3165929317,-0.01779449359,0.306371659,0.7961112857,0
0.09325207472,0.09107924557,0.161954958,0.7736237049,0.9378219843,-0.6652641892,-1.162484646,0
0.1745726564,0.3059662851,0.2449692642,1.052319527,-0.4627064168,0.449357301,0.3239789307,0
0.3444351428,0.1321655544,0.08978692861,0.3663910925,-0.7532747984,0.4182891548,-0.04895407706,0
-0.0866477773,0.3686046552,0.2245311235,-1.339918375,1.543043375,0.9654482603,0.658219099,0
-0.2164622147,0.08744309845,0.4105128499,2.757673264,-0.1357352734,0.6163646579,0.6697429419,0
-0.06238435676,-0.07580367551,0.3513044604,-2.259940863,1.047234058,-0.1213869303,-0.6658571959,0
0.2803098668,0.2592102271,0.1207071056,0.7463104129,-0.8065656424,0.6966911554,-0.261470288,0
-0.2552160361,-0.1744617329,0.1401554686,-2.541880131,-0.2104063332,-0.2327727228,0.2528154552,0
0.09279266617,0.05108176214,0.4804026871,-2.638341665,0.7325702906,1.202938557,-0.599272728,0
-0.06690836294,-0.1535979588,0.03714964498,-1.981992126,0.2727379799,-1.196391582,0.1898603141,0
0.05460599212,0.1300620078,0.2507609654,1.173273325,0.8155786395,-0.1845227033,-1.207732439,0
-0.1338911338,-0.05661323441,0.03629759346,0.4020887017,-1.842114091,-1.381032348,0.2343864739,0
0.1546149552,-0.007422265683,0.1874403084,-0.04829633608,0.9201503992,-1.330841184,0.8562841415,0
0.002900700928,0.3009338933,0.1608906039,1.56114018,-1.396997213,1.09012723,1.830413699,0
-0.1046244264,-0.349090106,0.02170461236,-1.861984015,-1.090549469,0.3555425406,0.6303995848,0
0.02196728463,0.3351511749,0.2264202423,1.505336165,-0.5784990191,0.2775921226,1.011944175,0
0.2715163804,-0.02027196154,0.2347947754,-0.07453836501,0.07100880146,0.1892343909,-0.7113820314,0
-0.09442816263,0.2651086108,0.2281251508,-1.228620172,0.889085114,1.536700845,1.62848103,0
-0.004316203709,0.1551440205,0.2271586153,1.59860599,0.985240221,-0.5984840989,-0.6935908198,0
0.2500483389,-0.2334493601,0.3293779263,-0.7510805726,-0.6528630853,1.186988831,-0.05517793447,0
-0.2080692858,-0.1912383281,0.4004135959,0.7432729602,0.9167002439,1.322772741,0.2499616295,0
-0.3272776032,-0.08538186365,0.02119632583,0.2551969588,2.181661606,0.5257889032,1.397069335,0
0.2991616738,-0.1311844641,0.2438247442,-0.4132546782,-0.6649239659,1.354191661,-1.204907179,0
0.2501306786,-0.06092297858,0.0704302364,-0.2389160395,-0.1140403003,-0.6049141288,0.1678517461,0
-0.05700810892,-0.05448792428,0.4131553106,0.7627975941,0.680351913,1.570796371,-1.655547261,0
0.09696761714,0.2299514914,0.05198609314,1.17175746,-0.6387876868,0.4189045429,-1.462888718,0
-0.2267192611,0.004609302463,0.06320507777,3.121365786,0.04001395404,-0.6687749028,-0.1975002885,0
0.06069990993,0.0260042188,0.1835997814,0.404727757,1.859875202,-0.9486235976,-1.205972433,0
-0.000567973253,-0.1041636014,0.1038196652,1.565380216,-1.741734743,-1.217348099,-1.002025008,0
-0.1612958654,-0.08552111723,0.2683874656,0.487534672,2.15434885,0.1186283082,-1.192887306,0
0.007787754827,-0.3506730726,0.1978292458,1.593001008,1.956045628,0.3018137813,0.898296237,0
-0.2565975571,0.3060821379,0.04165199814,-0.8731204271,1.935919285,1.553174973,-0.5415865779,0
0.06052877369,-0.1478789211,0.2035855659,-1.182285547,0.4635327756,-0.04860097915,-1.520740271,0
-0.1496825047,0.1572201462,0.3553906071,2.331729174,0.1958252192,0.6419078112,-0.9061771631,0
0.1828532179,0.2097127986,0.07945708456,0.8536999226,-0.8437663913,0.9377605319,-1.702139258,0
-0.04229379793,-0.03329184375,0.2702956036,-2.47085762,0.8694668412,0.235905692,-1.99438107,0
-0.3800645842,-0.02027650909,0.05982096788,0.05329930782,2.139101267,0.6294088364,0.8287214041,0
0.189413103,-0.1127021808,0.1348443494,-0.5369343162,0.149045974,-0.2115661949,-1.007433414,0
-0.06007769242,-0.213771416,0.414952206,-1.84476161,-0.1123734266,1.191220164,-0.7513432503,0
-0.1380071499,-0.09744288383,0.2400985258,-2.526774406,0.9574856758,-0.6841588616,-0.3237276971,0
-0.02490718102,0.3080660189,0.3310510275,1.651471376,-0.4191227853,1.165385127,-0.7170571089,0
0.2566195684,-0.2481178023,0.2963968844,-0.7685556412,-0.714404583,0.991560936,0.3294427395,0
0.1438903857,-0.1879192639,0.2279201963,-0.9167448282,-0.04126592726,0.5528630018,-1.471467495,0
0.1286910849,0.3759440429,0.04080262769,1.24098444,-1.400652051,0.9609258771,0.5352214575,0
0.2364479112,0.1258372229,0.1900894171,0.4890841544,-0.360634774,-0.3877913356,1.558331251,0
0.08791931736,0.17785317,0.03807009166,1.111689687,0.04545637593,-1.011261225,0.2989698946,0
-0.03754990413,-0.1437562133,0.2525669668,-1.826289177,0.2255223095,-0.8582066894,1.992705822,0
0.183570464,-0.08595203423,0.4098766926,-0.4379047453,0.1314464211,0.3072499931,0.6825549603,0
-0.2068083649,-0.01069838607,0.4162376953,-3.089907646,-0.01154874265,0.4723726511,0.7966706753,0
-0.07459479496,-0.2760908568,0.03160522644,-1.834743142,-0.9395408034,0.812451303,-1.463303208,0
-0.04671293656,0.2261424461,0.4208758739,1.774495602,-0.1536088735,0.7200139761,0.5631262064,0
-0.1078073036,-0.2783110642,0.1719840072,-1.940361977,-0.07329850644,-0.274233073,0.2610196769,0
-0.07418788137,-0.06078649308,0.4866153899,-2.45515728,0.2245089859,0.7520961761,0.5000612736,0
-0.1341453209,-0.0479470473,0.4386885814,0.3432448804,1.121904135,0.8521904349,-0.724424243,0
0.06920873714,0.1535207972,0.05837285136,-1.994189978,-2.179394007,-1.214256883,0.1073733568,0
0.2919352848,0.1331248971,0.220256971,0.4279007316,-0.2892360985,0.546231389,-0.7054766417,0
0.08652284485,0.3873231982,0.03429586362,1.351017952,-1.378658295,0.9247992039,0.4810556471,0
-0.3086876628,-0.1176737437,0.09112550371,-2.777370691,-0.526643455,-0.1155078858,0.4688592255,0
0.2284492075,0.234328335,0.0838798603,-2.343497992,1.418769717,1.474489212,1.479336977,0
0.3275125096,0.07899251206,0.3271750425,0.2366665006,-0.5385748148,1.063599229,-0.1673915982,0
-0.08507284737,-0.1158176487,0.1532409971,-2.204330444,-0.01923982985,0.1047305837,-2.094395161,0
0.3306974474,0.116974859,0.3076629552,0.3399865627,-0.6849383712,1.255775928,-0.3199978471,0
0.185932583,-0.05806272338,0.1936582422,2.838911533,2.181661606,0.4939453006,-1.899133801,0
-0.06852213199,0.1869464979,0.2608310416,-1.219461441,1.868543744,-0.5983852744,1.692390919,0
0.2114374278,0.06264197897,0.3026563806,0.2880230546,-0.2573253214,0.03715882078,1.77656424,0
0.2599048334,-0.1455378117,0.3664194888,2.631130457,1.184048772,1.389375567,-0.6084760427,0
-0.263700597,0.2323095713,0.0605591987,-0.7221845984,1.631601572,1.27409029,1.297440886,0
0.2671980837,-0.1028979901,0.09983222389,-0.3672780097,-0.2451296747,-0.5030207038,0.5822249651,0
-0.2489736334,0.3102928773,0.2000693655,2.246988535,-1.037484407,1.116617084,0.2683008611,0
-0.3512423257,-0.1140601511,0.1533471493,0.3141286075,1.690079331,0.8273496628,1.120717049,0
-0.175202765,-0.1052908053,0.06611773873,-2.600333214,-0.03156041354,-1.115133286,0.9309206009,0
0.003856795747,0.3459333781,0.2998075401,-1.581944466,1.114633679,1.316438079,0.6346251965,0
-0.01725866696,-0.2549670616,0.3590354965,-1.63839972,-0.7007898092,1.067591906,1.251715183,0
0.1457094202,-0.2526415637,0.1122018941,-1.04717505,-0.2655255497,0.07294465601,-0.6813293695,0
-0.05199447316,-0.2573974056,0.2344775616,-1.770121336,-0.3883453012,1.092171788,-1.670750141,0
0.05341611298,0.1050888282,0.06829790181,1.100537658,-0.4907096028,-0.1500899196,-2.077336073,0
0.169051182,0.2565180031,0.2949093435,0.9881036282,-0.3426884115,0.2861770988,0.8890969753,0
-0.1603929194,0.193792854,0.09093283314,2.262145042,-0.228890121,-0.790233314,1.018966436,0
-0.1284127277,-0.04331385524,0.2862041185,-2.816169977,0.7402249575,0.06932929158,-1.3049016,0
0.1273094303,-0.3016106506,0.1955710025,1.970206499,1.072579026,1.533120155,1.316684604,0
0.06314640658,-0.3948976866,0.1625078407,1.729359746,1.763646364,0.9684678316,0.4322808385,0
0.3501215488,0.02539086133,0.1644289508,0.07241044939,-0.8407431841,0.3504251242,1.142985344,0
-0.2248407741,0.1847019681,0.1201258558,-0.6873273849,2.181182146,-0.1227203682,1.743536353,0
0.2347886654,-0.04969395799,0.2661596333,-0.2085754722,-1.253796577,1.565798998,1.77386713,0
0.2327509356,0.2299134407,0.1007979665,0.7792676091,-0.4345856309,-0.09042990953,0.2184443325,0
-0.04982774885,0.05258348184,0.3605627669,-0.8129768372,1.643955946,-0.02618564479,-0.7931020856,0
-0.02888979496,-0.2319779892,0.3765400256,-1.694695592,-0.06838964671,0.2953997254,0.9722112417,0
-0.3311204691,0.043716597,0.1899771869,3.010277271,-0.4216521084,0.6081904173,-0.732666254,0
0.2249571869,-0.1150998276,0.3801468137,-0.472925812,-0.1305342317,0.4374185801,0.7520905137,0
0.1139480346,0.1675122803,0.1891640809,0.9740642905,0.486544311,-1.019761443,0.8757256866,0
-0.2199266517,0.2264567622,0.1864342969,2.341480017,-0.3129315376,-0.1636871099,0.8129128814,0
0.1653545368,-0.007542634072,0.2797807014,-0.04478791356,0.2708228827,-0.696649909,1.728038192,0
-0.1833532981,0.03269382266,0.3165117771,-0.1766488403,1.004155636,0.4570952356,2.078299046,0
-0.1375679291,-0.2869637883,0.1375370021,1.123734713,2.134711027,1.121500015,-1.446486712,0
-0.09072636365,-0.295565881,0.2327758987,-1.868625879,-0.1379012167,0.3312266171,-0.4987966716,0
-0.1335566127,0.1702824811,0.3298588363,2.235877514,0.4714150429,-0.1476167142,0.06910382956,0
0.08549198563,0.3237962792,0.1990557049,1.312326193,-0.3024896383,0.09022673965,0.2840082645,0
-0.06538403962,0.2525573629,0.3018149578,1.823863387,0.2143536806,0.08455062658,-0.1885198355,0
0.03303560272,-0.2328768215,0.3247552593,1.711713552,1.547632217,1.001110435,-1.324191689,0
-0.1848149024,0.287109254,0.1410956504,-0.9988561273,2.08996439,1.135919094,-1.217836618,0
0.1984563912,-0.3305220265,0.2048415098,2.111534357,1.542046905,1.570796371,-0.6546027064,0
-0.231266851,-0.1104038305,0.1436781796,-2.696676493,-0.2815011442,0.4179772437,-1.415062189,0
0.2311255574,0.3258362711,0.1510168778,0.9538360834,-1.019012094,0.863453269,0.3770981729,0
0.2932781239,0.08846773734,0.2455213934,0.2929694355,-0.107543759,-0.03805316612,0.4542576969,0
0.02072556531,-0.1077312861,0.3378972499,1.758626699,1.97181046,-0.3402111232,-0.4034989774,0
-0.2920256858,0.2640425405,0.1288246657,2.406475544,-0.9368730783,0.941896379,-0.3254856765,0
-0.1310791502,-0.2792743422,0.2865502333,1.131946564,1.519490957,1.352680445,-1.166743517,0
-0.2918298136,0.111775922,0.1121534451,2.775648594,-0.2928926051,-0.1494934559,0.03029383719,0
0.1070433128,0.0336519942,0.3155611399,0.3065775633,1.095689416,-0.2960335314,-0.6996960044,0
-0.04776809145,0.3480778443,0.2924714372,1.707151175,-0.5640756488,0.778311491,0.2900043428,0
-0.2811413684,-0.1404098265,0.09445142218,-2.678654432,-0.7185638547,0.7674235106,-1.234815955,0
0.3777711113,0.08867231812,0.1459821496,-2.911041498,1.730567813,1.570796371,-0.8215869665,0
-0.09369175748,0.1247596993,0.04208417911,2.214805365,0.3130540848,-1.375356197,0.5305023789,0
-0.2891586769,0.1445560871,0.1646044777,2.678015709,-1.329312444,1.00867331,1.629310966,0
-0.149957205,0.1280071657,0.1384522847,2.434997559,-0.001768499846,0.05611262843,-1.547272682,0
0.009085215727,-0.09704802792,0.1440574615,-1.477519035,0.3329535127,-0.3051504493,-2.016987801,0
-0.05825320324,-0.1753929466,0.4338402058,-1.89146471,0.0233938992,0.5357055068,0.7896857262,0
0.04041116858,0.3619372722,0.1852041428,1.459606767,-0.6691828966,0.9004619718,-0.6630279422,0
-0.2228245313,0.02621231314,0.3672864357,3.024478436,0.07053870708,0.09792408347,0.9531097412,0
0.1645500252,-0.2270424236,0.2078400562,-0.9436513186,-0.1766672432,0.5117108226,-1.129935503,0
0.2361137979,-0.1650295361,0.1118086715,-0.6099864244,-0.4879820049,0.5112318397,-1.242775083,0
0.3173524504,-0.02576307829,0.2897920032,-0.08100490272,-0.2337242961,0.6104559302,-0.376062125,0
0.1571273474,-0.07624257398,0.3226602723,-0.4517324865,0.365008235,0.5462664366,-1.338797808,0
-0.0003102710721,-0.01392463007,0.09822721273,1.560915351,-0.6218298674,-1.092389584,-2.015649796,0
0.3948154028,-0.03980127467,0.05260891874,-0.1004691869,-1.149494171,0.8512747288,-0.01699563488,0
0.3185485517,-0.1519610236,0.03460258374,-0.4451108873,-0.8708622456,0.1831741333,0.3864224553,0
-0.2706145135,0.2089213105,0.06967496627,-0.6574396491,2.122071505,0.3946534991,1.39717555,0
-0.2664715877,0.1345175178,0.3839302758,2.674104691,-0.5350831747,1.153029323,0.224963367,0
0.2956693148,-0.2315286643,0.1575753348,-0.664322257,-0.7795930505,0.9253850579,-0.5951393247,0
-0.0009345071378,0.1530650967,0.05555813572,1.576901317,0.4477733672,-1.440065145,0.5757498145,0
0.2613045513,0.2181519246,0.1036539183,0.6956102848,-0.8283860683,0.07423256338,1.120946765,0
-0.1214191317,0.02596502262,0.1415717004,2.930680037,0.5363208055,-0.4249097109,-1.586905003,0
0.1154329802,-0.1284932968,0.1341670467,-0.838888526,0.01257948484,-1.266270876,1.721697807,0
-0.160363042,-0.02773562971,0.04514269601,-2.96977973,-0.1898426414,-0.3301398456,-1.328113317,0
-0.006755145668,-0.09833300556,0.1440677289,-1.639384985,0.2336130887,-0.2552895546,-2.094395161,0
-0.03806929239,-0.2088456765,0.05807948742,-1.751411319,-0.6778283119,-0.8944360018,1.83364749,0
-0.03987018014,-0.02961926837,0.154160269,-2.507717133,1.35710907,-0.7164988518,-1.760158062,0
-0.03372139757,-0.1229041133,0.2924915976,-1.838570714,0.6809055805,0.2152988166,-1.467987061,0
-0.0187324505,-0.2792010005,0.0601454584,-1.637828231,-0.3316942453,-0.1497019678,-0.4428921342,0
-0.1615779012,0.3274815974,0.2126399894,-1.112446308,1.809720993,1.145475388,-0.7534657121,0
-0.2212086923,-0.06051907527,0.2737636388,0.267024219,0.6565143466,1.538161397,1.827961802,0
0.216085442,-0.1761322726,0.3635996995,-0.6841567159,-0.1647110283,0.8802946806,-0.5048011541,0
-0.01698790694,0.2363291878,0.4322995764,1.642555237,-0.240373835,1.193819761,-0.2650668621,0
0.003220078693,-0.3231826347,0.3408779259,-1.560833216,-0.5210689306,0.8689351082,0.4235528409,0
0.3283053697,-0.2195765484,0.110782905,-0.5894907117,-1.082945466,0.737945497,0.5493612885,0
-0.2201457016,0.2985887974,0.03625465761,2.206060886,-0.9858064651,0.3973268569,0.3170059621,0
0.2334515343,0.01734741675,0.05483080006,0.0742026791,-0.04566590115,-0.7225706577,0.08120048791,0
0.3589063998,-0.1004770891,0.07743753571,2.868642092,2.12732625,0.5244900584,0.9576843977,0
-0.04916318655,0.2640893191,0.3813348524,1.754850626,-0.1816750467,0.5735942125,0.5135578513,0
0.01675257526,-0.3259988089,0.1988248635,1.622083187,2.011817932,0.07928152382,1.127363443,0
-0.1249628065,-0.1868311788,0.4408749158,-2.160311699,-0.2583815157,1.025063992,0.358957231,0
0.06113073002,0.1478480967,0.1695970906,1.178912163,1.112989426,-1.21810317,0.1181247085,0
0.3797512304,-0.1574966141,0.1108952434,-0.3931451738,-1.400230765,1.546403408,-0.262222141,0
0.2333014895,-0.2646618085,0.05168475829,2.293353319,2.147853136,1.462437391,-1.254428864,0
-0.1279836157,0.2730878871,0.3212635124,-1.132538795,1.545734286,0.4144732356,0.8099472523,0
-0.09644902538,-0.1681662542,0.4111233976,-2.091539621,0.09153354168,0.3147342205,0.8771933317,0
-0.2569181906,-0.1469388158,0.2894356281,-2.622423649,-0.4517808557,1.267729759,-1.225709796,0
-0.1505897428,0.3571182112,0.1190549663,1.969856262,-0.8433884978,0.6483228207,-0.02001212724,0
0.08497407106,-0.2464513616,0.1483235772,-1.238849163,0.0869114995,-0.2340962589,-0.527859211,0
0.1489486614,-0.30015533,0.3260214011,-1.110160828,-0.598944068,0.9128226638,0.4300459027,0
-0.05904885128,-0.01542648132,0.2472928871,-2.886455536,0.8697450757,0.08030933142,-1.997109294,0
0.1278955203,-0.2070041222,0.3978349432,-1.017361879,-0.3857796788,1.570796371,-0.9380556345,0
-0.06113258328,-0.2946984586,0.1450709193,-1.775348306,-0.5125617385,-0.281009376,1.288788557,0
-0.1974178655,-0.209938915,0.1328026974,0.8161269426,2.125335217,-0.1161454022,1.770263791,0
-0.08442944156,0.2845745339,0.07236574425,1.859211922,-0.4745630622,0.1990882009,-0.7798643112,0
0.2087908664,0.2487148974,0.2230142162,-2.269202709,1.88776803,1.048156857,-1.126829624,0
0.1377507193,0.143523172,0.1720412448,0.8059313893,0.4505918026,-0.3460163176,-0.940410018,0
-0.2679205178,0.18581765,0.3059710201,-0.6063905358,1.565492272,0.5575060248,0.6527333856,0
-0.0968517195,-0.003674095516,0.2383355076,0.03789126128,1.804548383,-1.236390352,2.036913633,0
-0.2517498055,-0.2363275231,0.08083568856,-2.387777567,-0.9551159739,0.1609975547,1.136072159,0
0.04591254285,0.2335651023,0.3046175087,-1.764884233,1.56757021,1.086944818,-1.494311213,0
-0.1814143368,-0.1997105165,0.2445720127,0.8339673877,1.81425631,-0.1186290607,1.542599559,0
0.2211206201,0.0431321264,0.1750096588,0.1926492006,0.2521013319,-0.9018231034,0.9492269158,0
0.3489126456,-0.1091920883,0.1080077226,-0.3032888472,-0.6771281362,0.3924028277,-0.07901340723,0
-0.1264349898,-0.09595478075,0.4250354276,-2.492350817,-0.1484625638,0.690623939,1.273062825,0
-0.08588020829,0.2316026989,0.1867653499,1.925959587,-0.1759804338,0.5185279846,-1.500594854,0
-0.2144628592,-0.03747561704,0.2761107472,-2.968587399,-0.05365564674,0.8772268891,-1.655982256,0
-0.1701959466,-0.09182950336,0.3912185764,-2.646805048,0.1135407239,0.1536336839,1.061923504,0
-0.3497285521,-0.1889593089,0.2096293272,-2.646224976,-1.042670965,1.196344972,0.1755712032,0
0.293693376,0.1388455677,0.1603204054,0.4421230853,-0.2809390426,-0.09103546292,0.3061157465,0
0.04796234681,0.2937576455,0.3249226249,1.408952594,-0.9829152226,1.354696751,1.046704054,0
0.1693266363,0.1025147939,0.2591022974,0.5443997383,-0.2385971844,-0.2756922245,2.094395161,0
-0.02992121835,-0.01697014511,0.4808567883,0.5168450475,0.6346494555,0.5299711227,0.7553038001,0
-0.08132827667,0.2900691873,0.3757239385,1.844153166,-0.7126835585,1.317477822,0.4147476256,0
-0.3340174211,-0.1734610024,0.111442506,-2.662608385,-0.9402561188,0.442884177,0.7461372018,0
-0.1332116369,0.1826750565,0.09070578905,2.200887442,-0.5706251264,0.5206630826,-1.825351238,0
0.2916704442,0.08689979968,0.2423414386,0.2895151675,-0.5056969523,0.1435597241,1.326601624,0
0.08505092036,-0.1563585183,0.4279114007,-1.072578311,0.163654834,0.3601089418,0.7329298258,0
-0.0971129015,0.1903961579,0.2930679868,2.042508364,0.4076057673,0.1411595494,-0.8264955878,0
0.1766571082,0.1127521753,0.3047492012,0.5672374964,0.4527622461,-0.4729109108,0.7255159616,0
-0.2929162638,-0.2821562423,0.04222128714,-2.374903202,-1.405910611,1.122542143,0.1819612086,0
-0.2464344607,-0.2053940573,0.03331328122,-2.446778297,-0.6366391182,-0.02976221591,0.05651587248,0
-0.1700158967,0.0534677041,0.08055660775,2.836582899,-0.4915594459,-1.170035481,1.957313299,0
0.2823778568,-0.1549151543,0.1793321451,-0.501783371,-0.3493102193,-0.1210991293,0.7562506795,0
-0.1186851528,-0.2753471052,0.1689348035,-1.977765083,-0.2564652562,0.367243439,-0.8920251131,0
-0.3623905393,0.1483927581,0.06107982792,-0.3886391222,1.767808557,1.219729066,0.767321825,0
0.2017676266,0.3240701995,0.2234017496,1.013919353,-0.9011539221,0.8996896148,0.5402443409,0
-0.3070647799,0.0686640812,0.2192060288,-0.2205312699,1.248451114,1.05027318,1.557209373,0
-0.2088625582,-0.1364276589,0.4122700082,-2.562975883,-0.239335537,0.8021681309,0.4941394627,0
0.1584816636,-0.1722231252,0.27655727,-0.826921761,-0.2569033802,1.16917491,-1.738375425,0
0.178214579,-0.1136167032,0.1431814826,-0.5669854283,0.3900130093,-1.037569523,0.6744562387,0
-0.1660272651,0.1394188847,0.4041315365,-0.6984699368,1.391753793,0.6785049438,-0.4314035177,0
0.2861647854,0.1258393474,0.2090531244,0.4143034816,-0.1130497903,-0.00684380997,0.05629080907,0
-0.1581184995,-0.1895505793,0.1950754522,0.8756901026,2.17663765,0.6692640185,-1.6185534,0
0.02629682486,0.2852605024,0.1412833416,1.478704691,-0.452609688,-0.4122541845,1.348323464,0
0.1321137714,0.2195184353,0.2900289098,1.029025912,-0.3312015533,0.0855942592,1.550264835,0
0.2088785081,0.1722522872,0.3069252068,-2.451886415,1.630611777,0.09292069823,1.170805216,0
0.05241594758,0.2314849434,0.1322125234,1.34811008,0.239171043,-0.5058947802,-0.3786837161,0
0.06322667816,0.1444965342,0.431515026,-1.98266995,1.321669459,0.3919062316,-0.08004198223,0
-0.1511745945,-0.3177868884,0.2564397818,1.126768351,1.669739127,0.5887813568,0.7264453769,0
-0.1362065264,0.04026561442,0.1216261838,2.854215622,0.3729282618,-0.4194465578,-1.473810792,0
-0.3376122896,-0.02461931136,0.1131310116,-3.068954468,-0.5984804034,0.5422377586,-0.741339922,0
0.3992779786,-0.01468877156,0.1066647998,-0.03677012026,-1.125508666,0.8180841804,0.4729810655,0
-0.08858350378,0.06536436226,0.1458631218,2.505891085,0.1631603986,-1.613427639,2.094395161,0
-0.09497016741,0.2428335901,0.1217957853,1.943599701,-0.2357574701,0.2015200704,-1.157035589,0
-0.07692164995,-0.3154353038,0.2829799064,-1.809983253,-0.3453819156,0.3355032802,0.6086167693,0
0.1260097711,-0.2994983361,0.2999160537,-1.172542095,-0.5945745111,0.6483669281,0.8995568156,0
-0.1869910351,-0.1313149823,0.3911625462,-2.529340982,-0.1319624037,1.219761729,-0.9798238873,0
-0.1294674258,0.1330638522,0.1829358153,2.342469931,-0.1275018454,-0.9309580326,2.020293713,0
-0.1103674415,-0.1717582764,0.2888407434,0.9996835589,1.953391433,-0.5595058203,1.228806853,0
0.324286935,0.1949691382,0.2677249245,0.5413191915,-0.9344570041,1.292028785,0.08882017434,0
-0.2603601113,-0.05226985356,0.1920572936,0.1979391724,1.863388658,-0.1045506746,1.899379969,0
0.2765663129,0.1199996189,0.2925226177,0.4093770087,-0.1254517287,0.1471181661,0.4908748567,0
-0.1488075671,0.1585064662,0.4115166525,-0.8169099689,0.9922143817,1.460619688,-0.9743899107,0
-0.02572266119,0.09662968988,0.2765193141,-1.311037064,2.020581484,-0.09043607861,-1.361132622,0
0.02833033432,0.1956777137,0.04566506431,1.427050829,0.08528120071,-1.054791212,0.3849443793,0
-0.3054722224,-0.08900026023,0.1845439195,-2.858085871,-0.2678612173,0.3484099507,-0.6173374057,0
-0.1001748661,0.06282616667,0.3239898683,-0.5601335168,1.365504026,-0.5342496037,1.849070311,0
-0.1694132796,0.3527947706,0.134715088,-1.123114824,1.852895975,1.391727924,-0.7232982516,0
-0.3011473042,-0.2237540025,0.1901289708,-2.502585649,-0.7250637412,0.5295243859,0.5100554824,0
0.1835279478,0.276916425,0.03358549743,-2.156086445,2.181661606,1.568402171,-1.478265882,0
0.2413201342,0.00202920357,0.3352408816,0.008575328626,0.09381902218,-0.05965620279,0.8967596292,0
-0.1792944012,-0.01172633532,0.09463802587,-3.076283932,0.6073500514,-1.086061239,-0.09119439125,0
0.08258581647,0.1740594989,0.4405627687,-2.01382494,0.8067392707,0.8921198845,0.8278750181,0
-0.1489549618,0.1031338364,0.09732957754,2.535840273,0.2589459717,-0.5007244945,-1.020359516,0
0.2846440861,0.06845427894,0.190175957,-2.905581713,2.078223467,-0.182877183,1.440633893,0
-0.2519714261,-0.103757329,0.05506844824,0.3906714022,1.482696176,1.514405489,1.935736418,0
-0.05092984613,0.1250986237,0.4233434463,-1.184170127,1.388531923,0.1179008558,0.1979412735,0
-0.03198834833,-0.009416071407,0.07359458175,-2.851241589,1.192700386,-1.14936173,-1.71523869,0
-0.0432722089,-0.1669732647,0.2825933947,-1.824379444,0.8439324498,-0.7372524738,0.3976691365,0
-0.1106354066,0.3371348032,0.1827760722,1.887692213,-0.4740124047,0.250903964,0.2805511057,0
-0.1580435126,-0.05169534422,0.109936561,-2.825450182,-0.241783306,-1.281873822,1.932685256,0
0.1444287096,0.09626946265,0.4110228808,-2.553661823,0.8667206168,0.5934208035,1.321811438,0
0.3690443011,0.1680921342,0.1543547158,-2.714191437,1.75496912,1.070009947,0.2961236238,0
0.1166296938,-0.3817387717,0.1673892851,-1.274281025,-0.9834949374,1.137512803,-0.2849886119,0
-0.3822712422,-0.1438702299,0.05605808232,0.3599594831,1.851597309,1.518304467,-0.2764495015,0
0.1811409261,0.1525153641,0.147747106,0.6997394562,-0.2092930377,0.3602493703,-1.520927072,0
-0.008306665155,-0.1655584827,0.3820523975,-1.620927095,0.2364138812,-0.04266469181,1.256800652,0
-0.1148815977,0.05775392351,0.431628485,2.675742149,0.2997806668,0.2195954621,1.021262646,0
0.2558373379,-0.05435013246,0.1003955693,-0.2104386985,-0.4169244766,-0.6715431213,1.343953252,0
-0.01337970488,-0.3793099644,0.151576355,1.535538316,1.905270815,1.275038958,-0.8221289515,0
0.1242251435,-0.1448856482,0.2188469803,2.27955246,2.009640932,-0.7806023955,1.920449138,0
-0.06919596543,-0.2304224304,0.05916950634,-1.862528086,-0.9076008797,-0.5346530676,1.962759972,0
0.01583017341,-0.2033435908,0.2184976012,-1.493103623,-0.2638929486,0.9208376408,-2.094395161,0
-0.2904345059,-0.1237785542,0.1821959616,-2.739174128,-0.4613503218,0.7628275156,-1.115404129,0
-0.0536797237,-0.2948936383,0.1585842051,1.390739679,1.926907778,1.391344428,-1.737794042,0
0.09183819365,-0.3981602211,0.1398156399,1.797487974,1.767578244,1.125091672,0.2479906231,0
-0.188266908,0.1790356165,0.3780033853,-0.7602581382,1.207269669,0.610075891,0.8982884288,0
0.03493570249,-0.05244684298,0.4691072802,-0.9831802845,0.4609911442,0.3928571045,0.7685500979,0
0.06422267294,-0.0471163021,0.07110202626,-0.6349437833,0.4873867333,-0.852237165,-1.488870621,0
0.02210019935,-0.2357203713,0.3286763285,1.664274812,1.461234212,0.07963937521,1.383497715,0
0.1668027857,-0.08256934955,0.364870754,-0.459648788,0.4474290609,-0.2066357881,0.7052096725,0
-0.1855581246,0.1936350166,0.3223590817,-0.8066720366,1.882493615,0.2724303007,-0.2196143419,0
0.1150812099,0.1476468105,0.3585819746,0.9086906314,0.3202621043,0.6124897003,-1.049454808,0
-0.1009425524,-0.3542817,0.09815130738,-1.848362803,-1.234585881,0.6779933572,1.148617983,0
0.1909067099,-0.1261206488,0.09335761388,-0.5838366151,0.08551649004,-0.4420580864,-0.611946106,0
0.3347631463,-0.1856083808,0.05306056471,-0.5062556863,-1.637609601,1.226483345,0.8965294957,0
-0.2197838639,0.04683302219,0.4322665058,2.931654215,-0.1117233336,1.073378444,-0.3571449816,0
0.3256379636,-0.1974949453,0.1740341133,-0.5451880693,-0.9372874498,0.6821616292,0.7537003756,0
0.2513345977,0.1758416698,0.02608985003,0.6104341745,-0.7268039584,-0.2675502896,0.7681569457,0
-0.3033688539,0.2581805452,0.03799197301,-0.7051004171,2.035108805,0.9961990714,0.5065701604,0
-0.1142014315,0.1188500945,0.2372202634,2.336249352,0.4732775688,-1.029625297,1.478686452,0
0.3200088962,-0.07393299566,0.07464824071,2.914542437,2.181661606,1.371972561,-1.495737314,0
-0.1819798782,-0.2992917487,0.1156760578,1.024558187,1.451018691,1.306381345,1.321583033,0
0.02643527176,0.2626633586,0.2418244316,1.470491171,-0.3275457621,-0.1751257479,1.575866342,0
-0.1191894993,0.2784545291,0.2897882516,-1.166352034,0.9171567559,1.362805605,1.229185343,0
-0.1017023332,0.1930435201,0.3886687762,-1.08553493,0.4916140437,1.492048383,1.120228291,0
-0.3370935269,0.06335631932,0.330051529,-0.1857814342,1.201793432,1.255611181,0.1929021627,0
0.02580236251,0.1149215563,0.391515626,1.350099683,0.4519446194,-0.1730752885,1.308257103,0
0.07924890172,0.0250927107,0.1580785206,0.3067514002,1.192436814,-0.7081711292,-1.507091761,0
0.4008265161,-0.06195005604,0.07181181539,-0.1533424109,-1.248530865,0.9651728272,0.250677228,0
-0.2909358403,0.2464293103,0.1269181853,2.438830376,-0.9427960515,0.5259218812,0.7034057379,0
0.1027193737,-0.2080076623,0.3245583615,-1.111941099,0.1657865196,0.5563828349,-0.9509029388,0
-0.1588112391,-0.05454287388,0.3529399994,-2.810766935,0.06469719112,-0.04689524695,1.659560204,0
-0.1847877413,0.1598441089,0.05062116856,2.428449154,-0.7397815585,0.5601837635,-1.648397088,0
-0.001309972881,0.1359137776,0.4399730278,-1.561181068,0.9547687173,0.3809108734,0.9995838404,0
-0.2795665743,-0.2173804516,0.138913199,-2.480684042,-0.5823935866,0.5416625738,-0.5045853853,0
-0.01193334375,-0.06327134695,0.1210131021,-1.7572124,0.2888995409,-0.5524706244,-2.094395161,0
-0.1203785417,0.09786085838,0.2509661695,2.459009171,1.017281413,-0.6041542292,-0.5051095486,0
-0.01164300074,-0.2543776068,0.4207884626,-1.616534829,-0.3534294963,1.05754137,0.3042821586,0
0.2335890469,0.1972479262,0.2213785472,0.7014422417,-0.3959237933,-0.053051956,1.178570867,0
0.106512444,-0.02884165787,0.1719694598,-0.2633903623,0.6563230753,-0.3195918202,-1.722490788,0
-0.110019428,0.2135576554,0.3124376773,-1.095058918,1.507558346,0.03352630511,1.475426435,0
-0.3297699093,-0.1053227583,0.2897174224,0.3091424108,1.487074971,1.290040851,-0.645958066,0
0.3852424579,0.08545918883,0.09544953785,0.2182971686,-1.071461201,0.6966645718,0.465936929,0
-0.03380156443,-0.1321057686,0.223620899,-1.821305752,0.2853002548,0.3131407797,-2.025061846,0
0.1611684004,-0.1785511034,0.06468209012,-0.836389184,-0.5288575888,0.3220207393,-1.461883545,0
-0.1401323212,-0.06886279766,0.2808652394,-2.684810638,0.3729936182,0.4756795466,-1.671915293,0
0.2855187651,0.2558868155,0.1647170247,0.7307245135,-1.088191986,0.8419036269,0.839944303,0
0.2897750577,-0.09602520935,0.3683694352,-0.3199901581,-0.5052342415,0.9797865152,0.3934828341,0
-0.04388336132,-0.04123572225,0.360349453,-2.387198687,0.6642540097,0.7921276689,-1.708609104,0
-0.2636128739,0.03366167636,0.2435929449,3.014594316,-0.2013376951,0.7879145145,-1.3771106,0
-0.09275926682,-0.3483898014,0.06514556996,-1.831010818,-0.7908619046,0.4674632251,-0.290148288,0
0.1348161471,0.1249345702,0.06265981847,0.7473067641,-0.0551232025,-0.3547055125,-1.150505304,0
-0.1156031727,-0.3139794746,0.2740084983,-1.92358005,-1.150074959,1.376464367,0.9788686037,0
-0.1923294278,-0.1377357112,0.0945378623,-2.520713329,-0.5996755362,-0.7194489241,1.810878277,0
-0.3007927689,-0.1207432127,0.07846880901,-2.759801149,-0.5344929099,-0.1693120897,0.4922297597,0
0.08415685511,0.3080698874,0.1455231786,1.304090142,-1.115260363,0.5164765716,1.702366829,0
0.08600773972,-0.2887009343,0.09075685622,-1.280987859,-0.2889416516,-0.2398260385,0.02302093804,0
0.1450452729,0.1166180198,0.1865539919,-2.464527845,2.152566433,-0.9067101479,2.03350687,0
-0.04426647339,-0.2692479135,0.2569048539,-1.734600425,-0.03119650483,0.4852178097,-0.9589782953,0
-0.147369396,-0.06597560061,0.3630640269,-2.72066164,-0.7802984715,1.476263046,1.672812581,0
-0.2108077159,0.3227814147,0.2244646198,-0.992246747,1.552838206,1.030888319,0.4789502025,0
-0.2392618857,-0.01936924585,0.3760355227,0.08079927415,1.288583755,1.17465055,-1.004652619,0
0.3778995796,-0.04804702473,0.03232053434,-0.1264640093,-1.083971977,0.7630602121,-0.2529115379,0
-0.1185964283,0.1106310549,0.02255294363,2.390929222,-0.9435786605,-1.098660827,2.094395161,0
0.03188890116,0.3736065389,0.1637037707,-1.655944109,1.896422148,1.245278239,-0.8444893956,0
-0.03784864733,0.2018191533,0.3068124512,1.756181598,0.3022573888,0.4333902895,-1.140441179,0
0.3056364229,-0.2042911778,0.03975763796,-0.5892091393,-1.052176118,0.3573548198,0.6631100774,0
0.2253168538,-0.3198651389,0.151980199,2.184450626,1.838523149,0.7947558165,0.6642609835,0
-0.07150827918,0.03812664099,0.3637599072,-0.4888033867,1.660912156,-0.03298107535,-0.7242605686,0
-0.03028268115,0.1883770456,0.3158803612,1.730250001,-0.3676171303,0.3356976211,2.030132294,0
0.1775407229,0.1274917146,0.2570153623,0.6224410534,0.2289620489,0.3173868954,-1.227167249,0
0.2873605094,0.2137295686,0.1942854527,0.6394939423,-0.5712410808,0.3043913543,0.5772794485,0
-0.3193932295,0.1048541434,0.124877609,2.824210167,-0.4969927967,-0.06738859415,0.5779301524,0
-0.2009471998,0.02170972188,0.3489982452,-0.107629329,1.827452421,0.1772012264,-0.4904965162,0
-0.07236725382,-0.2103816199,0.2447233237,-1.902111411,-1.284270287,1.570796371,2.011279583,0
-0.02756333583,0.3502653176,0.07737479705,1.649340034,-0.8704897761,0.8348047733,-0.8866904378,0
0.0427955585,0.2561511165,0.4120729823,-1.736337066,1.089675903,0.9271886349,0.3514470458,0
-0.2579230298,-0.1105715139,0.1083430939,-2.736591816,-0.1614257544,-0.1274594367,-0.5069506168,0
-0.1017661518,-0.1431582093,0.4681492367,-2.18876195,-0.002327829599,0.9894884825,0.008775375783,0
-0.1109489852,-0.01536041869,0.1263693746,0.1375714689,-2.038264513,-1.902498245,0.8659908772,0
-0.07373256634,-0.2556195005,0.2729100235,-1.851642489,-0.05986117199,0.6391693354,-1.092134476,0
-0.06729445327,-0.2489276004,0.1668685177,1.306770205,2.166755915,-0.4309149384,1.770991802,0
0.198473151,0.1491756386,0.05751502482,0.6450686455,-0.7491570115,0.6232241988,-1.68466413,0
0.3327386905,0.1411018699,0.1438856194,0.4011612535,-0.6481291056,0.2218160033,0.5666429996,0
-0.09228508624,0.06216987274,0.3202230503,-0.5936323404,1.910149932,-0.06405831873,-0.9842845798,0
-0.3418771016,-0.02438485424,0.246367093,-3.070415258,-0.4002636075,0.3271683455,0.4418914914,0
-0.008017056905,0.2347811746,0.1751666336,1.604940057,-0.4017523825,0.8210288286,-1.912240624,0
-0.1218293732,0.3282779095,0.1201985714,1.926154137,-0.5364663601,0.2862832844,-0.1848424375,0
0.2351171946,0.01395471896,0.05828962634,0.05904740095,-0.8551052213,-0.6184782982,1.925245881,0
0.1280948888,-0.1371523127,0.2870636099,-0.8195124269,-0.09777763486,1.126648188,-1.97031641,0
-0.0200237396,-0.03781806191,0.1909576845,-2.05885601,1.655503392,-0.6701424122,-1.564640284,0
0.1481976603,-0.09012879732,0.3111629333,-0.5460883975,0.2209348381,0.7599306107,-1.624166608,0
0.1582897989,-0.2668957343,0.1275281104,-1.035572529,-0.8381813169,0.001569362357,1.573825598,0
0.2659620247,-0.1557164411,0.2881662517,-0.5296000838,-0.3097831011,0.9012017846,-0.8475162387,0
-0.05117638472,-0.3417935511,0.273049671,-1.719412208,-0.4353379905,0.7636731267,-0.2860552669,0
-0.100723393,0.05623139734,0.4778789574,-0.5090941787,0.7796913385,0.7035796046,0.5654644966,0
0.2613523287,-0.1244241929,0.1416049415,-0.4444823861,-0.3463301063,0.430727005,-1.120072007,0
0.3180532024,0.2380697274,0.08462989191,0.6425541639,-1.217890859,0.8311877847,0.5777719021,0
-0.08583794531,0.3726530227,0.07956155871,1.797210932,-0.980825603,0.4843757451,0.4987227023,0
0.2690151047,0.1335153987,0.07579115504,0.46067819,-0.502061367,-0.3941192329,0.8341232538,0
0.04979031053,0.1746537259,0.3058632396,1.293088794,0.3599159122,0.4679597914,-1.33848846,0
0.2437666145,-0.2333179664,0.2483783502,-0.7634987831,-0.6182698011,0.4317893982,0.994327724,0
-0.0797704959,-0.2202734676,0.4373790064,-1.9182477,-0.2965506315,1.083001852,0.2688893378,0
-0.003838025962,-0.1861260114,0.07467324618,-1.590743065,-0.2542003989,-1.21124649,1.54298079,0
0.2917103659,0.13561356,0.05750462625,0.4351752996,-0.8285086155,-0.1287204325,1.094099879,0
0.2229697292,-0.04885892428,0.03302178855,-0.2156110257,-0.1356958896,-0.7015830874,0.01852508076,0
0.007856085601,-0.3293294973,0.1943190046,-1.546905518,-0.2923029065,0.3487051129,-0.4382035732,0
0.1520428134,0.324939934,0.224592772,-2.008443594,1.624961257,0.691475749,0.959372282,0
-0.1632749494,0.2914623822,0.1909441972,2.081489086,-0.8073915243,1.381534934,-1.335689425,0
-0.2066644919,-0.2407057839,0.08980928833,-2.280235767,-0.4286300242,0.09020774812,-0.3785967231,0
-0.2853921926,0.03996516221,0.05155881777,-0.1391312778,1.653552413,1.203225493,1.927366495,0
0.1291701883,0.3742607559,0.043006661,1.238461256,-1.179224372,0.8285968304,0.059926413,0
0.272914691,0.137037376,0.06256412679,0.4651114941,-1.813900828,1.270871401,1.763475418,0
0.1950032145,0.05779172696,0.2613134792,0.2881224453,0.6564193964,-0.3935799897,-0.3288756907,0
-0.1662410499,-0.2827106651,0.3139400958,-2.102365017,-0.5404670835,1.23593545,-0.6702794433,0
0.1938037036,0.1477705763,0.0526189501,0.6512150764,-0.8036833405,0.6698448658,-1.759700537,0
0.3940600353,0.0525002893,0.09451641052,0.132448107,-1.072731853,0.740265429,0.3576279879,0
0.2571117902,0.07846188239,0.2542496876,0.2961801589,-0.1691373885,-0.2304047197,1.277946353,0
-0.1926975582,-0.03061892863,0.142111003,-2.984222889,-0.269328624,-0.997366786,1.956845045,0
0.2357376588,0.2468211345,0.03199311015,0.808352828,-0.940050602,0.06928877532,0.8213351369,0
-0.168996873,0.2396230055,0.2314427436,2.185043573,0.01362226717,-0.1730745584,0.3212362528,0
0.1957800952,-0.2258973378,0.1820876275,-0.8559960723,-1.502639413,1.419725418,1.683476567,0
0.04462760356,-0.07002018604,0.3732573828,2.138168097,1.09828639,-0.2972934246,1.659779787,0
-0.1526489714,-0.02344636815,0.3185358715,0.1523591876,1.361044288,-0.32324332,1.894084096,0
-0.1890241627,0.2599753144,0.1313337267,-0.9421105981,2.148702621,0.03542163968,1.425500393,0
-0.1548469968,0.2918832883,0.3190962472,-1.083039761,1.388926625,0.8047738671,0.6229072809,0
-0.1209034457,-0.1237845959,0.2919218352,-2.344782591,0.82183218,-0.6841019392,0.391702354,0
-0.3119102687,0.228710199,0.161552035,2.508893967,-0.9103150368,0.6629363894,0.5762581229,0
-0.1004781609,0.2688204014,0.1665282562,1.928309083,-0.001043327153,-0.3698067367,0.2458591014,0
0.2636975731,0.102292495,0.07257946167,0.3700339198,-0.7284132838,-0.4163079858,1.456751108,0
-0.06814638971,0.2643937387,0.3036373776,1.823050141,-0.95725137,1.169068098,1.485018492,0
0.05138898292,-0.1722242249,0.207399117,-1.28081274,0.3604302108,-1.071640491,1.455533743,0
0.1852102542,-0.1239352108,0.3658323418,2.551866293,1.476650596,0.08060197532,0.975722909,0
-0.2407029964,-0.2887891169,0.07873998956,-2.265631914,-0.863714695,0.4098797739,0.2579539418,0
0.1569175348,-0.2531026063,0.08857986686,-1.015817881,-1.880736589,1.53836441,1.725153685,0
0.2418161939,-0.02366413256,0.1107215931,-0.09754960239,-0.7999094129,-0.4194186926,2.094395161,0
0.08999335686,0.355814952,0.2248356483,1.32305634,-0.6361053586,0.5516899824,0.469183743,0
0.3208839974,0.002299988989,0.2368431873,0.007167489268,-0.1867618114,0.08605524898,0.2933487594,0
-0.09109094977,0.3729405525,0.1729392992,1.810419083,-0.9309048653,0.6939551234,0.6862802505,0
-0.2065553918,0.1927450924,0.3685885624,-0.7508257627,1.315184236,0.6394315958,0.6493931413,0
0.3038600469,0.09888577995,0.277036112,0.3146153688,-0.1868456006,0.3005627394,0.1278108358,0
-0.1133574843,-0.2149102183,0.09940576293,-2.056173325,-0.8457393646,-0.421119839,2.094395161,0
-0.2275633615,-0.2742221221,0.1712721175,-2.263459206,-0.5194189548,0.226120621,0.3836374879,0
-0.1180708979,-0.1323062469,0.06296065044,-2.299419641,-0.3046873212,-0.07124260813,-1.567516565,0
0.3904524571,-0.002437997804,0.07554463742,3.135348797,2.078764677,0.7200266719,0.6759956479,0
0.252814958,-0.03184786582,0.1428182498,-0.1253085136,-0.536493659,0.8203428388,-1.801229358,0
-0.348635846,0.1783303832,0.1379414617,-0.4727602005,1.924470782,1.235231638,-0.6300376654,0
-0.2826838738,0.1708727045,0.2675123842,-0.5436856151,1.835371017,0.8067996502,-0.6268427372,0
0.3744650041,-0.03805624229,0.2131075205,-0.1012723893,-0.6717791557,0.6457263231,0.2435759455,0
0.1125652306,-0.3089911584,0.05366393298,-1.221516609,-0.5992686749,0.06107168272,-0.07779359072,0
0.0648927535,-0.1637567101,0.1411723189,-1.19350481,-0.02168791741,0.09174105525,-1.777997255,0
-0.2279228833,-0.00520656372,0.3087046191,0.02284059301,1.577017903,-0.1171120554,1.494608879,0
0.02004890673,-0.2961050166,0.2600253523,1.638397813,1.805475116,0.05911666155,1.189215422,0
0.1933932247,0.1889611495,0.1280099482,0.7738678455,-0.60847646,0.8396331668,-1.693838239,0
0.2419978972,0.1344437681,0.290915511,-2.634495497,1.924562573,0.5261469483,-0.7619915605,0
-0.3014225208,0.0763826841,0.3079236417,-0.2482016236,1.636734366,0.9571690559,-0.7243073583,0
0.2746503228,-0.01936558927,0.05278443451,-0.06925752759,-0.3243027925,-0.216920495,-0.3735594153,0
-0.1081024852,-0.05208487179,0.3023143326,0.4489815533,1.619180322,-0.7882573605,1.716624379,0
-0.02575401556,0.4013674949,0.1394473954,-1.506716967,1.762302399,1.434257984,-0.5081070065,0
0.09167648405,-0.09686002678,0.3207036395,-0.8129064441,0.1808683872,-0.3495025337,1.994207978,0
-0.3117647745,-0.1600260442,0.1534108986,0.4742426872,2.071219444,0.2400536537,1.057160139,0
-0.3725971104,-0.05559518563,0.07619385934,-2.993495226,-1.096514225,0.5034480095,0.8278158903,0
0.1898985396,0.1980199192,0.3647028084,0.8059910536,-0.2330500484,1.078530431,-0.7302153707,0
-0.04393925186,0.1104996475,0.173801722,1.949691415,0.6195987463,-0.2901328206,-1.684272766,0
-0.2485034986,-0.1227728455,0.09875313058,-2.682715178,-0.5753438473,-0.4974085093,1.433573365,0
0.06881437219,-0.1000928528,0.02051445303,-0.9685462713,-0.0005492777564,-1.563823104,1.034780979,0
-0.01991635565,0.3052053708,0.2736025154,1.636009932,-0.3323899806,0.1520713568,0.9857481122,0
0.2717415409,0.2861353247,0.1726782742,0.8111934066,-0.9150367975,1.068064213,-0.3136729598,0
0.2990773355,0.206069755,0.186434612,0.6033178568,-0.6769109964,0.3710964918,0.7030861378,0
0.2554677395,0.1232702731,0.1302433512,0.4495745599,-0.08098564297,-0.1851165593,-0.3507668674,0
-0.3151142083,0.0842158056,0.1338447631,2.880039215,-0.3420480192,-0.1027129292,0.2734977901,0
-0.01169300794,-0.0923539579,0.3757257111,-1.69674015,0.6039408445,-0.3770723343,1.422010422,0
-0.08430399905,-0.162535186,0.2804047028,1.092315674,0.5182762742,1.570796371,2.090158463,0
-0.3221152486,0.1702100227,0.07671525449,-0.4861218929,2.088302374,1.401438594,-1.123368979,0
-0.2889932171,0.1204777932,0.0791202316,2.746385098,-0.4058064222,-0.1551534981,0.06628856063,0
-0.02500919797,-0.1187850795,0.1831790758,-1.778288841,0.7174492478,-0.322856009,-1.571840286,0
-0.0248247376,0.2192024537,0.2700104079,1.683562756,0.1969842762,0.4119082987,-1.240412235,0
-0.2575841761,0.05905374025,0.3732512694,-0.2253710628,1.397872686,0.9694138169,-0.6492595673,0
0.04561914479,-0.09174554835,0.3392929383,-1.109337687,0.488442868,0.7857480645,-1.765469909,0
0.1747554306,0.2380003076,0.1832693579,-2.20413065,2.036395788,-0.1178243533,1.522995472,0
0.04103589074,-0.1881435525,0.144133173,-1.356040597,0.2305891216,-0.1905419976,-1.275004387,0
-0.03078790263,-0.003173049164,0.06792375275,0.1027995422,0.06821080297,-1.255838275,-1.758617043,0
0.1065035005,-0.02023802915,0.2729409254,-0.1852811575,0.7326771021,-1.074572682,1.656014562,0
0.2402521848,-0.04457813857,0.2723386807,-0.1826238036,0.2225772738,-0.4247533083,0.817491591,0
0.1840379737,-0.09701310142,0.3227814361,-0.4860495329,0.2100681067,-0.3168456256,1.210576534,0
0.1302267158,0.2433500647,0.2718909695,1.079433084,-0.2396339476,0.9219775796,-1.263188481,0
-0.2829061107,-0.1834807823,0.2368397892,-2.566000462,-0.4916303456,0.9246793985,-0.831215322,0
-0.2982902096,0.2423989455,0.2146771138,-0.6823936701,1.572422504,1.463616729,-0.5936006308,0
0.03431541502,0.1730441933,0.2011199975,-1.766529679,2.18033433,0.3743576407,-1.896354437,0
0.1790516456,-0.1202497722,0.2532649464,-0.5914035439,0.4198679626,-0.6994965672,0.8632888198,0
-0.1960234124,0.1233166555,0.4353926631,2.580044985,-0.3747578561,1.501638889,-0.4696281552,0
0.03056223592,-0.115788267,0.3550283727,-1.312740207,0.3182438612,-0.2728471458,1.748113155,0
0.03336551197,-0.277075076,0.2962942327,1.690756202,1.887444854,0.5593563318,-0.7410802245,0
-0.2055017261,0.3330261361,0.2231785336,2.123675585,-0.9486935139,1.083212137,0.2379235923,0
-0.1160157526,-0.005696378311,0.3175993312,-3.092522144,0.6698515415,0.367813915,-1.491708755,0
0.239416971,-0.02783361051,0.1991814308,-0.1157362759,-1.467595577,1.570796371,2.052585125,0
-0.1903023941,0.2008231485,0.2448977645,-0.8122788072,1.888413191,0.9191170335,-1.386160016,0
0.210204779,-0.1974069455,0.3656112403,-0.7540143132,-0.4380791783,1.359177709,-0.7371380329,0
-0.1966204931,-0.01101416416,0.08781220303,-3.086117983,0.4072132707,-1.00114131,0.02733816952,0
-0.2995761263,0.05302774676,0.361298409,2.966398001,-0.4172615409,1.156822085,-0.4242957532,0
-0.04610246175,-0.2746688739,0.1732849124,1.404488564,1.895766377,-0.01315018069,1.875764728,0
0.01137761092,-0.338162533,0.2235107988,-1.537100792,-0.469882369,0.8222908974,-0.7809699178,0
0.02736005932,0.1567379598,0.1791944614,1.39809382,0.1141889468,-1.198086262,1.927140594,0
-0.1529140176,0.180551847,0.1560101137,2.272597075,0.122423023,-0.1004312485,-0.9643378854,0
-0.01974627493,-0.1939173264,0.2313302446,-1.672273278,0.2163821608,-0.8497559428,1.53659761,0
0.01682259745,-0.2874128421,0.1373233902,1.629260659,2.181661606,-0.1998551637,1.684575438,0
0.1609700424,0.2991098464,0.2947405574,1.07708478,-0.5428429246,0.6521035433,0.5867426991,0
0.03959190328,-0.2268638424,0.1917286633,1.743574739,2.129075527,-0.6070520282,1.814687848,0
-0.3288316315,-0.06671585868,0.3421174814,-2.941422224,-0.7017938495,1.250491142,0.1000781953,0
0.2940804432,0.1735816215,0.2664905995,0.5332247019,-0.6287952662,1.246865034,-0.8575297594,0
-0.1127044103,-0.3004109208,0.07020820285,-1.929766297,-0.4879988432,-0.1075666025,0.1300149709,0
-0.09499805944,-0.290170566,0.2430779623,-1.887084126,-0.3010799885,0.7698718309,-1.005415082,0
-0.01926000948,-0.01002313342,0.3087072767,-2.667336702,1.014073491,0.3943808377,-1.862429738,0
-0.06084982657,-0.0399478004,0.3183940285,0.5808364749,1.34537518,-0.7783926725,1.840770125,0
-0.3959878913,-0.03585289573,0.02458380911,-3.051298618,-1.376126647,0.9374784827,0.3539424241,0
-0.2054596948,-0.2226685771,0.1207573082,0.8255720735,2.181661606,1.151101351,-1.622662544,0
0.2527552385,-0.08035102027,0.03481156684,-0.3077476025,-0.6140623093,-0.6090825796,1.120808005,0
0.04822725491,-0.3747906245,0.1569452386,-1.44282198,-0.8459682465,1.049488783,-0.6742434502,0
0.2139275614,0.1010903678,0.126579021,0.4414482713,-0.3095245361,-0.8073132038,1.570750475,0
0.3248951506,0.01515759536,0.134998621,0.04663933814,-0.4054937065,-0.162109673,0.6096974611,0
-0.1682480652,0.240875524,0.1163308998,2.180623055,-0.2666072249,0.09243968129,-0.6814056039,0
-0.08091761366,0.2338158599,0.3313194069,1.904257655,0.003909572959,-0.01019720733,1.008756161,0
-0.3521807056,-0.1708727901,0.1014992718,-2.68987298,-1.022716045,0.6333520412,0.4970891476,0
-0.0249790491,0.1934882886,0.3248773065,1.699235678,-0.09402160347,-0.03745388985,1.747259855,0
0.04043782043,0.02747618524,0.4714629236,0.5968440175,0.4560273886,0.4289657772,0.8371689916,0
0.3608500111,-0.1610962057,0.1825133031,-0.41989097,-0.91008389,0.8645249009,0.2640955448,0
-0.01659415093,-0.2794553091,0.1875435128,-1.630105495,-0.3256551921,-0.3689777255,1.361939788,0
0.129965459,-0.0459613156,0.07221800095,-0.3394562006,0.8430802822,-1.61836803,0.5388807654,0
0.169904717,0.2137508451,0.2056769509,-2.242403269,1.059018373,1.313594222,1.887573242,0
-0.05993983228,0.1217786157,0.4210228056,2.028213739,0.3891893327,0.08169990778,0.9256823659,0
0.07494743948,0.3065574489,0.3258613713,1.331014395,-0.3527799547,0.5522457361,0.5050904751,0
0.3496801213,0.127097685,0.07705745025,0.3487838805,-0.8198160529,0.3849969804,0.14779374,0
-0.3233923677,0.1671406565,0.2055593915,2.664585829,-0.56614995,0.7216002941,-0.3745022416,0
0.2930684813,-0.2488221354,0.06094836392,2.437721729,1.933069229,0.9120746255,0.9067623615,0
-0.2556110873,-0.08299183616,0.03705901794,-2.828024864,-0.3759365082,-0.5524560213,0.4273051023,0
-0.3074629449,0.01945328653,0.1796505084,-0.0632262975,2.088092327,-0.08514796197,1.358646393,0
-0.1876526932,-0.1720163419,0.1038354852,-2.399653673,0.05000770092,-0.6228351593,0.1202064306,0
-0.173288542,-0.02998799879,0.3195427367,-2.9702456,-0.9404018521,1.522370338,1.897546411,0
0.1321136668,-0.1303978848,0.187223479,-0.7791538239,0.4632224739,-0.2209210396,-1.17047596,0
-0.1323919357,0.1085784546,0.159082682,2.454696894,-0.06759275496,-1.152039289,1.970955133,0
0.2398432299,0.273594413,0.09275388053,-2.290553808,2.139780521,0.4043635726,1.04604876,0
0.2252468092,-0.2452989546,0.2601850677,2.313605547,1.839988708,0.8502116203,-0.6821978688,0
-0.2247729636,0.09779064461,0.04773174735,2.731253624,-0.1600981653,-0.6838362813,0.2251492292,0
0.01895777953,-0.3632844465,0.2279963544,-1.518659234,-0.6114814878,0.5218195319,0.4898492694,0
0.1903328232,0.301795922,0.2767833028,1.008134604,-0.5941112041,1.019375324,-0.353453964,0
0.2625727105,0.1284558648,0.05716148896,0.4559267163,-0.4680055082,-0.4393304586,0.6574423909,0
-0.09075347449,0.2734570915,0.3205126153,1.891233563,-0.9509945512,1.260427356,1.210271239,0
-0.311092482,-0.2050002248,0.1877754291,-2.558962822,-0.7827361226,0.526835382,0.70457232,0
0.1902103045,0.06732400755,0.3686715334,0.340559274,0.3051327169,0.5338259339,-0.7785723209,0
0.1157197577,0.259646179,0.3277874132,-1.990053058,1.743433833,0.5697424412,-0.4299198389,0
-0.2454359509,-0.2529982521,0.2079145291,-2.341023445,-0.517555356,0.2825447023,0.5802611113,0
-0.142396042,-0.05098304817,0.2384650598,-2.797881126,1.153686643,-0.9767394662,0.08976720273,0
0.3333137125,0.05006647127,0.1275983185,0.1491768062,-0.4689990878,-0.04633903503,0.4692515433,0
-0.03743767092,0.1102000958,0.2196315406,-1.243304968,2.181661606,-0.02171290107,-1.778009057,0
-0.2725064822,-0.00686207477,0.02330094541,-3.116415262,-1.330093384,1.45075953,-1.961129189,0
0.1457997092,-0.3020035893,0.08871756418,-1.121036768,-0.6527948976,-0.07859246433,0.7512792945,0
0.3186052714,0.1773871392,0.1082014997,0.5080156326,-0.9287325144,1.068127513,-0.9293746948,0
-0.03083316437,0.1404063125,0.08376802339,1.78698957,-0.3111723363,-1.450518131,1.936663389,0
0.2514181595,-0.1503632921,0.3621616102,-0.538980484,-0.3046065271,0.6444844007,0.5028127432,0
0.1419271117,-0.05384981313,0.1496646439,-0.36263901,-0.08596129715,-1.285074949,2.094395161,0
-0.01406891984,-0.1248112302,0.1289392986,-1.683043957,-0.04703441262,-0.09107348323,-2.094395161,0
-0.2449900814,0.0210771847,0.2927485506,3.05585742,0.08511608094,-0.2783151269,1.049296141,0
0.07896890165,-0.01145511851,0.487444592,2.997484207,0.7740114331,0.9351677895,-0.3293477297,0
-0.0667881267,0.2801502181,0.3043280321,1.804827332,-0.2428897321,0.17078197,0.9833280444,0
-0.05364902848,0.2292330973,0.03371601021,1.800679445,-0.7945557833,0.5281646848,-1.65855968,0
-0.1874594517,0.1496652742,0.4262263636,2.467835903,-0.1938491762,0.8831868172,0.2778313756,0
-0.007125667277,-0.296484927,0.08375862348,-1.594269872,-0.6557176113,-0.363476932,1.271040559,0
-0.03455110485,-0.3046874133,0.3528424326,1.457879901,1.427325726,0.7162355185,0.3162440658,0
-0.07978067051,0.1374435853,0.4463527455,2.096709013,0.3013527393,0.6799761057,-0.2911694944,0
-0.2523647576,-0.1448537864,0.275812568,-2.620507002,-0.428165555,0.1956537217,1.314011455,0
-0.295451985,0.01880678325,0.2391198253,3.078041553,-1.224156857,1.253561616,1.590163112,0
0.1776629842,-0.1358916339,0.2599155317,-0.6529856324,0.2416583598,0.279069066,-1.126792908,0
-0.1418471642,0.2912760708,0.2346828098,2.023977757,-0.3611328602,0.0911514014,0.8122292161,0
-0.0768296159,0.02655578803,0.3479393242,-0.3327410221,1.287120342,0.6685919166,-1.658381462,0
-0.1150919468,0.06562133033,0.07095246399,2.622114897,0.5331212282,-0.8799370527,-0.9761644006,0
-0.1855761039,0.2146823329,0.2185743657,-0.8579889536,0.9001376629,1.570796371,1.623429656,0
0.04666941088,-0.3315773634,0.2342877568,-1.431329012,-0.6326191425,0.3618827462,1.088032961,0
0.2349477348,-0.2649465783,0.09622241235,-0.8453363776,-0.7894184589,0.1341515929,0.7935689688,0
0.1825622421,0.07198212353,0.0316446001,0.3755549788,-0.4947658181,-1.078508496,1.428550482,0
-0.1437295749,0.2943063384,0.2876851013,2.025094748,-1.130371571,1.418012619,0.9541968107,0
-0.2391771416,-0.1230222269,0.02554936417,-2.666527033,-2.054637432,1.425463796,1.953516245,0
-0.2368452237,0.007238103833,0.03298479874,3.111004591,-0.9252958298,-0.6083219647,1.828410268,0
0.3288198747,-0.19333599,0.1726318366,2.610077381,1.683056474,0.8679720163,0.8626471758,0
0.3884940074,-0.05157993476,0.1725663466,3.009595633,1.816906095,0.8090720773,0.5200179815,0
0.2962357749,0.00668901772,0.2861807156,0.02257701196,-0.09139402956,0.5035142899,-0.5544547439,0
-0.1240632585,0.1512842019,0.06644374913,2.257654428,-0.4829213619,-1.08404088,1.730398536,0
-0.2409063632,0.1897095158,0.2356712444,-0.6671387553,1.028159261,1.351158142,1.469097614,0
-0.1073222838,0.06941308219,0.2303806661,-0.5741026998,1.856227398,-1.088375568,2.094395161,0
-0.0304572851,-0.02023655067,0.2506879355,-2.55617857,1.000684023,0.08159324527,-2.051359892,0
0.2373362027,0.1447543127,0.06082378935,0.5479632616,-0.4424262345,-0.5652841926,0.8581901193,0
-0.2165879873,-0.2552332147,0.044121941,-2.274470091,-0.8597625494,-0.0219402276,0.8626158834,0
0.1228331095,0.2902196782,0.182158906,-1.97117734,1.388147235,0.9630300403,1.67825222,0
-0.1641868787,-0.02706679336,0.09281348715,-2.978321552,0.4352483451,-1.40829885,0.887083292,0
0.09550395644,-0.03975529629,0.453542663,-0.3944520056,0.4424295723,0.2803075612,0.692127645,0
-0.3247013921,0.1946434345,0.208245515,2.601574659,-0.7502601743,0.6626684666,0.435703665,0
-0.3169591718,-0.1211185653,0.316385019,-2.77658844,-0.6048408747,0.8717532158,0.4565770626,0
0.1848449728,-0.1608158035,0.3658917165,-0.71593678,0.1135101989,0.5579656959,-0.4607625902,0
0.2393079728,-0.2648590552,0.3061368086,-0.8360344768,-0.7628054023,1.162137628,0.1669220328,0
0.06228016339,-0.02569357703,0.324769423,2.750032902,1.795203805,-0.1330992579,-1.011224627,0
0.01819703002,0.1208220494,0.3280007265,1.419926643,0.5595146418,0.5320882201,-1.552562237,0
0.1614477258,0.2563948898,0.3460201705,1.008835435,-0.3509038985,1.067941189,-0.5656369328,0
-0.1164228072,0.1488151525,0.21908935,2.234668732,0.3547873497,-0.9788464904,1.373167038,0
-0.3450730383,0.1465866435,0.1607428111,2.739894867,-0.757257998,0.4389546514,0.5713863969,0
0.1466135552,0.1888692934,0.197617013,0.9100648761,-0.2085104734,-0.5901025534,1.660618424,0
-0.05203342869,0.1033970831,0.4789770418,2.036812782,0.04720770568,1.416590929,-0.6978622675,0
0.276897429,-0.09410146619,0.2158184103,-0.3275741637,-0.447968632,-0.09178352356,1.422604442,0
0.3786419813,0.1494167114,0.1118757329,-2.765742302,1.807353973,1.436138272,-0.4212239385,0
0.05802135133,0.1967804218,0.2300289944,1.284614682,0.0964647308,-0.7587198019,1.611163616,0
0.00847917157,0.08812775822,0.3181018996,-1.666816711,1.820640206,-0.02708814666,-1.139874458,0
-0.08433741663,-0.06403651325,0.05413472697,-2.492159843,2.120531082,-1.688338518,-1.068714738,0
0.08490809586,0.1767342958,0.0245014782,1.1229285,-0.3556816578,-0.2146172374,-1.119854927,0
-0.04922365982,0.350890597,0.1996471515,1.710168958,-0.4693708718,0.2880768776,0.3287519217,0
0.06209557947,0.3298082517,0.1080334778,1.384699702,-0.7975311279,0.03020220622,1.156709909,0
0.1587821798,-0.2296428656,0.2219313843,-0.965991199,-0.1750437319,-0.3254269361,1.160232425,0
-0.1765500201,0.3583963947,0.03081583362,-1.113077283,2.081883907,0.9947859049,0.3984158933,0
0.01402030017,0.1190309985,0.06213255799,1.451102257,-0.08329552412,-0.4398175478,-1.61020124,0
-0.1058807284,0.3869296063,0.07162865611,1.837900877,-1.222030044,1.17913568,-0.389427036,0
-0.3806670946,0.1142620372,0.1312489464,-0.2916060984,1.809603095,1.438670993,-0.6306695938,0
0.2081477761,0.1390724393,0.1793122641,0.5890263319,-0.02598548308,0.2235546708,-1.176928759,0
-0.04910654222,0.2777185212,0.1317276564,-1.395784736,1.195103049,1.535498977,1.858346581,0
-0.007503743011,0.1413058347,0.0606516627,1.623841763,-0.1491470635,-1.50490725,1.556562901,0
